userID,bookID,prediction
u17832892,b51986055,3.8877669356269196
u94058414,b95439113,3.5455933977574077
u54876772,b61970919,3.9867935416666667
u27182378,b29199360,3.40413623015873
u00343094,b17138341,3.2475238456121085
u55453694,b70912031,3.7548031044759336
u53021409,b04222499,4.111115253672063
u26001504,b15025576,3.6200132065217385
u48139087,b56425922,4.357001428571429
u70455688,b09902724,3.644640137011326
u28953105,b07142228,3.900715141129032
u36945000,b51326446,3.751750741421568
u97475837,b50500341,3.492395
u68002923,b37068431,3.8217514845075726
u88982175,b96621963,3.875332169117647
u52168464,b11734216,4.065700620300752
u91756228,b80070869,3.768171826526814
u53125666,b37073691,3.87769836356523
u79194318,b28801125,3.5546621654929575
u72751138,b74874001,3.5590663023679414
u59622201,b76141146,3.5368475641025636
u20171277,b98256804,3.695445309106706
u45375749,b70912031,3.9481938523391813
u65313704,b09614554,3.7771640952380947
u36308322,b22931155,3.5086115315315314
u11927701,b19822827,4.1958760732323235
u75318183,b99620979,3.656502772463768
u28955320,b52467549,4.142048598130841
u11355295,b49740475,3.874280463224979
u99482094,b59207489,4.04250994047619
u62783053,b63310868,3.675248035714285
u42294816,b88198181,3.5877151929479414
u41535627,b77508650,3.728837225313927
u54901177,b59032154,3.938612113095238
u05764663,b02029908,3.4872812202380947
u79511695,b04588843,3.744215595238095
u54086461,b50384790,3.54435449845679
u27166914,b04947348,3.2737294035414726
u94485198,b40225936,2.941862638888889
u41108799,b75995832,3.5907028015781215
u81834592,b45985779,3.8698410416666666
u29314456,b29576446,4.056600427678636
u06990044,b21674268,4.224293305706825
u30407176,b11179371,3.665526851430109
u13082043,b43695301,3.778805873015873
u45728403,b67423323,3.4728448847609217
u62494430,b34466452,3.7851288563758834
u31155331,b78180005,3.708372873281274
u57264215,b09979253,3.8443078302062395
u00012433,b90354954,3.723901277777778
u28186083,b05289257,3.6625280871303434
u39657659,b33230428,4.069207785336356
u54788542,b36717912,3.620060654761905
u40119804,b76932568,3.483926375
u36011321,b73029799,4.060562713783094
u61269446,b52648851,3.879786640571817
u80545919,b22534885,3.5073503746118013
u74891931,b75612001,3.883814573863636
u96576490,b15268547,4.072071164645103
u83326261,b71663032,3.4678211744584946
u86826285,b76606700,3.8431558928571428
u22892814,b15534810,3.674454606592238
u31228908,b90916310,3.740754037176274
u53146670,b23985802,3.572290183531746
u53489985,b25847150,3.4901891420041533
u12581800,b06655641,3.8511235
u64880476,b76329691,3.883603291787439
u14039822,b02984754,4.200514397321428
u37354712,b26138336,3.5623811719813303
u81649665,b26651756,3.755386342923618
u80395525,b32521851,3.9164813424947145
u76463070,b93745301,4.185939242489692
u79736122,b97302773,4.059911891579283
u63407690,b29452634,3.459733482142857
u10690686,b95511741,3.985085391481191
u44451907,b20537286,4.000506630244755
u17015883,b07812624,3.8830005532241385
u67196969,b58654737,3.493883063791554
u46524447,b29802159,3.408617094298246
u42317649,b92536464,3.724751553030303
u11513655,b25485861,3.221553118437666
u02351030,b08135061,3.3886043887147332
u67709372,b40650642,3.779262769340998
u04100661,b33298668,3.6833012209451237
u86198553,b11179371,3.2374331997876338
u38469672,b84003655,3.3443868944099373
u28665443,b12151882,4.227843779033527
u82772573,b65216323,4.195054530478858
u98818379,b35526856,3.7799191521233273
u85952629,b88487078,3.7426863452082335
u16778523,b58177693,3.9658504365079366
u31250324,b44488728,3.0262667045454545
u71934069,b06167371,3.5374937277123015
u20320947,b91793651,3.424143476471445
u92796604,b14653724,3.704965743589743
u31228099,b51735088,4.022147420123163
u22452383,b33699537,3.7747349130361365
u49906594,b09800397,3.9650857738095233
u02600265,b72512930,3.789640372831465
u29574023,b25811713,4.021251442307692
u64076044,b15439387,3.9002145486496484
u53259713,b84394767,3.835591305443548
u13315205,b83689359,4.029001666666667
u35076434,b79928088,4.153903180051773
u03416441,b67351913,4.141698265624999
u28345292,b70440869,3.388001842621664
u53888663,b97444387,3.6824571887351776
u82303431,b41331137,3.7115071976595573
u54840543,b76875015,3.7017463261602286
u97482686,b95295873,3.4073302857142855
u73369160,b39410493,3.4093487806372553
u25005896,b95822040,3.64340517319156
u84578291,b66908318,4.021495452069717
u45714900,b04493477,3.763322752291935
u64921673,b60479803,3.4111767871352785
u95892453,b54695184,3.830995157424812
u44398147,b27563355,3.856137653508772
u00679942,b95816463,3.796630150190114
u41067269,b97887852,3.70585132837965
u57620203,b39994787,3.901587046867527
u42200370,b63791555,4.055280055363544
u40520440,b60434059,3.813485913994757
u36472940,b74882779,3.485480672348485
u13852037,b48132407,3.957917857142857
u81440944,b52485134,3.470559602088661
u36329394,b38399229,3.714858013268229
u49373453,b75920771,3.6368373232886904
u64738765,b20071798,3.446060244107744
u28295934,b64424298,4.053851083333334
u73728143,b93241768,3.84120650655999
u71313113,b54369491,3.6525793103448274
u43607227,b45033558,3.633922627286013
u79558356,b87439329,3.132720042613636
u95803602,b22785797,3.790801259259259
u19945954,b44270946,3.3875871111111104
u85084155,b69294942,3.766151293238994
u60814873,b01899333,3.7035035067783095
u27524637,b16000102,3.867786756628788
u45094749,b89833966,3.341155769230769
u08080153,b47096249,3.7099727034649472
u01779047,b09589765,3.7358340103220034
u64165144,b80143734,3.5370287637362634
u10603381,b15439387,4.0495458276157805
u87687063,b31815290,3.7519479809437386
u69591350,b52485134,3.314590859053498
u37835157,b37548208,3.8980445714285716
u26558551,b92431670,3.9423292415935673
u42651867,b30907758,3.9859330427631576
u24626448,b23029053,3.5426681971582563
u21907754,b17585340,3.7708719172868896
u25820876,b60562440,3.568271666666667
u59178162,b20071798,3.647218306878307
u44566646,b97317113,3.945085277777778
u74163226,b34463991,3.7396831954417435
u72187912,b19867465,4.009471670110193
u39265208,b42903412,3.9163520745622664
u81769131,b01645723,3.486737137681159
u06501193,b07378867,3.8122215478056423
u94274049,b18330963,3.8488928015350874
u92098250,b08545824,3.9103169247844956
u06119316,b93475213,3.5715412367761266
u53103846,b02833529,3.391901833333333
u13263607,b38030355,3.5507425925925924
u96435276,b30331659,3.9416793405063513
u30212905,b02880533,3.9981701867545505
u91527704,b22050161,3.7343132069334644
u23731178,b05154189,3.748758865979235
u34189495,b24644027,3.6563619184491976
u04167888,b52217488,3.8002559395669695
u30756818,b75817040,3.5162083954831935
u82053704,b68504138,3.797654722222222
u18431020,b80754789,3.4498679999999995
u77151315,b70930132,3.3600621421255648
u69453224,b55067058,3.6577977876984127
u14840127,b34231324,4.376861666666667
u80157623,b82150877,3.7976261285936284
u74621837,b44849506,3.68234884977827
u64051107,b91561409,3.3755990819906443
u15339022,b63602718,3.8713580118900195
u93831876,b08749536,3.696848780637255
u62991121,b19822827,4.230779795706416
u59647513,b45954724,3.627601235635299
u28888395,b42065988,4.1685924642840755
u34376327,b05231805,3.588441048361512
u81140405,b91306932,3.7701769473916884
u76676202,b25020940,3.6655166686182667
u65301301,b54907466,3.840923571428571
u17419373,b21345256,3.5412639374999997
u15927744,b64898087,3.213648871731332
u20324124,b42065988,3.979190178152836
u21634319,b20191328,3.0859225470430105
u52741129,b00722811,3.2234728242216804
u13846390,b68605354,4.007264939996293
u66149038,b22652791,3.7060677579365073
u10404264,b73131708,3.538794572303374
u77753141,b08004121,3.1224402072988284
u46865029,b72304066,4.107299046650633
u72048095,b42977080,3.4214882105056934
u39576547,b01672704,3.9014576666666665
u49901545,b91712126,3.9899984645618196
u50613001,b91561409,3.13067836971587
u15476394,b09365635,3.6593874941724938
u67649836,b69989437,4.0601017657743395
u33399751,b78008834,4.042389376168224
u47101856,b64937687,3.816349772727272
u22498038,b35067156,3.8610713126012355
u17677997,b17367693,3.748905900522583
u06836736,b31365966,3.5423851485906366
u08458904,b57528832,3.907136214486562
u50655144,b02534240,3.845126875
u67509093,b77333717,3.4385401614987083
u40174196,b46584434,3.6239572950089127
u73560915,b05231805,3.7566904770369125
u77437293,b23711476,3.607348891509434
u37574376,b79928088,3.937558452608787
u13898237,b57316882,3.8489557293178516
u62448957,b59575409,3.504377450943865
u57478950,b49642293,4.098752083333332
u98529126,b91136715,3.588884640350877
u27011996,b02624512,3.752233310381933
u94054925,b55703166,3.5710247564935065
u51669926,b21357510,3.792614980189777
u25408967,b12526023,3.9931181930634256
u64533057,b07812624,4.037854611924277
u79444023,b80952577,3.326974241071429
u36310701,b09049778,3.4615112400045285
u40113408,b67857700,3.808706579424412
u06617271,b96858988,3.7054704241071423
u84876258,b21498435,3.7986779006410254
u55814562,b52580354,3.3189021394761475
u79184117,b11029332,3.5790790178571426
u75806678,b55984728,3.638031652040368
u46739822,b52842739,3.8695320128824475
u83858729,b95000069,3.7249865016992354
u20524561,b29998162,3.69555306338389
u66994786,b17618752,3.8013510833333335
u37128243,b39050561,3.6753430409663865
u19307990,b31821160,3.4431287770402252
u08948001,b60484296,3.615047557373324
u38198183,b65896428,3.5436664430014426
u27497118,b94907376,3.95113114010989
u81105240,b84792068,3.0893323949579834
u43080490,b18094608,3.6380983823529407
u54382136,b75219215,4.2200203238910845
u19359999,b46899348,3.486809994926433
u59248790,b77201589,3.7093492581693703
u43804147,b65667329,3.7384341826923073
u06659786,b98545244,3.6811748147819925
u09797879,b41516337,3.5523403484940985
u74018645,b11338586,3.4596316868279566
u44250287,b80970834,3.830550809990663
u36100138,b07828157,2.618335479691877
u84034350,b06802134,4.159501175290869
u35687074,b18378777,3.757401528571429
u62744330,b54878424,3.6669121654647436
u59776929,b93573763,3.451585183673469
u84987638,b20877763,3.6202999940898346
u84537865,b51371406,3.610500972222222
u51474974,b86578209,3.844108864768129
u34827484,b87049222,3.83191698653717
u70409576,b25847150,3.651327282952973
u56338179,b14362802,3.7689438063909773
u95812976,b57530040,2.895892852564103
u79743053,b77508650,3.54750189262852
u63405810,b80934346,3.0646340266106438
u82320863,b54866470,3.9363151304347825
u68004624,b09049778,3.905150687795693
u01162279,b42313805,3.4808179220779216
u29813593,b97815152,3.616377270408163
u66651595,b72782535,3.5697048546511625
u05502408,b31353181,3.3729503535353533
u56122105,b41876913,3.816610890151515
u73792357,b54549999,3.524262366946779
u24164104,b53423202,3.8527495592948715
u50732332,b79253970,3.870847439220843
u23883517,b93997659,4.289481381858731
u03819003,b28992679,3.4567637301587304
u52511781,b91156396,3.8216838942307687
u23109124,b82853645,3.90207974137931
u39916505,b33565960,3.9117935416666665
u21392572,b04669122,2.9657452802802804
u03576850,b16148471,3.657290077639752
u06548215,b99606483,3.8197711764674396
u42769308,b39847294,3.676365734265734
u06114485,b33470089,4.260512567527011
u21667271,b54499051,3.8858182577220077
u18139749,b06167371,3.7552440475528366
u07138131,b97177380,3.970054760760073
u19609478,b91156396,3.7921890624999994
u45876645,b82023182,3.3175268039772723
u94273162,b89449410,3.8612040926640927
u54281243,b60149039,3.629652469120553
u40200193,b28182987,3.826162368912477
u40934095,b33935257,3.8083969444444445
u32450991,b91561409,3.4464324153239776
u36410229,b27144105,3.7235142307692306
u33317872,b23738653,3.620637825027085
u31761611,b00525842,3.7328211131483227
u49769897,b84098191,3.468066668912848
u80365817,b38444386,3.8444301190476193
u78550924,b40988980,3.384376809210526
u52234710,b05764551,3.620070383141762
u44107849,b97177380,3.2971380940934063
u17625525,b49740475,3.4527155375874123
u60126956,b59273187,3.4010708441558437
u07313948,b31362596,4.118048221544716
u68018948,b19867465,3.8929380942804195
u85359985,b54791634,3.871392272099447
u66534902,b47096249,3.7091764412100456
u85299539,b40128170,3.6386486341838187
u16994366,b02310665,3.3912034374999998
u60775907,b06167371,3.7061722618385504
u72923039,b74821603,3.58560331094408
u51159546,b08349503,3.59245837896085
u62443549,b06167371,3.6339701785052174
u41067269,b21546847,3.59535836114033
u52234710,b36066654,3.3510948275862065
u58258929,b79928088,4.191899177727945
u42532766,b41341679,3.7542593726503752
u73309591,b72827993,3.7582478658403997
u58203956,b09589765,3.6823466839331154
u14846497,b60875236,3.7921587807881774
u41872543,b39126300,3.2537202447552445
u54628002,b65216323,3.8149062935174074
u68892526,b27710508,3.6394404545454546
u28535205,b91885011,3.58699505754662
u40464920,b07925447,3.741910529203552
u31929076,b22678690,3.4732910359801483
u73527926,b78008834,3.989613889193211
u55709561,b87404127,3.6577402412457696
u79151084,b75219215,3.98707116785706
u14932975,b12003758,3.9799584392987963
u90500627,b90798631,3.773433487394958
u30200661,b40662707,3.9715459090909087
u09813065,b74167560,3.655658398560503
u37777796,b77680859,3.8748298379629627
u33277453,b35407415,3.124027051282051
u39427052,b33110278,3.770805543478261
u43061681,b25811713,3.624563629807692
u40194605,b07035258,3.7597872619047616
u45458094,b51191220,3.629830534605146
u74397671,b46006537,3.776126591478697
u88323477,b98016485,3.7823500020777536
u74755688,b96054626,3.9398879989035085
u02678459,b83750707,3.6862338509908534
u10977499,b17187529,3.782648872282609
u16391624,b88684256,3.5091171564327484
u05116917,b33796246,3.942813047138047
u76517104,b31988440,3.3357073973749123
u11812235,b39989034,3.5544491937410414
u89213962,b30195280,3.276488998211091
u28341796,b67030393,3.7789190651260505
u63154164,b52929604,4.014738935106584
u70954895,b26385014,3.7724173146695983
u87888153,b70912031,3.6148605190058483
u36059952,b36541444,3.3699080321637425
u55011791,b65629315,4.090288619436405
u57013532,b99246476,3.843323976715686
u08080153,b59126161,3.68687870743034
u27574933,b32751556,3.7398346345229925
u67915401,b46344425,3.841901833333333
u05547314,b33860867,3.4217093671823573
u82551482,b67349713,3.5805160416666664
u25104497,b67550881,3.8593585177322494
u23214735,b39664275,4.178521693017128
u08813961,b31687952,3.9177646687082404
u05505795,b98196499,3.964490821995465
u69410428,b45609938,3.945939740574196
u15325951,b29316857,3.4943231547619042
u53077655,b11338586,3.2259268275832857
u42166306,b43699450,3.7500918644408685
u31435767,b72244461,3.634976993478261
u44593593,b57640606,3.8602700255662605
u58279293,b06585376,3.7018926816239315
u50760812,b21557753,3.9248306088065235
u34388414,b57640606,3.5869722058823528
u16713777,b54878424,3.7367839603365383
u77426864,b10847759,3.409496966374269
u97270587,b31687952,3.790254912396547
u62608231,b66664015,3.7540670703748007
u44434706,b06167371,3.290331755255239
u23692066,b88562055,3.9771057851239666
u11436025,b11481995,3.774632594417077
u36400510,b52485134,3.6764742442466307
u62464286,b47057638,3.2126471874999996
u39180025,b49401737,3.580138675253681
u74446146,b74821603,3.631564135063654
u64806975,b95080493,3.379829841897233
u18347328,b69989437,4.135567134300027
u95734346,b72782535,3.724521723788123
u89669696,b33979371,3.8210638656949927
u71388930,b56114414,2.9408144712885154
u36257171,b93745301,4.056144335747734
u32751804,b97454851,3.8308281461466165
u04453517,b99660372,3.4047060609243696
u36882881,b86459113,3.703259808141042
u81394968,b33108735,3.6592640293560605
u66668300,b84892512,3.8253430409663864
u87839834,b59578153,3.565674375
u09751381,b10161001,3.6007130129870126
u13533169,b70319465,3.5526118155500415
u92224973,b31189040,3.38115056547619
u35601774,b85542349,4.098568499999999
u52297020,b49534145,3.8860409999999996
u91812581,b80730701,3.61748826486014
u73439668,b07812624,3.800271461246005
u59427493,b20830788,4.004327189738122
u93558841,b93997659,4.377668736747431
u61123213,b01153970,3.4891522499999996
u37397098,b44393400,3.929065506198347
u26631519,b03946791,3.9663170036617053
u24364162,b99643124,3.670668333333333
u53932352,b21458320,3.274269491341992
u88526870,b34463991,3.6746232236573704
u21228185,b69294942,3.8527221633370328
u78660387,b00553199,3.4413049922634835
u06613819,b15854967,3.992088897435897
u46163037,b59060758,4.015413470643939
u81381807,b88977919,3.345735523809523
u22251863,b15595003,3.6024053869720962
u28869059,b27096444,3.1428586497890296
u18608818,b89745317,3.6506160227272724
u37814436,b48166789,3.276679006410256
u13762315,b50966235,3.9226921658312444
u37654165,b85321421,3.6277025656478967
u07465760,b88487078,4.115490100931677
u32205882,b86609689,4.073382261904762
u53316865,b81292094,3.446858032816575
u59454397,b78275112,3.8623903300561793
u70342019,b87612334,4.029235259740259
u71325009,b73189974,3.8895936695906435
u51138958,b22931155,3.341944864864865
u61910512,b78275112,4.114363560113159
u02593633,b62474102,3.560228684224076
u35936857,b98630806,3.985502033991228
u87526946,b75851389,3.6058021367521365
u33954973,b31024771,3.832960235938578
u92604009,b23760358,4.13084609265262
u23454223,b99351465,3.632050808925692
u59578778,b08349503,3.581140883164391
u95539341,b08004121,3.443929156162465
u58203956,b96067067,4.226170009441708
u82800446,b34162962,3.599187792207792
u40975335,b82237545,3.7237766077565047
u58869438,b67327791,3.3622726970989927
u73527926,b79124168,3.6238433562257173
u14724197,b66416013,3.6719295251644954
u67425035,b85771728,3.5197076096132895
u04020080,b21674268,3.9220656139403514
u87536260,b70912031,3.906527185672515
u47111313,b25811713,3.9787302964743585
u77780266,b31988440,3.4959813636474673
u97839657,b09589765,3.6583353148854956
u42908851,b29422431,3.3797751785714283
u81563683,b56466462,3.8846208596297704
u17506708,b37068431,4.112656325916613
u99668182,b89407369,3.4694913184931506
u45232796,b68725737,3.8364144159791573
u54080242,b23457095,3.8595282692307693
u18916604,b59769368,3.502894103590917
u52845021,b74821603,3.798922463131982
u36027745,b23482469,3.719664221955881
u96139443,b73113066,3.6190435372730207
u52920278,b07892193,3.7360740747715924
u85792025,b89126781,3.809905378787878
u54462421,b92037806,3.9525158597285066
u30368658,b29802159,4.001269356203007
u21859054,b80294058,3.855104869270284
u26988846,b80294058,3.7072428341236385
u94282918,b72304066,3.8475096623222744
u45925174,b35611681,3.432827980769231
u03876907,b09049778,4.055620420476416
u51155758,b46139942,3.9358727951388888
u74607539,b62396194,3.719099784222994
u36371479,b87278779,4.037881846590909
u02742084,b79975924,4.086548672161172
u08635157,b02994747,3.38408869047619
u70119162,b83261549,2.6020919696969695
u28608500,b65216323,3.9304878071228493
u77653227,b69294942,3.69690290240189
u32843326,b06167371,3.6940063327543187
u53671195,b67603049,3.6986386363636363
u22529997,b54791634,3.806070784004209
u57691866,b82757636,3.3520905822159492
u05877740,b70912031,4.047836317616959
u98727990,b74821603,3.388155422942442
u44490709,b41681847,3.5585279406107113
u67679994,b70930132,3.5993810642790116
u82320863,b47096249,3.730797863311495
u33293362,b86547231,3.6438529968574396
u21916867,b95822040,3.715269802840518
u94941744,b68297715,3.959212532051282
u94186215,b13222925,3.573862954173486
u59785153,b47294825,3.3226780555555555
u49410191,b73029799,3.9186565861017586
u22106833,b74929101,3.800770308441559
u90247104,b76693158,4.035775978991596
u58489973,b83789266,3.743176212121212
u97321596,b68605354,3.725138930993219
u88764781,b71794852,3.666921983788396
u67732706,b86212728,4.194084464285714
u71709665,b36766414,3.73152060427355
u78507710,b05154189,3.9248547245773433
u03455641,b20135529,3.8109123395392643
u64140187,b25847150,3.760120044781931
u57819425,b02880533,3.927325105736032
u52104442,b91417770,3.1684420833333338
u31026561,b79253970,3.991270774976657
u83790986,b29802159,4.1960630317982455
u61720642,b58973293,3.4001957411133468
u84755501,b67550881,3.942665335444369
u05981024,b04493477,3.4451312779329606
u25624112,b50497268,3.2913634722222223
u87493816,b35202318,3.709487801552411
u83568220,b26847239,3.91756625
u42888420,b97979733,3.7023830049261077
u08366344,b62718965,3.5013953991835205
u14802767,b91973790,3.3412613193403295
u21843326,b18610759,4.177951936001104
u45774623,b65216323,4.304193257030084
u07687298,b41528340,3.7209373462301585
u21992632,b38399229,3.804930497491804
u24505190,b57704283,3.497656721181195
u83812412,b43479570,4.009437053762764
u26648078,b30733957,3.616385397287292
u88295409,b74950254,3.552553300492611
u74766535,b86602880,3.8991390431066515
u06631256,b54878424,3.7367839603365383
u07030880,b29802159,3.855072927631579
u59636391,b31051286,3.5283860256410255
u13757407,b54878424,3.6526628385416666
u29957683,b85321421,3.802478532204172
u24168550,b73525767,3.9148364941046423
u08772195,b15038153,3.426245148423005
u47937032,b27702770,4.074696273427898
u79255809,b89324149,4.280314202738726
u47770036,b53876123,4.0441348050856645
u96276787,b51311359,3.5409325980392152
u82956871,b87612334,3.80287456043956
u87196060,b17187529,3.6133004956173744
u34411200,b18978605,3.376426058411533
u78320642,b78647061,3.9886568864416763
u89051699,b03458965,3.662133375289094
u51578155,b69472393,3.2100162745098038
u44772209,b64609180,3.648524573614778
u32539520,b64242065,3.4477398809523807
u50576549,b67956548,3.6013152066623793
u37953732,b79060225,3.541456623774509
u68489862,b43196456,3.4731499508101855
u09276918,b93936801,3.7891225154730326
u40026320,b39837030,4.2257217172540456
u67959066,b42435031,3.705534229055258
u05683639,b36717912,3.8368341666666668
u21996577,b74575407,3.8230836537114845
u46286492,b58973293,3.46075532444668
u47128242,b88978481,3.8081707929450888
u97519657,b07219308,3.535865327380952
u16313811,b29802159,3.7815341776315785
u69400892,b60484296,3.74979880573024
u42623478,b66709767,3.4570854166666667
u71691792,b77424871,3.823724583333333
u16907294,b95822040,3.539623778598445
u24627448,b80596244,4.050891026785714
u72613109,b09589765,3.7860081033470347
u69836498,b42027204,3.6963626154939586
u06596345,b91758795,3.8150874007936504
u76866297,b74929101,4.081413284632035
u63411149,b34463991,3.714448856499015
u40026320,b87439329,3.858469322916667
u99847795,b88487078,3.936918672360248
u78865788,b77333717,3.52645613372093
u34196022,b07666694,3.3153811147186145
u09900567,b15268547,4.108227454131194
u82743368,b57640606,3.6123533588995937
u03872994,b03923117,4.2151480208333325
u92182338,b43521644,3.7661425427350426
u91947449,b56662995,3.7361637903861307
u89339696,b73029799,4.017573295890937
u08583410,b61430045,3.842739285714286
u46750985,b93997659,4.010691039508773
u24578404,b90171057,4.0273288278388275
u07942271,b44683019,3.5081408333333335
u67254919,b69669795,4.059845393318965
u47435641,b19867465,3.6501025629673354
u37219802,b22652791,4.151521785714285
u81782380,b14338293,4.305543036919386
u12420829,b42224573,3.620668333333333
u17853860,b43020589,3.658371875
u88463198,b65216323,4.0340592356942775
u69907152,b01714936,3.7900012235685434
u93974269,b74511960,3.529004486296126
u86159262,b20914110,3.703708858695652
u14664592,b50384790,3.5938130401234565
u70204404,b65411088,3.5545246428571433
u59097838,b98115511,3.668160409661196
u56532040,b06167371,3.2497371629446627
u56670410,b46888254,3.822278026395631
u67999292,b15439387,3.899650547895501
u58075185,b17187529,3.8778659739445023
u60268852,b41451971,3.9235009496124027
u73068045,b68325129,3.4268662587412586
u11000700,b26138336,3.4409351246622086
u28103686,b47053602,3.8964930603448273
u80795062,b17741315,3.425804456418905
u57652846,b23760358,4.017937304773833
u30857102,b79547504,3.680934473244147
u19430511,b35195484,3.6750497909902595
u81584177,b36312601,3.657812260504201
u57507741,b30307775,3.839944134424603
u06836736,b91686353,3.8304259290015534
u90161361,b25044151,3.5475406848739492
u88003271,b08349503,3.4957242164977247
u21105866,b20048021,3.3591063559438634
u40687924,b04222499,3.8715459633543166
u05596175,b92959743,3.4293128353658533
u92893117,b92631370,3.2539525115740737
u50818174,b31220669,3.391539409536542
u92156745,b57002888,3.9986886125497376
u24991825,b84216708,3.8975864938271605
u12979312,b76879592,3.6734594517151127
u10651443,b79928088,3.7837642911628846
u64719754,b81174865,3.7914466666666664
u06735615,b89468718,3.820993340336134
u60680040,b63532485,3.8499128556940017
u81394968,b40598851,3.9606527747844824
u13361980,b19494868,3.809677940228175
u35331717,b42920311,4.116286006546645
u53631766,b44745371,3.9043797110849057
u65237721,b64124445,4.129009504132231
u27190101,b98353918,3.6906593206521734
u25014237,b44387119,3.924454099272572
u45696130,b13108919,3.5707971096837943
u45841327,b26138336,3.5273833246856996
u09360315,b40171933,3.544098958333333
u49054308,b37466269,2.465309933485034
u54087832,b15301527,3.5800881355676326
u48759176,b81969648,3.6820517456004143
u27930660,b80225628,3.687290655195188
u17995223,b57828547,3.5978426136363635
u54992485,b14071263,3.413769782276547
u47543760,b14338293,4.12871710508832
u20834864,b10080165,3.6270649645647044
u34838073,b74504784,3.671591392543859
u38967305,b13298774,3.949010912586526
u72687448,b12315103,3.14647375
u24960667,b46006537,3.7661856751727805
u45302325,b57181185,3.584473142857143
u12706841,b90614996,3.8582289646464645
u24439241,b87691807,3.739240493256414
u04622054,b63880346,2.9260377429557214
u76876687,b33010441,3.6173453377016127
u30018275,b70912031,3.5818762207602344
u54879215,b65442043,3.2009008911178105
u33198378,b21357510,3.853013582312077
u84473749,b85321421,3.420610716157205
u58577923,b59845564,3.5284796691849816
u30449230,b52741866,3.9734191071428566
u00634922,b41208156,3.478253344381313
u85427698,b03946791,3.9234759933705408
u55886139,b41797398,3.7269846531100477
u21871147,b65606948,3.088045067340067
u98657958,b87612334,4.042289985119048
u37289164,b40128170,3.7053565789022294
u10047988,b80596289,3.433069242871012
u42754261,b06167371,3.768284394032964
u74239087,b28927044,3.617043125
u34922819,b41331137,3.681452318376068
u79532573,b86785429,4.016632659331045
u13520744,b28961368,3.5093364448051947
u08772951,b12601599,3.324901218487395
u61990000,b62670070,3.77074490625
u57576587,b95113879,3.9853205088094312
u24102322,b61863874,3.8402098169191916
u19927708,b83551310,3.800321695716564
u10219070,b32231889,2.3697909999999998
u92890643,b29576446,3.9596648871322255
u91971941,b61372131,3.740560766219253
u65878317,b30155139,3.5747248986486486
u02468696,b03303291,3.550901022408964
u57910016,b43253434,3.685423239316239
u61896213,b22348421,3.862161875
u31351971,b68397888,3.523478611111111
u45302325,b28003505,3.66915225
u86723822,b51332181,3.9754617413234445
u86908092,b41076898,3.708075514705882
u06951934,b18851396,3.4532889775910363
u85637116,b94989213,3.489051894416364
u77812132,b07611214,3.454302287137681
u09011204,b82924906,4.122179093137255
u88364695,b43697974,3.522108025846702
u19585150,b36794167,3.602286805555555
u22031629,b74609159,3.6346368269230767
u67219568,b22785797,3.803201333333333
u76985267,b23482469,3.508780375315488
u07797579,b94443713,3.4860954179135124
u87640306,b66908318,4.1076902205882355
u82898215,b20790379,3.5098582749127045
u58138062,b98115511,3.598288614789401
u47187009,b56751792,3.788680512820513
u36131391,b53321055,3.8555254807692307
u15304336,b15354652,3.5950057239057234
u22638248,b81364235,3.827587111111111
u23717959,b68453196,3.334727137681159
u26627440,b80506673,3.9583428688197766
u07717247,b87715366,3.3103976041666665
u32158343,b28615151,3.990591493055555
u28698182,b20071798,3.676287696759259
u09727257,b86480331,3.68719687843735
u83929428,b65558862,3.7160078970193595
u02521315,b13363712,3.705348611111111
u36972830,b75286945,3.652557777777777
u36188595,b28024225,3.444900716619981
u85697519,b62983645,3.6749906697408874
u69467295,b80122439,3.2854944462719295
u36181550,b91143227,4.073234049843298
u20550800,b69647795,3.9868730445856224
u67240063,b89414726,3.678373346949891
u31779061,b52296426,3.8182157142857145
u86729641,b08004121,3.579114819041253
u99921499,b60484296,2.7540082928245657
u64359997,b77049201,3.8386043014524773
u94462479,b14547631,3.9390196064485536
u05538641,b15860915,3.7528265265279948
u85874040,b57704283,3.650110864944408
u25150350,b52736396,3.7274577069536425
u14602932,b86878381,3.9141311041666667
u29721715,b90354954,3.4551505833333334
u81733782,b78565713,3.243447651898734
u69870873,b65522865,3.7349952569169957
u49557543,b80625075,3.752525071022727
u96432194,b71271368,4.004992137497994
u45015223,b03047230,3.4119916548764384
u39733358,b78340580,3.354818893387314
u91339463,b36270312,3.233710383275261
u45304050,b55479304,3.446752074465011
u18386395,b28190473,3.8133468203671326
u38307982,b35983880,3.578939253246753
u01523010,b70516496,3.1578783298319326
u64806975,b06167371,3.3428874945225333
u15517221,b33935257,3.5080664682539684
u31779061,b24413532,3.6740085041407866
u28566111,b49970233,3.740230695488722
u26620170,b74821603,3.7812546285116477
u99891147,b99719030,3.440280545454545
u36595805,b33391853,3.902580704063378
u52553170,b59032154,3.437771776960784
u73483912,b07278059,4.236727924443352
u44817726,b76040943,3.978190002398385
u44838323,b35701970,3.284139601449275
u72459900,b31988440,3.6837964896978876
u13002793,b44076377,3.4518850612566214
u11650490,b12526023,3.8770231184153783
u19565331,b13298774,4.080642720976549
u95657757,b53423202,3.853209682400932
u49565084,b46823063,3.8879123830409354
u70619581,b92153730,3.8686684920634917
u01851844,b05154189,3.7303175981708643
u28052333,b78420438,3.703052478991596
u84640872,b08632997,3.6774427609427605
u95366749,b08545824,3.6174899660799413
u05217581,b54695184,3.7554846365914782
u32865322,b55180043,3.5587944902031925
u62989688,b26086823,3.6541522499999997
u87797295,b36185570,3.554339442783365
u81603581,b97659010,3.7663431824352545
u65137470,b18610759,4.127786930605366
u17017375,b82853645,3.726273908045977
u54944528,b09041547,3.70035216507177
u48272048,b72782535,3.888318745561185
u64170741,b39065480,3.59450196969697
u85279952,b08233764,3.5126444047619048
u16000787,b01916632,3.0689882084357083
u76581684,b74719644,3.8130677923938805
u91976155,b01550538,3.562506438679245
u56908186,b70912031,3.998350969519387
u76884862,b96858256,3.733706391977388
u99033847,b72304066,3.974037023951628
u46393481,b65411088,3.865238928571429
u22469457,b08899763,3.2971900378787877
u75516217,b13298774,3.7473093876432153
u54383607,b35067156,3.7948591429759895
u75299123,b49553867,4.085080400921035
u49769897,b76818058,3.5256335964912275
u38598201,b49323159,3.6427518373790075
u53896424,b18273848,3.487064351851852
u55421732,b66739789,3.605736456582633
u68835807,b24274613,3.7326080149993857
u14288259,b96751354,3.6051001951913726
u66384984,b02582153,3.876717750965251
u78500596,b53813950,3.5578615519251775
u96221414,b28563077,3.6298779838709674
u71577849,b90422949,3.6272584793628986
u32859467,b28190473,2.927496314294258
u03935283,b61292623,3.7171268404118405
u52469728,b76401400,3.7029187499999994
u76493802,b44683019,3.8898721296296292
u34298647,b80479144,3.4080764877769285
u25019169,b84216708,3.654045879683968
u59366660,b62282738,3.60620422429078
u26119989,b08004121,3.287448152374586
u21406724,b17943549,3.9362588571428567
u92143703,b13363712,3.256340277777778
u34282027,b28995195,4.267346040033594
u56433236,b34463991,3.7042665287750767
u93701587,b79124168,3.438204906679233
u05767988,b92040053,3.8104617487125774
u45977223,b98092403,3.2133879166666666
u47208813,b50453414,3.632569437240664
u92593828,b55420143,3.530507539231601
u95744085,b61652439,3.437335916349591
u33821481,b34366076,3.4844896428571435
u36289598,b93284084,3.5318482070707065
u94253888,b06594639,3.5154123463069435
u55965395,b42373487,3.8509390624999997
u66973658,b50453414,3.8376687692689297
u89961384,b93745301,4.466794454459232
u46998792,b29208717,3.477648020833333
u18116932,b70977140,3.6992877125043906
u35914294,b42977080,3.5339622595746603
u32178809,b28063904,3.4575138247863246
u18535395,b68622451,4.148245733346909
u33923576,b49553867,3.389486804683248
u28723442,b74729345,3.35554861660079
u74324910,b34969157,3.974322910628019
u17418998,b83439687,4.054283628273857
u87744255,b35186530,3.8085046279761903
u39367336,b52929604,4.0801730529953915
u54945950,b15574895,3.720676309210526
u12420829,b13061166,3.5567781807511736
u56293881,b92969085,3.683056684782608
u16352297,b62474102,3.718828577386469
u06394160,b08157430,3.2101229824862636
u37676096,b96762753,3.4005693803418806
u15974149,b41402498,3.97329135689124
u76435061,b47057638,3.4056260416666664
u68091606,b31821160,3.850706072121426
u26988846,b02994747,3.622996858974359
u11669076,b57648353,3.7095185698679582
u55537243,b56105038,3.6681866485747427
u81516821,b85940383,3.6460084712931993
u42361961,b15869276,3.8586395037453185
u40884330,b45357639,3.630392521008403
u79071470,b59575409,3.121800473484848
u01809108,b18722570,3.919495313463178
u70338038,b81524397,3.497950886383731
u60335990,b78275112,4.077191666263076
u68352780,b78008834,4.037937180302686
u91443728,b95074507,3.8115496693657214
u81516821,b19867465,3.9223916933876604
u23837890,b34463991,3.6597689609642696
u14273133,b14338293,4.1957572269704055
u57097005,b57528832,4.017051758599912
u14123217,b27581388,3.1825667388741525
u06054472,b63666979,3.347065079365079
u54133019,b30321639,3.6777573710792124
u86001108,b88182084,3.770105886823426
u93974269,b94907376,3.7193074404761903
u41531497,b82329113,3.7374101682692307
u87581315,b42977080,3.7411051167175176
u37049782,b12120726,3.3918930351906154
u19505129,b78275112,4.064128079014737
u50332309,b24054097,3.492286085164835
u67999292,b16024414,3.5940266535243
u98090000,b41516337,3.344713921162032
u98545063,b34105659,3.5714656841230985
u99085053,b99747486,3.720397604166666
u43658390,b39605350,3.3596458196181693
u69591350,b88934153,3.4887217045454544
u41204141,b61652439,3.5367949809754418
u22635990,b51332181,3.8298145820925154
u43993729,b68095123,3.875503392326778
u91199153,b32140664,3.6713601282051274
u92899534,b76264408,3.184288095238095
u07113986,b71663032,3.591219003034957
u03384038,b89572033,3.812268837308525
u21712639,b89765180,3.2965353766266268
u83420102,b07278059,3.902575327443798
u22050499,b39989034,3.815517373605482
u81675303,b48706456,3.635216362179487
u53207613,b79994865,3.8639938837040155
u12863900,b36312601,3.4843770714285713
u91002090,b52217488,4.093507643309907
u26560649,b31891913,3.3200845833333332
u92568486,b70912031,4.162875776942355
u12774240,b31515038,3.2805009722222223
u57926665,b26385014,3.703101323251418
u88853909,b17585340,3.6311283275432995
u38498558,b35526856,3.7097263102429854
u94162633,b57106359,3.6722035714285717
u08169589,b52929604,3.8680461579818033
u48085056,b23676302,3.5722498081540306
u79886506,b29738200,3.9471264201036504
u22855708,b39081955,3.46424869094148
u07300183,b79230811,3.5969283056758057
u12659756,b26688492,3.5752028765971446
u46151453,b36724264,3.7035384999999996
u75289760,b97815152,3.5561084278155706
u47210463,b95439113,3.557566299418072
u70954895,b36265270,3.8953592574914784
u41668604,b11752294,4.057448708998226
u79037033,b50284484,3.6366690476190473
u80593202,b39125372,3.697445746753247
u30409902,b34740941,3.726665474137931
u16078636,b45651575,3.185629310776942
u83726401,b54791634,3.8213922720994473
u97415339,b94989213,3.6961947515592213
u83625488,b65861714,3.98772262987013
u96236857,b21674268,3.9244295116772823
u01012215,b56779366,3.7056151649834854
u27524637,b23904035,3.7258974287280697
u04711675,b29031862,3.3279019510135135
u67927839,b94383831,3.4268718039772725
u95309858,b56265715,3.4060187237026645
u26480193,b40650642,3.697734208384208
u20023701,b13363712,3.792477672735761
u37413774,b12526023,3.9577015263967588
u84659559,b79640364,3.9543660778286296
u88115527,b03833044,3.783160052816901
u77801734,b39255385,3.377968232819074
u87425979,b22145663,3.819363115384615
u64822917,b91712126,3.8772497893855067
u83462080,b22146898,4.1981126388888885
u16972854,b80070869,3.914991044450094
u28314087,b77136574,3.789846385738245
u36736490,b22931155,3.502534696797638
u55962026,b19638250,3.775814746148459
u21455793,b14780202,3.5427200862068964
u15830741,b51600462,3.0789859523809526
u81107945,b35052984,3.4099534374999996
u21745269,b32462937,3.5249980183946485
u56125369,b35710234,3.8263982527396925
u54167256,b62853608,3.634208747633962
u32201663,b09365531,3.6092741862745097
u76458355,b74821603,3.9253154475124665
u64174592,b56779366,3.4972818316501524
u13193770,b47078971,3.8927264507989907
u54975067,b23409289,3.6133096034482755
u55968905,b11179371,3.4150906023850363
u81733782,b37268934,3.316498401898734
u57992518,b26246971,3.5426727924697445
u50607347,b94660986,3.5146516559053
u08684872,b70701888,3.3394012969640308
u35888656,b80968418,3.8027208908045975
u02895928,b75489513,3.9685024999999996
u44476914,b72860992,3.509639316517147
u35516653,b06167371,3.2724510606996304
u35762606,b10847759,3.708302938034188
u67583013,b70305381,3.7407057900432896
u80545919,b10017690,3.5361758585164833
u64545887,b24751294,3.4825030612778027
u61915780,b37068431,3.999172110949442
u75605780,b09049778,3.9892434402340182
u35585970,b78275112,4.17641476826843
u57621911,b46271044,3.5169915979794704
u93187835,b98545244,3.631120003506311
u71789175,b44595908,3.7246942979691875
u03683135,b25958104,3.6944666256708407
u97308548,b49740475,3.599761046245421
u67823996,b70664431,3.8148801539777586
u70942160,b22890843,2.876543611111111
u15480196,b01338628,3.8211785815437285
u96564934,b07278059,4.086458385811997
u38881381,b87439329,3.587898370535714
u21050739,b23760358,4.198745325045536
u44233952,b44966320,3.5186664118498445
u73558910,b69989437,3.980432012341131
u49953278,b29275769,3.795655553977273
u86731282,b78008834,4.057234831980214
u50200767,b46966835,2.920527407582558
u81819770,b38905954,3.0518006585631348
u67022889,b59949154,3.4090016666666667
u65160312,b44711938,4.140187192586303
u90906465,b57218619,3.4200796462912084
u82237145,b38808804,3.393874318181818
u64956182,b00524153,4.108497817460317
u11700670,b09049778,3.7119367470326408
u14713988,b48933583,3.7282439693096854
u01941044,b82853645,4.034314720370907
u56978314,b56105038,3.7357653271461713
u74048466,b52842739,3.938490300925926
u24564954,b17585340,3.1915073757355064
u42363330,b64898087,3.5704716207919778
u45361269,b90916310,3.758384559386973
u04233462,b74821603,3.5597564218675033
u36959851,b00525842,3.5479950786049512
u51391110,b91561409,3.38067836971587
u43954066,b52929604,3.7242818035190615
u64777635,b04721365,3.9849161449579826
u22657768,b08775775,3.4045809649122805
u51867888,b43253434,4.061937833333333
u27083770,b32857815,3.0744564451827245
u29469733,b70930132,3.4079201607464027
u24500253,b68177426,3.776647604166666
u79071470,b46139637,3.400626799242424
u73430196,b26385014,3.8560042685529603
u56739270,b72304066,3.939717787322275
u35751887,b55439788,4.0759017567389
u82082699,b52580354,3.625709801720913
u72353631,b13528908,3.4179361159530126
u80946521,b34953904,3.9933754010695184
u51397900,b59463893,3.9842349102564096
u95385647,b82237545,3.556566687292629
u25275900,b66664015,3.462400403708134
u08033335,b95835140,3.697441038627992
u99300918,b47096249,3.555605432223117
u55660726,b51986055,3.6770006849981463
u46610042,b45502382,3.9285436622451337
u34509392,b91305242,4.0840016666666665
u61359485,b66908318,4.191374208683474
u12644553,b43914262,3.4434578216374265
u42379341,b08545824,3.866605831727468
u67722132,b93167405,3.337906666666666
u31009022,b79928088,3.847893329774728
u07714593,b10239804,3.6703974378979227
u43895438,b37351373,4.029241522869023
u29767619,b82664640,3.6221163846991784
u51753276,b73029799,3.787963576002982
u43677577,b19867465,3.860347310812274
u74130691,b54851751,3.6812269861111107
u87030214,b31475886,4.101902794150606
u56513076,b43253694,3.7679267201834863
u36371479,b32735719,3.5539299831649824
u58603509,b52736396,3.9240844166507824
u77359351,b05487017,4.0363662581168835
u28385354,b89040055,3.487705183946488
u62476721,b41681847,3.6789945471723646
u57620334,b42977080,3.6186163519458225
u36744906,b97887852,3.7540371088230255
u64696137,b40598851,3.769768523912603
u60096443,b63603925,3.5791183936087414
u52332444,b64644552,4.007744807814083
u62006992,b44711938,4.081006713749017
u76233544,b19555371,3.906371523986766
u78924680,b90354954,3.5874251666666668
u01233617,b91947769,3.769939232722902
u70122119,b96561626,3.7587314877717386
u04378661,b36185570,3.347196585640508
u18651336,b03458965,3.614384944553164
u18078448,b91712126,3.9422048198395485
u37388614,b86376623,3.7567329237821996
u80790488,b88863965,3.6322815415785765
u15513950,b02853730,3.5288432058823527
u99667811,b52943381,3.688481354166666
u37227811,b59349150,3.7066790144230763
u62791337,b07831192,3.9906283468562154
u64950799,b82148195,4.2264351504957505
u18087204,b43943356,3.57797769509476
u30634133,b74511960,3.5106018433086987
u44844841,b88121768,3.3372604859162833
u80467110,b56679875,3.369821020811833
u84677719,b49991872,4.032202029914529
u66498301,b74034107,4.0990374708781365
u67992417,b12870754,3.7619213541666667
u56696518,b63778311,3.559686463306808
u41616068,b57603464,3.8109017660984845
u84275184,b86788370,4.252842379032257
u38681053,b54791634,4.030424227539518
u53612807,b26385014,3.750426928398469
u32266495,b74929101,3.847511603084415
u98234059,b14304119,3.7282053215670543
u67945073,b44991539,2.6457191025641023
u03347120,b07278059,3.972130772222244
u37151082,b61409403,3.5206681426332285
u59125785,b49970233,3.7063172282268164
u69755750,b91712126,3.6563810535743215
u50432897,b44393400,3.854065506198347
u94739078,b54043673,3.824799670686456
u58290085,b89572033,3.640731082661211
u84406996,b06036306,3.6456901372997708
u01202500,b91686353,3.7312401704545453
u57136295,b51986055,3.5353340183314796
u89730132,b93997659,4.152347215667311
u35948326,b50453414,3.812532854448456
u76296850,b11338586,3.6759863981733387
u39798574,b10567312,3.5115128666480997
u09177853,b29719714,3.2935024999999998
u44155125,b33298668,3.7868726495165523
u55917884,b40650642,3.8843280906593405
u91349598,b54369491,3.4956066449580767
u94781916,b14362802,3.795080464285714
u04714058,b55690375,3.5037444079068063
u85341043,b89324149,3.800908277845036
u46750513,b46302737,3.5822819631410256
u83413783,b28190473,3.724597735417347
u21568344,b56492521,3.6600742021276593
u68046015,b75541992,3.2737052706552703
u73405112,b99606483,3.739984594354942
u62607484,b66416013,3.858067439369343
u60318173,b83882616,3.6537303273809516
u14320975,b03671144,3.7698071155828123
u71534018,b93625021,3.3776118721889055
u55485367,b98076835,3.3128824999999997
u67276630,b70907276,3.7295059502923973
u05585950,b58888536,3.5283313695355187
u06074875,b79098002,3.7805738586452025
u84895769,b27818520,3.6172648737373736
u06297054,b82329113,3.5862309375
u03036443,b72097645,3.464144285714286
u30422161,b17952463,3.458885839874412
u30056847,b20135529,3.756141115196078
u50504240,b84494926,2.706407160087719
u96133884,b80148153,3.7491680555555553
u45236465,b77430629,3.8699041426282044
u41853271,b14127810,3.6713601282051282
u15334321,b32356492,3.8185024999999992
u12654238,b19733783,3.554832033683583
u83431794,b60735581,3.9264354779411756
u38031588,b70912031,3.8231938523391813
u20151217,b05231805,3.6816637030194457
u87135518,b36265270,3.8563737220790375
u90380363,b17347267,4.019698496882937
u86564889,b19516972,3.551102224025974
u92206515,b80294058,3.550915069517621
u55003901,b92260212,3.629795815217391
u33233647,b52217488,3.8719602845528454
u16088176,b79124168,3.422820409858765
u45373868,b41432738,3.8028643478260866
u79510721,b07278059,3.9304641055555773
u72820303,b41227312,3.742236047008547
u27866473,b83613787,3.876729776383527
u57303935,b04222499,3.998860424107143
u93072426,b02553999,3.5367997610294113
u85246452,b92889205,3.7241213915493603
u09843908,b98115511,3.7148081384215788
u21345561,b15982933,3.4649047058823523
u98706240,b34348391,3.4807424341818387
u21032666,b29376205,3.1861983035714285
u06892979,b87403363,3.805842978362217
u12662095,b45675681,3.644395453659401
u89252747,b64124445,3.6778544593960767
u57670660,b49638571,3.6287034374999996
u13933041,b80070869,3.7082960461035337
u96328255,b05154189,3.822663793823038
u70215459,b86843272,3.987154946376812
u68273311,b52013289,4.136699341736694
u60775907,b48197202,4.036298214285714
u50651594,b64609180,3.4289828825830506
u14326097,b80393221,3.666897881944444
u66656293,b31362596,3.9156441666666666
u09985071,b89324149,3.8519213255430973
u60929263,b44944170,3.6860912886907893
u80089148,b97302773,4.409217800643086
u05235592,b91561409,3.1460642078754577
u39124154,b68763841,3.6826194231051703
u97333368,b85903526,3.7756390585299453
u84488887,b48544437,3.5408582841435186
u51198604,b13527792,3.554668611111111
u44074400,b42749067,3.8826545687235274
u16334013,b38122928,4.227607396275341
u72852701,b08349503,3.7111903720145456
u84183781,b62424088,3.909374333333333
u42908851,b51839247,3.4203976041666664
u80063775,b78275112,4.457560053249653
u08348830,b39065480,3.517430422077922
u69624585,b64538575,3.5197787591911758
u78890347,b49494082,3.3623291005291005
u42379341,b17064684,3.5177548034591193
u82463056,b52339175,3.8978649935649936
u34639302,b29802159,3.8438376573613087
u87713011,b67957413,3.56299326256346
u74359142,b80625075,3.6785968859011624
u87064752,b40598851,3.8429926304654667
u08485213,b88562055,4.005105630683813
u68151481,b02562594,3.964310460557961
u14321575,b79098002,3.742679321705426
u67401519,b84462089,3.5753204509493672
u55922493,b25857180,3.7903918601190476
u42450388,b60500282,3.891729692204071
u85507276,b38730188,3.316123184260005
u42490917,b69989437,3.5564955528373856
u71411945,b05154189,4.12591657842101
u42568606,b48132407,3.819945727513227
u60730394,b90221134,3.8591632125603863
u71597309,b05231805,3.6777970324538396
u66511793,b80102793,4.140332736667035
u63405810,b18378777,3.4161597218487394
u55151260,b37823595,3.7108775966579293
u50418565,b44711938,3.8828748880188892
u40693355,b28482269,3.636824099408994
u29402137,b00793888,3.890867537878788
u98248980,b47963916,3.4544475909090906
u82663123,b29738200,3.8762930867703167
u33196947,b85232762,2.457661098484848
u81710512,b96067067,4.127460772988505
u36945000,b17187529,3.9929302520544887
u71596436,b91499032,3.983490497997998
u78226466,b32288653,3.857096997361844
u80722645,b49401737,3.425981110732831
u51292741,b68526080,3.3920015686274505
u20470952,b20816244,3.696494511421247
u42862074,b73921727,3.528866302083333
u92627476,b66649969,3.4168911221590905
u07978766,b89115141,4.135979375
u25267874,b20790379,4.002103912167606
u90662972,b84718404,3.4737260011441644
u82104078,b96921455,3.63431536036036
u17772402,b62853608,3.862736985192926
u50968237,b08349503,3.745010237967401
u15205414,b18591671,3.872930650794696
u13042828,b22348421,3.5603492708333335
u81601965,b04374540,3.659314363778298
u24651790,b17104949,3.6751024526515153
u17832892,b90354954,3.6784246904761906
u88294871,b45033558,3.643904493904787
u17578542,b38181410,2.3863131199292695
u84104407,b63952476,3.262335
u89904986,b94263614,3.4848929347826085
u84971128,b25413123,3.6939297322306848
u62742755,b11693904,3.8689262499999995
u26474410,b20358707,3.476797533524904
u41975057,b28293389,3.543952224717473
u50022901,b37664187,3.5802684042044914
u58351738,b60324633,3.7510706180997078
u95609691,b28344559,3.4040415322580646
u78972100,b51485694,4.088798939954862
u21939148,b62325202,4.058633057123057
u64758440,b13696850,3.768553410276769
u17614225,b35891508,3.696506248079877
u23801765,b67584295,4.113766961523765
u72954995,b37561328,3.694190143281336
u15115958,b17138341,3.4867405133080895
u42032908,b98256804,3.741500060237928
u47551440,b37548208,3.199068424242424
u41544146,b99145398,4.046123924416052
u78959848,b43479570,3.4272733110727054
u64194060,b96064020,3.7263930569782326
u56476563,b57648353,3.7705319273997193
u59388666,b96067067,3.858335974137931
u60784419,b29505914,3.764712688915192
u91887946,b34681163,3.2058277556912973
u96846642,b88562055,4.151359636475318
u17197868,b33076549,3.7748564915966387
u28422828,b67327791,3.4402933204351767
u48780568,b98552213,3.550193666056166
u36123598,b01153970,3.6888233928571426
u12090226,b54878424,3.7143948416121253
u57831743,b97497122,3.6563656359649124
u84028674,b77680859,3.8467512499999996
u93257727,b75817040,3.7394727993697474
u15168124,b70912031,3.955732919799499
u28972617,b16250758,4.065052692307693
u31153985,b59575230,3.2455329687499996
u53524250,b88947899,3.970257869974337
u16439759,b06313374,3.7598005519480524
u50907671,b14848528,3.9947691061705988
u21750681,b80663565,3.572585178571428
u96035221,b13408974,3.0687508048520225
u08571355,b81697368,3.521674207317073
u14379793,b15174884,3.3745491666666663
u82422854,b45502382,3.8240066991041086
u73945283,b93745301,4.146789667909583
u97599229,b89324149,4.163536080123878
u35920455,b77075271,3.325269867296446
u20690061,b61863874,3.6827094870071684
u71248221,b49495549,3.9102187426900583
u81878835,b69089192,3.5791821527777774
u99370997,b15722276,3.7650707360692772
u25413191,b00782849,3.7701678959765723
u61677470,b83439687,3.91261696160719
u76765810,b20432964,3.370722113095238
u77429543,b77049201,3.694059912732155
u18978787,b26635003,3.862090867645773
u32552754,b82890607,3.6790616897300232
u18978787,b43914262,3.734021951490171
u08687150,b98844131,3.4279809850599667
u80622283,b21674268,3.882149379717774
u72161401,b15192631,3.409800248778999
u38738834,b29998162,3.4331033899535424
u12181648,b09050359,3.508151738782051
u72524116,b86788370,4.121723234931678
u97022165,b37657413,3.665997092245989
u26918913,b68959843,3.6763796096096097
u05910977,b33699537,4.116401579702803
u35361860,b26335963,3.481482626488095
u59999954,b64937687,3.429917222222222
u43151402,b33091876,3.635678731060606
u26550736,b01916632,3.6757885784823285
u46850648,b08233764,3.4181667883955384
u65751729,b18705025,3.7046514166666666
u70979918,b16140171,3.649873675595238
u95255205,b06949973,3.3613668162180126
u79791816,b26924525,4.1075566108957355
u51710996,b80102793,3.8867217489035086
u97323931,b51286612,3.8388011018545347
u36640806,b95000069,4.0468429360166365
u15756535,b91885011,3.516161724213286
u85396590,b88022221,3.3974832083958018
u32210322,b39801005,3.740538580972023
u59675957,b68095123,3.89084231999132
u89821099,b39664275,4.386855026350462
u65778808,b54781444,4.028231112824675
u77851940,b27702770,3.901951747488721
u60138529,b24293098,3.7977719636524823
u58490707,b00192663,3.698863071536307
u64300581,b99247649,3.7400970634920636
u30737169,b56492521,3.693099094712552
u84678486,b31494232,3.3909017142857145
u43325773,b52596260,3.3039966605238584
u66387653,b79357715,3.3478457812499998
u31686106,b27545570,3.4966308444412246
u29914551,b04374540,3.849790554254488
u24519371,b40598851,3.9132092435344825
u96923265,b62181786,3.310841121794872
u03624496,b08157430,3.4963536235119044
u99700431,b88863965,3.5063702031947384
u67675183,b21674268,4.100321872788394
u50088550,b43253434,3.9464535942028984
u17747950,b15869276,3.643055753745318
u15536587,b15268547,4.146916462264151
u67997191,b81697368,3.8510168114837393
u27618700,b41516337,3.6146250993175046
u77862968,b23457095,3.5878265359477126
u86846430,b72304066,4.158992110498062
u90080324,b55038744,3.7791522499999997
u99858833,b16365742,3.7939632780507777
u01407603,b68325129,3.9683878533248658
u80712308,b19406922,3.818973472222222
u64016045,b43479570,3.9727172569355815
u37206432,b58973293,3.602900503048665
u56333201,b52329323,3.5980192001114824
u15819872,b95128552,3.635274960900844
u43549521,b42439813,3.188010907738095
u31578245,b88947899,3.6535243406427975
u02549216,b18610759,4.177951936001104
u42463198,b15268547,3.75802413415634
u41282928,b02603859,3.5790559953530714
u50504817,b36265270,3.8080661286882336
u62751709,b68461819,4.192488701665981
u84885041,b65667329,3.7790362305646488
u34430399,b77628606,3.7164212190049595
u28479372,b01899333,2.976892054195804
u72106791,b09589765,3.57179377777065
u40240965,b72244461,3.95723145
u99858833,b09589765,3.7313579285218594
u33361904,b81292094,3.6739922668973826
u02083514,b36231626,3.19010536490402
u24960667,b26138336,3.58329623577332
u85359985,b18960449,3.577377291666666
u63401049,b56550745,3.5111148310023306
u90163228,b29505914,4.0399174243973075
u39330888,b28990678,4.019248361344538
u68031774,b51332181,3.9066779458791228
u95657757,b64272891,3.595814270833333
u36706416,b17616770,3.4612831524122805
u68025492,b80102793,4.1521890625
u68482799,b27977641,3.656901833333333
u64421437,b78565713,3.2144651848739496
u73697982,b06036306,3.6338900051599583
u99020810,b22568561,3.3145337499999994
u71327853,b62424088,4.034118558479532
u63642313,b90302136,3.0817011111111112
u01424915,b50852802,3.5828330067567564
u09106076,b95785803,3.502299917953668
u67917390,b22078248,3.1501167086834734
u39883972,b32391924,3.6256306990068756
u02911293,b23760358,4.176602265771786
u81733782,b40934702,3.365953577019507
u50842814,b33701355,3.1409642162249516
u64942243,b83439687,3.8385246699865947
u67750003,b54907466,3.714569767080745
u83069395,b75100696,3.7424682818791943
u36000420,b15461905,3.727001825396825
u09914656,b05819688,3.530185766517616
u09030946,b17064684,3.548464886792453
u57830157,b60508787,2.9910581599832913
u89137466,b37351373,3.8612788071348936
u73200394,b59349150,3.7819497435897436
u08352664,b00524153,4.002141606280193
u53888663,b89983785,3.6157290909090904
u92597680,b13094463,3.351526865942029
u34994876,b58973293,3.5582961466574945
u81289277,b10567312,3.497810985644257
u35222662,b22348421,3.7204952083333334
u09392278,b35067156,3.7428480670391058
u36570670,b08004121,3.510133587980647
u39175239,b12526023,3.9603564517487113
u51284711,b11516322,3.720533715319157
u74166501,b09365531,3.438520118172269
u47543760,b43876918,3.722877152777778
u21555884,b34240968,3.37491319121447
u59573039,b47931880,3.763391737891738
u42166306,b40598851,3.79921847080721
u45498790,b58973293,3.291111418242515
u98863562,b86376623,4.063905320233733
u65037244,b89512519,3.745069285714285
u66150750,b34953904,3.904688388357654
u34739050,b05124623,3.7862520833333333
u36127964,b45373576,3.930091763166091
u16860952,b80871817,3.5510217342836254
u69947367,b12151882,4.121837443960149
u34282775,b02130926,3.4223833333333333
u11235329,b28612211,3.168048827565476
u73130203,b10396782,4.1414968181818175
u03438966,b15439387,3.859006121047839
u51171707,b65859895,3.6837195769230764
u07792754,b03370511,4.295427685185185
u14921259,b31362596,3.840436106297247
u98513179,b58947933,3.7954980256410256
u87389642,b65629315,4.090288619436405
u20532556,b82793590,4.088912977453581
u63254508,b26003550,3.238832770755236
u31963481,b07855606,3.2552944107241135
u67576383,b81974345,3.6802846666666666
u32275928,b73316399,3.1990603000147426
u61704881,b81360774,3.900677229437229
u06129965,b21557753,3.9143422357906505
u80238477,b20547482,3.303460377063994
u56462594,b03579093,3.6030289509803923
u69815652,b83795179,3.87356672088484
u49774480,b28624417,3.9499620175438594
u39508516,b71399591,3.70480488771645
u57302916,b21893915,4.041167621483376
u03077867,b22198568,3.47376859052712
u92156745,b00653768,3.9522965776222057
u34142368,b15460735,3.9597728097834675
u99370625,b26385014,3.8419233077062636
u42113828,b47096249,3.3516468281148075
u65832518,b79619792,3.872087171136654
u78422730,b92071779,3.830929469820605
u47418725,b02793254,3.123857398989899
u87164096,b64926766,3.769548457341269
u60031317,b45502382,3.9439998721810317
u02255027,b66416013,3.776627699232586
u21504615,b17041737,3.7190925261809267
u78828808,b26385014,3.6326753648705594
u01283146,b64045516,3.7582360156249996
u82422854,b86312895,3.966474166666666
u50137247,b44076377,3.6635809676893705
u17494756,b09365531,3.3157672338935575
u20147182,b17741315,3.270447313561762
u52933646,b46271044,3.527252863809676
u97284410,b86376623,3.8017404268731987
u24883700,b56879260,3.9653388124999998
u35634094,b76988614,3.8917067658042654
u44207648,b78647061,3.8629346997893257
u60301209,b80479144,3.323528322510822
u13597624,b08004121,3.6504480984701573
u33364550,b52503900,3.8463544897959183
u02128810,b74609159,3.2396005769230767
u43797989,b13540873,3.275072105814562
u59143919,b14888446,3.109442526416286
u34987592,b19867465,3.6221894160754315
u56426501,b09690709,2.3569542857142856
u06394160,b54781444,3.4607560494505494
u46189372,b90814876,3.7265735714285713
u18535395,b39398529,3.915924388877502
u89944382,b91686353,3.699940184190809
u81606584,b06766591,3.851313362001822
u90536002,b62470547,3.3210085340949638
u60958575,b95439113,3.5059836807565725
u05760886,b29802159,3.9481463651315787
u85294245,b55067058,3.6943213888888886
u01257267,b26138336,3.6402406802177643
u50240445,b30381917,4.041847046783626
u81952853,b37363405,3.5987819021134593
u84791611,b23369233,3.867471612092862
u75880159,b75880061,3.084168165266106
u22411386,b09637723,3.5841436413043475
u22662189,b04374540,3.851013443864878
u33626767,b05154189,3.7482998756354315
u87005946,b64538575,3.246089558423913
u16136470,b47056757,3.8241255234677602
u32285557,b47096249,3.5778319261540235
u36916415,b66908318,3.908170850930115
u11618294,b67584295,3.9756285998694514
u33780241,b54878424,3.6423028648695057
u07242663,b82148195,4.157254731066042
u76335699,b29802159,3.806534177631579
u41770427,b11516322,3.9158092414163868
u77254813,b96436162,3.387413058712121
u74513881,b84216708,3.665675516019135
u55811116,b54781444,4.104497199770817
u59097838,b78008834,4.107808975174481
u29655014,b35526856,3.85533512434555
u92937463,b68297715,4.0411675
u55395956,b46312782,3.163282552083333
u45208527,b21557753,3.958086056888534
u31876679,b28801125,3.7776148180654805
u25235630,b23760358,4.168920188472167
u97022165,b02562594,3.7203526015052484
u25362594,b57433744,3.809277774725275
u66970209,b03714508,3.636687847985348
u78550924,b33091876,3.697637272727272
u65810250,b29998162,3.078378930916644
u99702511,b44711938,3.806853859252969
u87023305,b74034107,3.9292743077956986
u51867888,b52484884,4.021360277777777
u25331281,b19867465,3.809236329201102
u71023688,b66908318,3.838299056058321
u38303293,b14548141,3.404303165584415
u06064862,b92040053,3.5357899091499023
u07577351,b96046621,4.100863179487179
u69836498,b00278122,3.6929082626488094
u54148133,b11016043,4.030029318122893
u99077419,b99620979,3.598365776923077
u95801172,b73813199,3.620957212143615
u57167390,b76040943,3.9717874947456915
u66881343,b82203807,3.6468721355498723
u03803342,b63610747,3.696180978260869
u51282896,b15730430,3.1833074491167435
u51984237,b75726267,4.248481354166667
u20289357,b38240457,3.7008412587412582
u65523196,b39398529,3.614894639227642
u34317703,b68622451,3.823845144911693
u06577124,b31988440,3.403384759293517
u98258782,b61372131,3.5880739618636004
u87180734,b25847150,3.292931432578097
u89190867,b38122928,3.9735601938943894
u89336054,b73733655,3.828008237179487
u21750681,b40128170,3.4287877045454542
u60659034,b90923267,3.8835685
u46487107,b04588843,3.7014660119047615
u51674834,b90796075,3.5446445105820104
u04347483,b97302773,3.7246750886414253
u28021689,b69761665,3.9647853874883285
u00674852,b03458965,3.8573328493150685
u02412196,b88947899,4.004188729250838
u15664343,b61708853,4.1926282936507935
u16968302,b38214177,3.4664356996268655
u27792313,b67956548,3.6704105893342387
u55972856,b62396194,3.7724454272935155
u24758169,b15218884,3.5175357919254657
u27691210,b11481995,3.302746689655172
u81321537,b19821007,3.556770593645485
u72096536,b70930132,3.836172058067831
u17578542,b80854971,2.2804651667128955
u32289262,b26651756,3.8761128047681876
u53002416,b39501581,3.603186789777296
u34957828,b18978605,3.582755307924203
u81534409,b62853608,3.8202246508749047
u23967078,b25342608,3.0552682850241544
u99245900,b88754191,3.5195316369047616
u03928337,b37657413,3.5973236742424244
u98649733,b74094475,3.505356992566257
u07777171,b13215805,3.4832187946428568
u62425760,b79994865,3.6311717819217817
u99482094,b43914262,3.9048552848235043
u49589446,b80719023,3.7894047943784193
u94644146,b63602718,3.7884282700421936
u55929163,b97302773,4.181920504962024
u04685360,b11516322,3.7776779238045584
u69540493,b64083844,3.641946819852941
u80219685,b42637407,3.30671740530303
u62802947,b52645958,3.3387145594965673
u83052461,b66994950,3.708716428571428
u53098970,b58075017,3.703052478991597
u14477512,b20358707,3.419854091880342
u17170720,b50384790,3.5886624089701513
u88529568,b96067067,4.01902715229885
u49910645,b36224199,3.9467267789189493
u85022212,b02216476,3.340795460526316
u97804023,b00278122,3.5380377058131725
u21222582,b72243003,3.778558021390374
u70528229,b88156217,3.561797380952381
u43951342,b07831192,3.782456782199401
u05806541,b95816463,3.3925323084832453
u64758440,b70139295,4.1234735329270595
u49054375,b65629315,3.8969269563008124
u41782494,b09123950,3.4024624324510615
u24188384,b36766414,3.888892477602427
u80105745,b06167371,3.4141177273662975
u41147846,b17187529,3.8172000501224597
u28418535,b04797457,3.805368938643206
u84876258,b20478240,3.749922905375874
u93362544,b16365742,3.8522009765706295
u75556645,b06167371,3.2244685176282686
u22510032,b13222925,3.440195509118541
u19526801,b37466269,3.758484188970927
u76329381,b39664275,4.37436875595419
u37655260,b94385137,3.7456088487332337
u75708033,b94981843,3.066157055114269
u10397869,b09399885,3.6787321022727273
u27426756,b29738200,3.831131715212596
u16687973,b24097557,3.7610981820422245
u64440459,b46024181,3.794277280927835
u30995785,b58973293,3.5674838363819985
u85804639,b79928088,4.151153546333926
u97504650,b88733051,3.0381412745098038
u52142148,b68998721,3.604437383775645
u85405972,b59881354,3.9079132718696394
u92446519,b96744826,3.9564354779411763
u64660681,b04529407,3.4847153571428575
u40888503,b78858318,3.537980236006683
u55653027,b00255011,3.3712033531746033
u18479340,b79815294,3.5053537216858572
u33841609,b07327816,4.0175564339781324
u60645427,b16365742,3.7862734421921918
u28998397,b93936801,3.84274972289205
u91845111,b90005045,3.3122749999999996
u18904204,b19516972,3.678384425361732
u94261250,b18469261,4.13588861697938
u60118382,b75622933,3.937919862906701
u56334923,b70680443,3.715313006585613
u83287692,b09049778,4.011936747032641
u70737100,b79253970,3.8647844082716567
u46209564,b88805343,3.5863509725114886
u35428739,b35526856,3.889378289550228
u37684741,b09049778,4.041029154519732
u66422273,b88562055,4.015104648760331
u00517184,b44488728,3.5981122402597405
u47062621,b99069142,3.707626875
u76990456,b38337565,3.598369934763379
u32366204,b77136574,3.668681021935382
u52264007,b89817655,4.030718833770396
u11675042,b97659010,3.6015762988762754
u90127761,b30342653,3.7312466264478763
u09051557,b20547561,3.298019154554263
u41975057,b73353044,3.7212027475272405
u03624496,b74929101,3.8028418560606063
u04844640,b44037001,3.3115599038461534
u42745974,b93150761,4.162335000000001
u26715218,b15860915,3.269910635976352
u41741435,b90844342,3.4164531087662335
u84104407,b58335280,3.2474463888888887
u26738032,b27096444,3.8513245811615784
u15443350,b34755064,4.071856446153846
u31408019,b68965152,3.6915139285714287
u89289352,b69763611,3.193358690476191
u25685715,b13298774,3.6466997397840717
u24245204,b75695294,3.9648272727272724
u09411493,b34466452,3.5944712783446713
u44941838,b14338293,3.976987235473808
u26289449,b65606948,3.421378400673401
u84492487,b17244552,3.472760477272727
u57537695,b63043179,3.5987520833333333
u64390767,b83439687,3.874117689373297
u03384043,b15268547,3.7863568789308175
u32807673,b17187529,3.532513585387823
u65571493,b37477742,2.957542633309421
u52670570,b36494030,3.539502295321637
u60959289,b25321754,3.644808858036636
u03354375,b99145398,3.833623924416052
u86767617,b19953221,3.261978596491228
u37151082,b90032980,3.4143867436101027
u31723461,b72750413,3.745199822154471
u54793466,b86788370,3.770345411148635
u03159324,b21557753,4.050696614097529
u47395714,b82148195,3.8669358555450124
u02790181,b24274613,3.871740683229813
u54981120,b76040943,4.217505675385277
u25275900,b39050561,3.424835
u15903284,b14311233,2.9623349999999995
u86852149,b39739347,3.510858008557938
u55881123,b75100696,3.9451474347568922
u19636190,b86609689,3.8234216450216447
u15339022,b56751792,3.983409783653846
u20044065,b52736396,3.5699177499841164
u42378100,b62761201,3.890987098214285
u37326972,b39398529,3.8435198475609753
u42292933,b21674268,3.8980305533439488
u68918240,b52485134,3.5112092296653614
u68511836,b38730188,2.89065352739726
u53274598,b11516322,3.639544027210884
u04878928,b67150201,3.8968146875
u92467232,b13716034,3.572954959016393
u49163917,b05154189,3.821283296005915
u48764529,b86603263,4.199003673245613
u39201858,b47764774,3.5299809375
u80713921,b46983724,3.758386025641026
u55963896,b43915900,3.978125575181159
u85140297,b70342723,3.4605663694638693
u22978018,b70701888,3.379689302662037
u03259927,b24413532,3.526266501976284
u37551860,b44615453,3.9438204246794872
u81981700,b76932568,3.6117114230769234
u04571700,b84892512,3.621772395833333
u97096868,b19867465,3.6553600034435263
u52946121,b54369491,3.814356644958077
u09163932,b51485694,3.798774571718931
u10537550,b76329691,3.4370492372670807
u01098180,b29802159,3.897697927631579
u56298849,b85321421,2.870335675061315
u09169542,b46024181,3.7666486193080146
u43551925,b22016281,3.941453603324982
u96404228,b97062216,3.7123002631578945
u38066437,b67030393,3.8488013334807603
u27207590,b08004121,3.3650050800755085
u58448416,b87439329,3.539719739583333
u79373616,b05154189,3.8015877242135305
u74613111,b01714936,3.8855466807903873
u46937493,b26953382,3.8365599038461538
u86675497,b19410069,3.682823768939394
u52027995,b74559815,3.477839293103448
u75299123,b69989437,4.305918831670231
u53683296,b90764043,3.291645002154708
u22793605,b73098962,3.5152139178309465
u46937493,b16001033,3.5864789772727272
u72646099,b98824412,3.1390170454545454
u12089845,b47303902,3.526188695773081
u32664682,b62718965,3.719366809910345
u92124360,b39050561,3.6861311951754385
u04346189,b06439034,3.634210604296066
u05484478,b64538575,3.258949010416666
u75477316,b60107102,3.6896109886695907
u13797876,b69191526,3.7318868944099384
u98694846,b41341679,3.8423050384112454
u30566146,b28981063,3.3707330613474196
u66686788,b64932806,3.9143528042883164
u88523025,b12920844,4.068673628048068
u89789555,b46344425,3.9041185584795324
u74800369,b01714936,3.9839595116120217
u31903808,b07150752,3.481874414715719
u49905319,b52500520,3.622740422077922
u67359517,b88947899,3.7328914438702903
u42270110,b26138336,3.7480855930084624
u52453326,b96067067,4.066669307471264
u09985071,b60613242,3.6853343588250516
u42528828,b07563168,3.9874201237174756
u00882770,b26354292,3.6703901767676768
u27545987,b84753332,3.5107349450154723
u62064722,b22226947,3.318358690476191
u38576263,b73813199,4.078421967284308
u44127137,b90720538,3.5362520833333333
u95014035,b38238028,3.8203630555555557
u32592052,b63622997,3.5240205927164623
u57943745,b72782535,3.642942242862545
u54438342,b56816784,3.5534300000000005
u72779856,b22570609,3.650064972848788
u51015408,b51791070,3.52788875
u80545299,b12288445,4.013633970642883
u16950081,b41726148,4.027441275458762
u52004346,b37561328,3.5376775382393193
u30056847,b80531041,3.739400180322128
u15673904,b76305437,3.6793811594202896
u21927923,b89024434,3.982501304984461
u58931399,b42046854,3.2324811379551823
u33521229,b78402742,3.649642329545454
u71392835,b13222925,3.434119364429896
u95111492,b79928088,4.150058452608787
u43034138,b14653724,3.389857451923077
u31042844,b96367319,3.5589343108974356
u41558067,b51735088,3.956431304469274
u23414935,b88182084,3.5801599716330252
u71506103,b94732784,3.7045563682745826
u25130436,b73062540,3.9050489425770305
u53370719,b73296646,3.747225673076923
u82820981,b80596289,3.461645788392744
u76496466,b71904117,3.724122872025088
u46410914,b46006537,3.8445439832535886
u42229875,b84003655,3.6943585714285714
u06588019,b04222499,3.9010395312499995
u30822497,b43479570,3.8590603874573697
u25616849,b18610759,4.138891326012821
u99521392,b35526856,3.5676832708972737
u32262871,b20790379,4.002299521411304
u84426400,b29392448,3.9406274127906973
u17340087,b08135061,3.640034848484848
u04273726,b94454893,3.9605307930107525
u37075471,b24886026,3.077958663010923
u90608175,b22204774,3.535366052188552
u33529038,b12151882,4.1579719841617315
u91839334,b39676787,3.678726731814381
u45763677,b32439426,3.995358308080808
u66326180,b21400871,3.8679875946969693
u45629803,b03458965,3.821527801696021
u51288595,b10239804,3.6692352990728176
u26771904,b05487017,3.8292234009740262
u26758830,b70912031,3.84183836447737
u87423585,b40598851,3.640019012624057
u59076583,b48021111,3.797757376496053
u64451348,b14547631,3.678067478070175
u74180310,b17585340,3.6349813012587737
u74026838,b26616276,3.4435024999999997
u30529070,b23760358,3.7589848426526205
u09479839,b20144597,3.403637434210526
u09031290,b52523183,3.596473935185185
u31082611,b51986055,3.7344251296742437
u87361031,b49740475,3.7027155375874123
u35683151,b57167994,3.6080914930555554
u82243049,b67030393,3.8690664586097596
u78822346,b86376623,4.045388818067865
u48525144,b20905228,3.7265532499999994
u24258489,b69989437,3.7761452356557377
u00173278,b20135529,3.5703005132570267
u27171652,b82682340,3.6246914097988316
u12089845,b20812505,3.4809899233716473
u89505010,b39837030,3.955383306359385
u40392321,b09304076,3.5360252533165033
u18178666,b50275880,3.43623698262953
u99143146,b54499051,3.5356948648648645
u60092297,b76329491,3.5209842123538015
u47504882,b25808746,3.623184464285714
u03926025,b70912031,3.8994200804093566
u16581860,b67165478,3.660249738657503
u02249509,b67550881,3.604758618465475
u20128710,b36766414,3.9805090467869193
u82753211,b21221430,3.735880677655677
u95539341,b98335764,3.777710496575342
u04553027,b73921727,3.645976863182773
u36059952,b86212728,3.450901714285714
u21269242,b39260049,3.7754160785953177
u12768642,b74511960,3.824957659266566
u87623235,b79928088,3.9830698467184398
u48100030,b65667329,3.9823361935618724
u67289516,b90354954,3.4712818333333333
u78850166,b16231894,3.4091939663461535
u78088174,b86377281,3.6238760893980233
u25148688,b43479570,4.028583598611501
u44829333,b46344425,3.7241522499999995
u28900632,b67584295,3.888878540345642
u24991825,b69647795,4.139562588541667
u55968146,b29802159,3.565589375
u15532276,b61430045,3.726930119047619
u27507536,b44377908,3.2573603846153842
u27720122,b34463991,3.580510311833959
u53839847,b65216323,4.142700247229326
u75536482,b29505914,4.046281348815913
u85293388,b51068688,3.5076610984848484
u44930551,b31821160,3.7170115115034084
u57016763,b21674268,4.257545383875402
u17524044,b51332181,3.7676002544915628
u44715210,b34755064,3.798970204166667
u96448185,b43521644,3.5274284201388886
u41870835,b79253970,3.901056846405228
u97183695,b07812624,4.2246878430938795
u79674829,b07278059,3.805464105555577
u66498298,b69989437,3.817204766487734
u72946262,b51332181,4.017930988523613
u78584736,b82148195,3.3202777745539946
u29712206,b82853645,3.9193365122126433
u21257300,b09614554,3.5852351666666666
u67964450,b79928088,4.294579590110625
u65842138,b89572033,3.678535467900155
u41960750,b68759472,3.3702934157509152
u35386473,b80596289,3.5023373764600176
u45856961,b82148195,4.296998320809632
u37384333,b06167371,3.4999471398706237
u20558426,b13298774,4.0103464816058
u83190357,b79640364,4.12323145
u51060214,b57283428,3.5007342005420057
u21132835,b73712332,3.792668326330532
u59760546,b23760358,3.783708058801518
u29161789,b51534871,3.524094590053763
u18398508,b42749067,3.766388634087216
u87402876,b14338293,4.226987235473807
u04842819,b05154189,4.239473777616833
u57647401,b33091876,3.4551584185606057
u84659559,b42227543,3.8425223973644695
u30632823,b31310601,3.6009832407407405
u42896748,b71827801,4.093732678372352
u46693505,b21231766,3.9053480041229385
u53274598,b96621963,3.701273794117647
u09868115,b52648851,3.921812431170108
u13687492,b17618752,3.543292455882353
u39456243,b66416013,3.7800884977255365
u65024457,b39916665,3.75407808904146
u23364336,b90593106,3.2433142708333333
u09600630,b29998162,3.4277379052756185
u89356530,b07666694,3.495529212503183
u86700844,b07925447,4.119832828282828
u58528081,b20537286,3.9831437660256412
u84257148,b93198882,3.543431955266955
u37215839,b00553199,3.7681621474358975
u53507546,b95656028,3.5102407856929916
u71605139,b54842512,3.5939576017441857
u86869148,b11689530,3.9665414788251363
u60746807,b58973293,3.3946828468139434
u85577626,b18469261,3.754094253968254
u65037244,b83135565,3.748515534759358
u87839834,b88463400,3.9196595997807018
u94448754,b48718276,3.4124898814847944
u51710996,b20263758,3.7209010224089636
u92127840,b48801576,3.2499173918918918
u31253563,b88947899,3.701588922861887
u76884862,b86889066,3.582841427142185
u80414607,b00450789,3.5712407346491224
u47145091,b90724246,3.4471077468487397
u03846552,b38352355,3.6713022470238093
u45916414,b19406922,3.8223886064425767
u76724774,b63721105,3.4225275590418356
u27947311,b94989213,3.8005433367195423
u99564152,b26138336,3.491547838647997
u55584124,b23457095,3.7849046981837606
u07247118,b54781444,4.027010857142857
u59182455,b03579093,3.6886806666666665
u15396837,b07812624,4.099667219890804
u17448555,b59818681,3.862633943854844
u34251370,b60875236,3.5578313648217903
u77484630,b72338731,3.927971371532279
u54634485,b48337204,3.1778498660714285
u48716629,b69989437,3.9293082091405864
u18614155,b25762643,3.936298539839181
u30130876,b08004121,3.119964112713267
u47540203,b40598851,3.5729280098095684
u64385666,b55984728,3.43393887795399
u96819645,b98789468,3.5051528980248228
u99746749,b77101493,3.979350535325241
u19494363,b25811713,3.9067509065934067
u65544125,b06218662,3.518733948943213
u36616372,b06831882,3.6567906639194137
u56464476,b71606543,4.037491042899408
u19357278,b15268547,4.053435404571843
u43462128,b89571675,4.023744281655844
u54068510,b97309966,3.8414810374149657
u48959413,b60562440,3.5840578030303027
u66921345,b19822827,4.266196462373083
u27693579,b18530260,3.7166601984126983
u73071458,b71734908,3.5495450476190475
u88632127,b43914262,3.7208285445289935
u25842819,b59909176,3.1548742857142855
u09392194,b61372131,3.463073961863601
u19865744,b33796246,3.4128653577441077
u97202589,b26635003,3.75232702916011
u03638593,b29738200,3.911709753436983
u94076461,b80070869,3.795258228643216
u15551896,b24247877,3.678716456264324
u48716629,b60500282,3.7077976121979286
u64361391,b72005521,3.6226690177093674
u42463198,b78377250,3.764045423976608
u40233346,b51286612,3.691595373563218
u15210221,b72244461,3.533855825
u33344403,b19867465,3.9094716701101926
u46509376,b82853645,3.82832724137931
u18737911,b77628606,3.6761950053705688
u96488856,b95080493,2.9038288949275364
u85084155,b09049778,3.874978205365974
u14469050,b08268015,3.6727806193284938
u60284761,b01338628,3.4094461181139124
u51643522,b08135061,3.3266178552732377
u48297772,b87618318,3.7864586100131747
u56310054,b09317112,3.7545186491616573
u93067250,b66046995,2.967767988064791
u63969340,b34925770,3.759811102941176
u65030356,b98034668,2.9053539378478668
u47448521,b38399229,3.7817049337260675
u56970745,b31362596,3.8068485984848484
u23330314,b03946791,4.060106438065989
u81534409,b16428538,3.5862309375
u31951919,b83439687,3.844242732790664
u33120659,b17347267,4.065642167192591
u00529487,b74078005,3.63339302579365
u65162013,b74821603,3.6145879618449808
u46721218,b09049778,3.9493704204764155
u83083434,b90840036,3.755968111111111
u50761769,b01714936,3.779282484331456
u49060323,b37657413,3.711212563131313
u56850527,b38850631,3.729592441357261
u66765469,b10322960,3.94201952724359
u94615527,b70912031,4.111090062656642
u94060084,b00450789,3.6188490263157895
u21143790,b14796819,4.176259112523058
u77146748,b09304076,3.870754443760263
u27077247,b13222925,3.585890350388382
u37948213,b93164941,3.592313854166667
u55307606,b22785797,4.052657203962704
u36226931,b14476018,3.700382147435897
u56690747,b42027204,3.893714962768394
u64390767,b44944170,3.794956082417582
u64397122,b26138336,3.5777596676208647
u96715051,b69989437,4.089647831989647
u97428867,b17906067,3.8519810776532832
u78550924,b72304066,4.036634037322274
u00517184,b41128929,3.9798302857142858
u71246645,b26783178,3.4914294758064512
u53579333,b95113879,3.719630200433069
u91516269,b70715493,3.6024725061479987
u35189718,b48867860,3.454362638888889
u81966865,b38122928,3.6867142415134366
u02329896,b72750413,3.7638118219624594
u58322454,b30830987,3.6252229487179486
u13184825,b05819688,3.592790808534423
u05981024,b99762967,3.355121358695652
u75613037,b41790290,3.5436807510901858
u25300164,b06766591,3.639617455569073
u15510052,b69931234,3.5183089947089945
u28030421,b84462089,3.689216325309981
u51807981,b84822634,3.3107374404761902
u15013028,b80596289,3.470403654024735
u94468941,b65481557,3.666041507936508
u79619374,b10161001,3.6650632629870126
u92304955,b78180005,3.4349169917769338
u30296347,b38115755,3.7294546283783783
u47208586,b36066654,3.2154728461021502
u81787594,b18469261,3.938475172603296
u22175834,b33230428,3.8109462794348508
u09517988,b37363405,3.854384379931568
u01220534,b09589765,3.5787752553616867
u25081483,b10567312,3.7446924511822024
u22335701,b23369233,3.9079239689139693
u09545986,b70594592,3.915663395721925
u55885991,b26940296,3.7514905661881977
u19408896,b42634152,3.2800266950757573
u67556546,b14632405,3.773424664821648
u00387165,b59032154,3.62284515403091
u41373370,b16024414,3.5225244950664
u14211629,b65061509,3.7763830943627448
u28829598,b75979651,3.331973638211382
u81018018,b36972912,3.9084433438534645
u81828791,b50275880,3.706434186507936
u01619835,b46006537,4.014221829573934
u16121473,b38122928,3.959826860561056
u81554759,b62223240,4.008435355550111
u26772085,b43914262,3.6459794125465175
u16359454,b04670551,3.5963902777777776
u90662972,b62130513,3.775834138795987
u64485886,b59061395,3.9768105334987585
u63549776,b96621963,3.7933599931143025
u58900348,b51332181,3.78633632122295
u35286587,b88317943,3.1305552955440548
u92228683,b92369977,3.473419772727272
u93085815,b30494145,3.5858201225490194
u93894361,b07812624,4.0482992719979745
u37943608,b05154189,3.9962165423020988
u97904443,b53545849,3.9613475860507243
u27077171,b21674268,3.8902259860362567
u08954049,b02130926,3.1518829761904756
u52478134,b57745506,3.430054583333333
u04149302,b23482469,3.649792427084086
u79464776,b80070869,4.0275283873733745
u15617488,b33701355,3.223814793148028
u81190113,b72782535,3.7925387266023822
u00325618,b72782535,3.79838947421638
u85894700,b32735719,3.44034167824074
u03298800,b48867860,3.858751388888889
u73795663,b93997659,4.104754569632495
u92604009,b29751550,3.9717512499999996
u32767112,b22879567,4.028864799197379
u94576872,b57704283,3.4355599203213156
u82784125,b67030393,3.9217698303202857
u35365348,b43253694,3.836108538365304
u26025358,b65411088,3.656050168067227
u00111518,b66983425,3.5582112945632796
u06369864,b54235467,3.533045615862573
u98444003,b96839297,3.3684797435897433
u25542982,b68936917,3.5786183959391593
u60973863,b93997659,4.163805666745009
u33279275,b09365531,3.6182197759103643
u72154489,b26385014,3.5119725443048053
u71725542,b42283267,3.6817512499999996
u43930052,b16024414,3.325069916736706
u99646364,b87049222,3.968154082947703
u80736345,b30107248,3.7487218749999998
u10918000,b60950824,3.5474809374999996
u94323449,b59575409,3.4979064172462326
u00637607,b99620979,3.5531177845410626
u23692066,b52736396,3.937481456953642
u67857862,b08361489,3.7911231306306306
u50069371,b88947899,3.8249134738601547
u85401916,b50386610,3.170456702196382
u98937623,b68095955,3.850509029357154
u47583529,b23711476,3.628110006999254
u93850637,b82148195,4.296998320809632
u80213152,b54369491,3.7323626936411514
u09360315,b98256804,3.88862309824159
u01510669,b33391853,3.6427483516483514
u47708111,b80236573,3.5716696897546893
u29190811,b85462814,3.757948698830409
u52427655,b87284015,3.787979480744949
u88263700,b08349503,3.7467405649926335
u00861719,b99719030,3.0831739545454546
u84560515,b34681163,4.064081761506962
u21063449,b31362596,3.7086218539488973
u42922673,b19867465,3.6933176221586104
u18040686,b41331137,3.7463187423116855
u20313666,b44944170,3.728823164492926
u90050314,b79253970,4.18884190039194
u07787942,b86896365,3.5997453177257523
u13066485,b79975924,4.154829277455801
u37415689,b70912031,3.9481938523391813
u20019335,b97454851,3.7110638541666665
u53548844,b99995068,3.3601847478991598
u11513655,b15484815,2.997305657894737
u77818535,b90421686,3.9446211608837087
u56267205,b20537286,3.7336763223173883
u79706959,b61540818,3.5561014999999996
u16169439,b34681163,3.9470171873756317
u85611233,b86763538,3.4770516046581967
u39804565,b45359881,3.872897604166666
u60986005,b86788370,3.931156453264763
u81793387,b08545824,3.8278563553572216
u72511767,b38337565,3.6398885514408192
u67257732,b26960566,4.0407900887635755
u83114225,b14632405,4.229201068078353
u01432716,b42760665,3.8181465517241375
u36732651,b77342401,3.697406341710865
u66765469,b46315640,3.622612042124542
u83185904,b18610759,3.9830525763507962
u58549394,b48177176,3.7368917063438367
u89089165,b19830299,4.09656891025641
u33392819,b42349213,3.8600946777926497
u96923818,b98844131,3.495424534739454
u38349060,b00793888,3.496991461139955
u14330700,b68095955,3.8768618529353556
u06165751,b89860106,3.140976657037815
u17182857,b52929604,4.209241538461539
u50426571,b26138336,3.5372785081843716
u71116266,b08330741,4.044427281162465
u48060265,b04374540,3.822120189512847
u91745627,b74504784,3.7905725671892494
u18191760,b21065796,3.5829406410256404
u00482526,b41094724,3.8623938114250613
u86586216,b25004187,3.67127661001462
u20370957,b78407229,3.1751421039603955
u99012360,b39709801,3.9710287231691916
u60587923,b96783065,3.664304694250922
u44127137,b85175518,3.6591522499999996
u85232194,b36398776,3.6779715598940723
u97027031,b58169611,3.6187978409090906
u09902033,b12975176,2.9802308184523807
u41535627,b52473532,3.6388079078733764
u54945950,b90840036,3.813336605263158
u71534018,b70912031,3.6927528318077805
u96495609,b97491927,4.089188634992459
u05416261,b62718965,3.5920932852700025
u28027991,b46006537,3.8445439832535886
u72198475,b71020602,3.441629479166666
u68302561,b95615820,3.3837097916666665
u07378658,b02766522,3.673194537815126
u64485886,b49553867,3.9989985963258676
u59443457,b36265270,3.702733942259518
u04844640,b90032980,3.301955424679487
u96157592,b15869276,3.7940679561262707
u58725454,b83749692,3.502161895885547
u29149751,b61571243,3.644158813131313
u91418804,b49553867,3.5282867447128505
u47790049,b45594562,3.461118
u54437554,b19687370,4.199793531752268
u70971350,b15354652,3.8435554727170347
u32012219,b44223736,3.1895450476190472
u09488174,b86377281,3.299911863207547
u00470071,b95511741,3.5601497332858743
u81456070,b00595420,3.6859757575757572
u85299539,b87874068,3.8914970208333335
u51464854,b71794852,3.6226249062948543
u79071470,b44849506,3.4288070884146338
u25175469,b39088089,3.846808775382226
u09677908,b99145398,3.7854373076923076
u99052617,b19369477,2.6978341666666665
u60413091,b70021124,3.7506160227272725
u98572288,b04374540,3.851013443864878
u84425802,b79815294,3.9934925490742064
u02612539,b98954571,3.526215999201451
u24801398,b21398815,3.5250350885668276
u05419797,b60107102,3.8366921874999997
u54981120,b09589765,3.6693388664727977
u79558973,b66191127,3.793896810511089
u78595221,b78156277,3.6230124627421754
u25724098,b10239804,3.7566217045454544
u25978602,b35526856,3.6334188743455496
u74371555,b24413532,3.621425706521739
u69458283,b64932806,3.7575848641934306
u34829814,b26540924,3.2122336046511624
u13979153,b62202095,3.5946569166666666
u34131050,b54878424,3.673113887076465
u35581149,b87691807,3.8820140215215213
u57043338,b30933014,3.9460779195216547
u86453416,b24593494,4.199968064661327
u73375415,b23320804,3.5300804642857138
u08883132,b72782535,3.8339845091227076
u72198475,b15764467,3.797431542699724
u92343186,b70680443,3.735598244680851
u78999803,b41566519,3.5076633196496987
u01432716,b75608279,3.9162762499999992
u66017890,b52842739,4.007083814902719
u73473255,b24500781,3.5894908660130715
u47603292,b22430494,3.480668333333333
u25553227,b43329233,3.838421462367556
u65666701,b08180481,3.557069269652305
u41544146,b28801125,3.8270466025824486
u61495778,b49433911,3.733975537037037
u71874848,b87295708,3.5529658928571424
u77801734,b44711938,3.857401858211701
u65891320,b90893106,3.5052897470238094
u13070832,b73939527,3.4057230865745507
u71008515,b78275112,3.9389179949811237
u30601002,b88487078,4.069648608338014
u31522720,b26385014,3.780144867140929
u50692600,b73933163,3.851997321428571
u22497171,b26539361,3.5963068519036954
u83594983,b48270179,3.7405089930555553
u38303293,b34532932,3.5251141964285715
u30409902,b45359881,3.9320854166666663
u93986505,b52842739,3.900833814902719
u79204140,b31024771,3.640385078933747
u37445164,b22105612,3.684403627819549
u66282446,b17585340,3.376052729830202
u35388577,b15094299,4.2674780158730155
u54167256,b55694594,3.5392763725490193
u15927744,b36231626,3.166171392487124
u50046299,b29802159,4.038547822589562
u68515671,b42786622,3.315954206349206
u29190811,b57857330,4.010505277777777
u04650093,b43914262,3.8508855570327896
u99853803,b25811713,3.686514877181642
u55755379,b01379050,4.080901714285714
u17227671,b59558374,3.73478014619883
u72053275,b95439113,3.762081267655367
u46918993,b60500282,3.6889499660940324
u90678176,b27882595,3.5222116106719366
u57328641,b41508817,3.5206447619047623
u35379697,b08004121,3.450601814961998
u28485740,b35893416,3.634714283625731
u65334994,b46954369,3.487942023809524
u05346583,b40550660,3.524774539312039
u59082984,b28338983,3.9126729553938038
u83929385,b05231805,3.8136349214813565
u28846857,b03671144,4.012678549877683
u52788518,b87068336,3.6867589087301584
u68967234,b78457511,3.7367598695289064
u49765915,b06167371,3.8191757520982907
u65714406,b40128170,3.567815300850486
u56474810,b32727723,3.8711997429653677
u10138350,b44711938,3.878580774477557
u00395093,b39081955,3.936796032211321
u37211173,b90214856,3.9983289160401
u69351677,b92899961,3.4780246969696966
u47234321,b19494868,3.8091287008101853
u04091312,b27289602,3.6062410736860535
u05767988,b04721713,3.837899504764402
u84584540,b90814876,4.017623070728291
u45365879,b38446710,3.5145068201754386
u52501920,b98844131,3.652117227047146
u06137067,b10229286,3.5396687325581393
u49691545,b82356258,3.823752083333333
u21134374,b36754274,3.6610213686211663
u17201164,b75782829,3.4819216619008713
u60003923,b29422431,3.6862746428571427
u69842138,b08233764,3.4129397456709953
u12396820,b97964357,3.533876794871795
u34480141,b21893915,4.130543025210084
u87737633,b86306498,3.80377464781746
u09110936,b23378256,3.6014929802653817
u85501764,b39217525,3.8158628148496243
u68289888,b94438753,3.5815170995670993
u96326348,b46006537,2.9937752521929824
u62760647,b33391853,3.740659681190902
u46983279,b46006537,3.6570789724310773
u71509810,b53192007,3.803446652462121
u53126233,b77508650,3.033624593319642
u71916948,b05853556,3.4761783953243914
u09809484,b01714936,3.880551066284469
u92630863,b86843272,3.818742156521739
u02844557,b17618752,3.482760477272727
u52874739,b67380674,4.028389612068965
u82397227,b56482176,3.7043073369565214
u80875285,b53545849,3.6488166485507243
u66547269,b15688485,3.798588204779189
u92101412,b65606948,2.950191664076664
u49174314,b58973293,3.4730585396443843
u29449997,b48860547,3.4663411515151514
u94730098,b27702770,3.977020165608876
u88291196,b27096444,3.820116252699759
u58073828,b68325129,3.6420961651583714
u59532795,b74719644,3.8388420427350423
u77839767,b17618752,3.7941818435672516
u93787467,b97302773,4.262895892558922
u01749144,b22103572,3.8835053846153844
u71529610,b79619792,3.8033254234514686
u48935650,b29802159,3.9153000109649123
u61013786,b80070869,3.6518981352725346
u35384435,b93241768,3.477041835877328
u08141792,b08180481,2.6423534079438227
u49571519,b54844775,3.9863205497198875
u90678176,b09902724,3.5609798913043473
u80536413,b13186075,3.5103238690476184
u25018307,b97309966,3.2092449090505766
u94601424,b59032154,3.7799138224969475
u80577265,b57002888,3.0908320903395534
u96560422,b70055485,3.5645032820586544
u05997679,b88863965,3.333336569987667
u94462479,b01035047,3.7352620993086108
u46340470,b51856279,3.5898235119047617
u34487392,b92598217,3.286428260003885
u09074201,b57002888,4.088756374119154
u63406049,b95822040,3.8003138153500853
u60462825,b67030393,3.709269830320286
u85803510,b71069695,3.380078733748525
u88615281,b82853645,4.069440318302387
u34090245,b93475213,3.700122061482821
u83056314,b43055826,3.726659389880952
u17237770,b77628606,3.710552037140724
u79589048,b89833966,3.5247948076923072
u27484565,b00786893,4.042193708333333
u68327006,b62325202,4.058633057123057
u06657026,b91712126,3.8312265347372585
u84426400,b60142959,3.807679342783505
u58116770,b41341679,3.7706701365392643
u38405252,b08004121,3.428558078576258
u20400735,b27879411,3.3097102083333327
u19058908,b52484884,3.7819377777777783
u38307982,b44491912,3.875211374458874
u82827244,b86376623,3.8258014439261623
u76860820,b83439687,3.675527403659011
u32579779,b43699450,3.634246380757885
u82007425,b44313026,3.9670431249999996
u38310727,b78180005,3.8530421018552117
u43895438,b08545824,3.946152813314114
u53220051,b33298668,3.8027365729119973
u43317873,b80596289,3.542979094886519
u65266293,b15094859,3.8532157514544276
u66469777,b17618752,3.9703508269230765
u47119256,b09365531,3.7926867848389354
u88646949,b62223240,3.886348033840766
u94623324,b32345857,3.6759457323232327
u52295916,b43914262,3.7385842573803987
u57990665,b79838712,3.860903539915966
u10138350,b60875236,3.589133885830194
u78259288,b52227953,3.718125164321105
u58725454,b08349503,3.623205854565337
u55147626,b80934346,3.607887756410256
u13192809,b99246476,3.8266422058823535
u21125978,b30331659,3.8402456466763004
u11744166,b82682340,3.9287242832209914
u06202438,b84098191,3.641420153582659
u18809087,b10136233,3.745454556277056
u76533230,b52842739,4.104643573605252
u51038030,b13108919,3.3020071361726506
u02571401,b71294015,3.814853261904762
u48970508,b10302742,4.1663180833333335
u43816670,b12526023,3.7212319187484084
u79172607,b70912031,3.873140885485773
u41147846,b82148195,4.061920991012991
u31214827,b67550881,3.994609497478832
u28806654,b41451971,3.5511245239445755
u11441202,b66409189,3.307356145833333
u79861396,b73813199,3.58062458966193
u67543170,b51612619,3.922332942263112
u02505870,b67165478,3.5203284601566964
u25671544,b74929101,3.7853876136363636
u87288300,b74303154,3.993706968599034
u44243794,b05994307,3.5047752353326653
u40626944,b78990759,3.6370190464743586
u34247346,b20537286,3.696951736111111
u41558067,b22016281,3.9731795097087383
u06824572,b63271225,3.6934662499999993
u63291148,b10567312,3.844846199981433
u07440501,b97887852,3.8216369370229004
u05217581,b27179218,3.896219233038348
u16529761,b90370421,3.9053867132867133
u46157622,b44966320,3.432977890406785
u74853087,b00192663,3.7507422876602563
u28679879,b70912031,3.7815271856725143
u21034541,b87779498,3.4300584243363317
u44890483,b78407229,3.4297681513505056
u08455126,b95822040,3.539623778598445
u98459177,b06482887,3.31112880952381
u12917617,b53321055,3.643524344405594
u62647861,b57055452,3.3151429444570475
u45876645,b16470203,3.1621937736742423
u06054621,b21196415,3.889368818516042
u37493641,b03837849,3.5242869047619045
u26188572,b71794852,3.9356501163788877
u50303041,b93745301,4.237947623361547
u48182748,b49553867,3.7152707280710646
u17030691,b98016485,3.8465390218156226
u50538799,b66261719,3.450719820774463
u23813169,b47707851,3.385470032840722
u35715079,b21013059,3.4736343749999996
u49910645,b80952577,3.8053179099025973
u17515138,b67584295,4.250628599869451
u06562169,b36224199,3.8726522829705408
u99323223,b47854311,3.5438671442495124
u39966095,b49579109,3.400779722222222
u43838091,b53876123,4.003302319153854
u93815456,b11292572,3.4599951441102754
u91236660,b66610152,3.5277338392857143
u30566002,b88947899,3.7297137778359932
u29852516,b95822040,3.4268229338202354
u76929112,b15722276,3.782631012511585
u11794141,b36312601,3.5240600079365083
u16284949,b03579093,3.8645592325581393
u75401805,b75100696,3.5218185318791946
u68892546,b71927035,3.1877979831932772
u28554293,b67030393,3.850936496986953
u86297182,b71271368,4.113325470831327
u43506922,b79975924,4.233376564365999
u45427824,b62307846,3.444908103655604
u76620060,b53690209,3.476398020833333
u03008015,b47831110,3.785873076086956
u45403815,b64898087,3.5311927313804548
u99361143,b16656208,3.403846964285714
u61626899,b62008180,3.7135059416888296
u31228908,b08545824,3.778006983264028
u32489493,b69110543,4.021412180068836
u90445529,b97133251,3.6534813541666664
u65301301,b65558862,3.723903989361702
u97731524,b60500282,4.009074329028396
u96961019,b52485134,3.6904313717757544
u02204419,b41790290,3.6236253647295604
u64651823,b94253820,3.5908711507098854
u86852126,b41451971,3.5807513662790695
u44471449,b80203303,3.7181864583333333
u88629857,b82682340,4.078495045961572
u12037033,b32288653,3.9405080215623625
u81778004,b16263579,3.8615137325592905
u98517780,b86376623,3.9734792450812435
u00634922,b34348391,3.753402336679864
u73783287,b09049778,3.8634840211290267
u02595835,b49387759,3.643629894957983
u04169740,b12869668,3.896353858640855
u61123213,b17064684,3.3771653867924525
u51283337,b51485694,3.6790376777795375
u84525913,b41662387,3.7103811041666663
u39942335,b77136574,3.696710366855168
u39869401,b68787383,4.0530163115615725
u74606904,b89324149,3.9935879922097643
u46410733,b15682357,3.9680363807007786
u04921752,b67873731,3.4999614351851847
u87893149,b94989213,3.798149470899471
u74810169,b78392111,3.933480659722222
u95629432,b67550881,3.7894867228604543
u47340365,b79744110,3.9089654166666667
u02353478,b52842739,4.183575514533521
u95124463,b72512930,3.7023479550883898
u26262309,b36742728,3.9071604995714386
u61487191,b88978481,3.8495990635830806
u47406715,b52736396,3.976433776366735
u61326253,b18378777,4.0851410999999995
u10892524,b15574895,3.916311506578947
u48822662,b45441357,3.490137433574879
u75473654,b71642432,3.569902136363636
u51159546,b01714936,3.7166774423146496
u36275356,b09399885,3.867043125
u90048210,b29199360,3.7999786878881983
u83632440,b18902100,3.701055698005698
u48208489,b75100696,3.831047441180325
u00089202,b17581033,3.5344135526315785
u14325894,b64553144,3.8347615435606057
u66162303,b66908318,4.1085995261437915
u01123498,b97302773,4.199655481322872
u18238233,b19657672,3.8676282936507933
u98629496,b07592356,3.647750504032258
u73789754,b94505837,3.9666993417366943
u61233409,b23711476,3.330213076671724
u36831591,b41178830,3.5384762499999995
u05809252,b70930132,3.8810752776840367
u26413652,b66416013,3.634887755312869
u58202028,b93475213,3.691326461159549
u85874040,b31671086,3.5088733360389606
u41115084,b59383347,3.813505587121212
u49177338,b88317943,3.4655319376841645
u23801765,b28801125,3.6565249556262525
u14057455,b60142959,3.5995003485306314
u20814891,b33860867,3.5762510890894816
u73528797,b15595003,3.7959943910256406
u13875751,b23760358,3.9154119917122028
u86659578,b31475886,3.831650574153148
u54007433,b25745524,3.7093079761904764
u19872187,b92723432,3.8796468965517237
u20640478,b76040943,3.994062404919787
u05995281,b13222925,3.6997792392772713
u11541917,b56466462,3.850494754757852
u70941546,b62882893,3.381363472222222
u65313704,b39605350,3.9853758503401355
u18178666,b69001677,3.535773978174603
u64974754,b28651364,3.915364413875598
u23099654,b12478342,3.6948652644230764
u67319296,b33989802,3.9872009178767653
u01564460,b36508972,3.749316570787213
u34823819,b28717296,3.7128912499999998
u00202782,b86966795,3.8559198109243695
u49373453,b43038067,3.535922901002506
u12801912,b79253970,3.730897641859774
u34639302,b30494145,3.5731236022787494
u36831591,b43667628,3.291044318181818
u15294658,b07811476,3.945955101163542
u00395539,b69802945,3.5461588669590642
u27140161,b62282738,3.309101103723404
u82561824,b41128929,3.7012144374999996
u08140476,b55111127,3.8266983991373587
u64626460,b07278059,3.731741994110465
u55759556,b33470089,4.193451055582282
u85944870,b81115484,3.83079598109858
u98722116,b31362596,3.920484962121212
u01510669,b73525767,3.594664088628762
u61495778,b48968957,3.4454048561859727
u52305813,b56105038,4.079686221445459
u03926025,b10567312,3.8125579788040906
u01424915,b05154189,3.7625025438230377
u61674146,b52438974,3.95880390625
u02310987,b10240083,3.6176894086779448
u08867710,b23738653,3.6948830951426976
u33299743,b88930687,3.8390866561624644
u13015616,b56337803,3.616494297619047
u21064381,b41876913,3.3910175996376806
u85786442,b80469048,3.905320809294871
u27022842,b03047230,3.4713406720430102
u74058480,b09399885,3.2258055762987015
u96074998,b19212305,4.019585416666667
u85190218,b23070981,3.53346625
u11927701,b72750413,3.896598780487804
u21213227,b19822827,3.8302158459595956
u88295409,b10340684,3.3001471174568966
u84426400,b80730701,3.7240111057692307
u07563359,b87914231,3.735230597826087
u84448456,b07533988,4.061016566243834
u05538153,b82426817,3.47325782051282
u48245658,b52842739,4.010093578879513
u80501769,b44488728,3.339183668831169
u26340892,b55488184,3.7085562820512816
u26340892,b25079609,3.818440720035778
u31270427,b59173418,3.6301820112781953
u08652127,b63894107,3.526618455615942
u76251939,b08545824,3.8278563553572216
u41528973,b85650405,3.5709777380952383
u92246878,b68993797,3.35718396648673
u55660182,b34681163,4.054219444158638
u72175536,b20877763,3.7522447163120565
u51259451,b30944203,3.6112599404761903
u12816990,b63721105,3.7923739692982457
u58155898,b21733131,3.5107384629629625
u36373642,b31285004,3.358717178649237
u71076488,b89024434,3.804559018369046
u78900993,b86344620,4.2394017365967365
u48048612,b28530903,3.778279613095238
u16598420,b60142959,3.816167015197298
u93017626,b97302773,3.86162545448924
u65374904,b45609938,3.9223705893682586
u73747333,b56337803,4.033413270833333
u38222613,b25303224,3.382882285006282
u05602022,b48860547,3.3877048409561454
u19680684,b42507902,3.9314132411912137
u56190427,b36231626,3.5320138480115078
u60577602,b33298668,3.9900849334192436
u81847417,b28615151,3.911098952991453
u17055473,b35202318,3.575418931615492
u93676089,b65442043,3.743785256648114
u34827484,b42202808,3.9867935416666667
u09399354,b45218814,3.5429737280701756
u63922787,b08004121,3.4227627975101527
u61469790,b32727723,3.8486529466122112
u75035764,b26940296,3.74770210839599
u02206132,b47772980,3.9470826103368184
u90940277,b58654737,3.5218355014991958
u95529446,b98897572,3.3924780158730163
u27657090,b20571829,3.583234752747252
u93277591,b65216323,3.7851129721888754
u07537499,b24603978,3.708097619047619
u64481396,b17652650,3.5298093160377357
u60942440,b97302773,3.990040096707488
u99391793,b82711202,3.4777429227716725
u40386826,b26385014,3.3534971038370656
u37089385,b06036306,3.7762511162710695
u23214384,b66132701,4.190831755207059
u17465739,b77136574,3.5121755633314855
u82509305,b20278972,3.5381176572327044
u85279952,b76040943,3.9941147062841527
u92368756,b24116940,3.7526459090909086
u12792688,b60950824,3.790789761582264
u16869945,b98552213,3.641751646825397
u08977199,b54689104,3.731969728260869
u93400866,b89572033,3.4442789119560997
u21052007,b99014060,3.7183459444232234
u34360317,b94989213,3.664129095441595
u37736995,b59546328,3.8685024999999995
u62106439,b32304104,3.717797131642512
u79870708,b55769407,3.754520745243129
u71269798,b13254837,3.220795126096491
u37415689,b34058133,3.5064628304597703
u12731621,b09902724,3.5507325739861164
u10441872,b89324149,4.063048281356765
u21475082,b74821603,3.8076730885341696
u75166093,b23492482,3.9859330427631576
u39360933,b12526023,4.10749637991319
u98826935,b91758795,3.7498284212018143
u61572009,b82148195,4.071538278755675
u76884862,b29030725,3.576779859068627
u27647734,b40598851,3.7080148611815416
u53930433,b27289602,3.269931858552632
u37747560,b58973293,3.29046344944668
u43925356,b15666475,3.778784776570048
u96562396,b52485134,3.6728714568011807
u64758440,b26385014,3.87733997437293
u64355512,b62841431,3.5706945887445887
u81189931,b86254243,3.605550517700501
u99096024,b04493477,3.455206849199929
u56850527,b14996107,3.391949385964912
u07055337,b34953904,3.815590618460823
u75374846,b74303154,3.7944014130434778
u42463198,b04222499,3.707080959107714
u10483011,b11516322,3.569344590471225
u23306074,b80160832,3.6677040105722276
u68964588,b63774401,3.4831963293650787
u39142319,b23711476,3.830001123752163
u68023735,b07812624,4.099667219890804
u31226500,b32288653,4.015526776964264
u33026610,b14241246,3.2204156092436973
u51570709,b46888254,4.169267922358204
u52120791,b05764551,2.8351446031746033
u69121211,b14632405,3.990647041668939
u29617030,b89828055,3.916461707459207
u37000452,b82757636,3.5845669043313335
u66555010,b68725737,2.416023820643642
u48368857,b14608214,4.049916144957983
u00417370,b01714936,3.9224011366120215
u22713280,b48033604,3.4588846403508775
u13082043,b43253434,3.8293197777777777
u61269446,b45742693,3.609151417004048
u97896188,b53423202,4.065709682400932
u23158035,b26385014,3.772418954614149
u20947133,b75798712,3.9056302844929243
u21432155,b08203039,3.556547077850877
u53107776,b19867465,3.829460637501497
u58054645,b54907466,3.8887031547619046
u63267387,b92071779,2.9376545697674414
u99863911,b80294058,3.579387291739843
u01273388,b78565713,3.3120627222222225
u26384969,b38850631,3.8352887196435566
u99020810,b09589765,3.244977814885496
u96387203,b58973293,3.21225380665065
u73829497,b91712126,3.7726444997526585
u43508117,b89745317,3.927029667685255
u06477400,b75100696,3.731128920818043
u75636390,b28942881,3.5771452783613444
u03738218,b50303591,3.2031414204545454
u40123486,b02653820,3.8404799100494698
u34605664,b96858256,3.7135125079365077
u66626409,b34681163,3.7891610890246303
u35105759,b60324633,4.03440395143304
u12123643,b77502182,3.827301484920495
u79909732,b88121768,3.5224819421303475
u60022924,b86603263,3.962045131578947
u68511836,b31362596,3.1956079166666664
u70262521,b75219215,4.063438710886034
u86564889,b88947899,3.624865072355289
u79080984,b39664275,4.206622175971673
u10590267,b56172666,3.4505452155172414
u75312250,b77675822,3.8936195619235834
u56767946,b64424298,3.549518027777778
u07889805,b79619792,3.6587514742555625
u26550736,b24276994,3.4916620523872677
u05886462,b01270427,3.675866991959064
u69343566,b35893416,3.505708952991453
u87291864,b95113879,3.9436538421427647
u13184825,b79253970,3.781909127282696
u37003892,b89115141,4.004395902777778
u25010622,b49847096,3.333959375
u17619016,b72027832,3.3406743750000003
u36406172,b25811713,3.956901192307692
u47606079,b48339814,3.586870053774729
u11040845,b35202318,3.970298473863168
u33443154,b46345177,3.831196388888889
u63938718,b42371178,3.7609204444444444
u49469522,b41658600,3.4097508333333333
u71709665,b31475886,3.7431206021216195
u01170258,b40151793,3.580814872014499
u56882102,b38399229,3.830359755154639
u00572577,b41607302,2.7898264632107024
u93269182,b70805495,3.5550858724937338
u72206353,b17064684,3.591721995488105
u40905485,b07278059,4.0398877651664655
u83452758,b55180043,3.825855259433962
u05415632,b87874068,3.9623303541666663
u23151353,b72304066,3.9319608644845405
u17939372,b14851058,3.944729169497586
u32610240,b98126907,3.739835694444444
u15513950,b15574895,3.642076125
u34395652,b85930360,3.6210018506493507
u60238606,b39941601,3.777074456558455
u86785252,b62592241,3.2898772916666665
u77114115,b77508650,3.979129036537243
u47322814,b78008834,3.7584500008155066
u87358127,b44108993,3.4917535606060603
u43325773,b64932806,3.4761175101706696
u09756227,b62853608,3.8678911807278737
u63897285,b19867465,3.7364254892384032
u08819289,b41341679,3.557322765507519
u09618133,b08878060,3.5499088850174214
u04483430,b67956548,3.757953595736229
u18916740,b92943233,3.449223851540616
u98668723,b44108993,3.422952604166666
u35574942,b57528832,3.6682945695156897
u80532603,b16231894,3.7664770993589745
u27228339,b73660872,3.6038118012422355
u55600701,b86834511,3.8755015476190477
u45545047,b09317112,4.026361164462449
u34639302,b33699537,3.872193293559517
u85444164,b42749067,3.6626706786404326
u21907059,b52580354,3.561420221626472
u58968072,b80294058,3.7796854702626344
u46079307,b05292828,3.98615630952381
u18256938,b48931794,3.407325377155172
u70910204,b73177551,3.4642507414215684
u14104146,b40128170,3.5486638534672874
u87884508,b62003276,4.083231738816738
u05006251,b08180481,3.6170769428900593
u21238072,b13298774,3.538976054309882
u11614931,b61797502,3.5501699758381156
u91082942,b94907376,3.9882403757272136
u56739270,b19168659,3.5607106249999996
u66538823,b91102051,3.4281743749999998
u96204671,b86355152,3.6720690364583333
u97245355,b22879567,3.1372282107794027
u02372477,b17741315,3.684733027847477
u32123906,b33375918,3.795436279761905
u47634864,b70912031,4.037326657894737
u28507242,b27137634,3.6058803478260866
u54452343,b33110278,3.9504127934955964
u47252808,b52429342,3.1875358008658012
u86310959,b94467197,3.8528811041666673
u61697759,b96756396,3.922069412774725
u91367050,b78407229,3.3943514846838387
u59139593,b74592547,3.3415944871794867
u49100654,b92017783,3.7972157925407926
u51528375,b54043673,3.8346088698206553
u17736484,b51483012,3.8261688888888887
u94254017,b42373487,3.850132956932773
u79558973,b09049778,4.011023964431648
u79151084,b76645531,3.549718810166442
u81834592,b65933939,3.781720572916666
u37788316,b82713614,3.3581839160839158
u59388469,b05231805,4.069884921481357
u09825322,b05540735,3.8157680532786884
u48213464,b58973293,3.4966505030486648
u66387420,b83439687,3.7192427327906636
u35073539,b89572033,3.609428561652808
u77872197,b33903888,3.5340371230158727
u61173371,b29576446,3.9595568547553954
u07474894,b71599980,3.7088166424437103
u28111404,b19867465,3.6501025629673354
u55691417,b92037806,3.8128255796164616
u48759176,b26385014,3.8121964453507724
u41520063,b20307920,3.83378360516934
u08829420,b83214492,3.1604517218137254
u09845174,b07831192,3.598469311975168
u00163342,b70912031,3.7548031044759336
u76273490,b10264575,4.345803866396761
u10368899,b11721138,3.8766375630517023
u56513076,b42349213,3.76897940647482
u29697254,b09979253,3.6393960847107434
u40353011,b92457365,3.5935182872340423
u80738904,b18591671,3.8020973174613624
u24350663,b82150877,3.6755367340067338
u45819499,b78275112,4.100020081330733
u56850527,b79124168,3.555466534707637
u27907344,b12526023,4.063645290791142
u97330462,b42920311,3.963613218085106
u27350623,b49708412,3.4617515476190475
u19394645,b94080022,3.6748019999999997
u63340381,b58973293,3.516629479990828
u55985057,b39941601,4.131241123225122
u73869827,b93164941,3.4773804111842104
u21927923,b50346968,3.6200461221590907
u32804050,b07278059,3.969054431833132
u53890501,b78183028,3.5222985156249997
u51822020,b38141876,3.8079004520697164
u39781443,b34681163,3.9731184544124813
u12470065,b68986624,4.053553502491853
u25275900,b47854311,3.2900709490740736
u62851480,b84239754,3.8156533683151235
u66285055,b86788370,4.095050504032258
u44431121,b37664187,3.8203933984810474
u85196109,b36265270,3.7562804144025193
u81593383,b61149027,3.540793892480069
u15566571,b45609938,3.9097234565605903
u20358390,b98954571,4.070715728845217
u55497016,b32288653,3.765106608897037
u12648340,b51375738,3.6072561383928567
u83315234,b21733131,3.3352571666666666
u64580809,b55690375,3.512176490286669
u43488884,b28213232,4.086276210866248
u45707540,b58245723,3.649327765151515
u57652846,b86788370,4.132683174486804
u35997396,b73525767,3.9216109863422153
u04779285,b10239804,3.5517344719583894
u61603293,b62325202,3.943330089186176
u31176436,b76040943,3.890490976348359
u26502416,b16577739,3.5550157507664433
u05744998,b79928088,4.099359370258411
u38499079,b27702770,4.047853498942209
u69716250,b36766414,3.5471757134535866
u98818379,b70664431,3.857505036699425
u18800722,b86889066,3.6792514618644065
u76073333,b06167371,3.6000987697291085
u13318634,b56337803,4.130073583333333
u55715507,b28801125,3.593919913609446
u66047398,b82203807,3.7582600703324807
u41477965,b04493477,3.5804169332335425
u34133701,b56662995,4.037063525835865
u40924480,b47096249,3.443051232876712
u11191096,b43699450,3.854564837939862
u21815060,b46064947,3.65637763047138
u35610640,b07611214,3.8158530408226725
u31580524,b32342963,3.5916476041666665
u13200012,b45609938,3.9416243294097297
u50415938,b79638358,4.0632640377458795
u07303042,b69155228,3.2725430900621113
u31423655,b63778311,3.614799931243892
u21820241,b70912031,3.91442649122807
u16968013,b46891479,2.80967625
u90525983,b67380674,3.8021808474490824
u69463066,b79686261,3.8660819633849295
u85348255,b39837030,4.01232775080383
u52027995,b36972912,3.5794892708104546
u66408591,b13094463,3.5104737499999996
u84999389,b05154189,4.195788373292804
u25300164,b90765666,3.4275468971448224
u04622054,b54499051,3.370823614864865
u43943536,b24413532,3.6740085041407866
u86688725,b71069695,3.8619393315746113
u81887613,b54878424,3.9214481956845235
u01674789,b50443121,3.2930534277773913
u76081209,b08026552,3.744147604166666
u64468449,b80506673,3.932782187001595
u27777601,b15439387,3.7009089930940933
u78277147,b34792889,3.5770020588235294
u80365009,b42065988,3.943289715189873
u26480193,b49553867,3.6458853928695047
u85396590,b72863745,3.4597426454955844
u59486322,b07896177,3.1891159999999994
u88529568,b22893821,3.5174518729096986
u34552765,b01355050,3.7781923015873016
u43506922,b70912031,4.073193852339181
u66008419,b29576446,3.84079597554864
u16846255,b25479999,3.2043592708333333
u53496611,b45609938,3.894154026288482
u74892810,b96783065,3.426901439562476
u66337033,b49709344,3.4325161221590905
u85533575,b15083656,3.517743394886363
u62410124,b29802159,4.001269356203007
u09297797,b82148195,3.789815589680045
u77331858,b60484296,3.749717750792607
u61749479,b09049778,3.941557330506889
u18202565,b56466462,3.7811555373665477
u02600265,b38730188,3.598806885670394
u43488884,b34532370,3.5686460409259855
u86661971,b62290283,3.3956128526645766
u08239235,b19892880,3.554904530803754
u66439774,b95000069,3.657797990049916
u63856739,b64538575,3.578053072916667
u46569578,b90840036,3.65651424789916
u25124540,b19822827,4.124529795706416
u64792390,b23760358,3.9908509159443755
u99668182,b08135061,3.2660444318181816
u03803342,b62292824,3.861822723543888
u61861174,b37073691,3.9640020792939454
u70872604,b82853645,3.2517516951608227
u06377720,b99281520,2.05069
u15790044,b49401737,3.3445469696969696
u60322366,b70912031,3.7548031044759336
u42229875,b97743780,3.612346457925636
u09031290,b34348391,3.849059055429864
u01510669,b83003028,3.541175078264758
u85501764,b53441262,3.708914716905901
u65417193,b86788370,4.082758986175115
u86789424,b99145398,3.7273739244160513
u36604453,b40151793,3.8917768286243937
u78684410,b73022629,3.7058121590909088
u03078319,b89860106,3.1303388125
u02388706,b79928088,4.169231165130206
u78348576,b35202318,3.646252264948825
u17623134,b61123120,3.918814172794117
u03870296,b00278122,3.6065494427858766
u01994828,b68095955,3.77967569602382
u49305845,b50443121,4.018138069243521
u55526249,b82148195,4.270254324346325
u67254919,b20252762,3.8388223721590906
u91614054,b32521851,4.115226352376137
u27711397,b93144241,4.056437831465919
u25578359,b86547231,3.444125167994742
u52897199,b42547638,3.3135154473039212
u20432143,b71109628,3.333798055555556
u57566751,b17773724,3.029620476190476
u89542204,b82086075,3.7524362728937724
u56553394,b52217488,3.8680899256296146
u26918913,b31362596,3.6022719707207207
u46362702,b67584295,4.242903855678209
u61404340,b67550881,3.8436395933654355
u54651408,b80625075,3.5766389328972865
u00000114,b93997659,3.9537465950643282
u15192312,b72860992,3.0759072734499204
u64561428,b68456479,3.680169342672924
u13072446,b88597012,3.6654829663353876
u64911250,b05213070,3.716481224652254
u26608783,b13298774,3.9040964816058
u61957625,b52842739,3.9367658174268305
u08904251,b05154189,3.873069010291629
u14921259,b04384885,3.9208335750835417
u76453247,b42749067,3.7461750609576567
u06980858,b18591671,3.887796926150333
u76073308,b74504784,3.3996405049961234
u54330762,b95302782,3.756282080662393
u55657896,b42977080,3.828420983614937
u14464893,b52736396,3.846678954535068
u04418342,b83882616,3.493977958333333
u45227505,b96980363,3.526035550604345
u32234688,b60875236,2.682920804597701
u84286118,b41451971,3.6029102382302893
u66562984,b22242111,3.7370444202898554
u34615241,b56105038,3.8083408346609997
u23568540,b09049778,4.053054123075273
u77141297,b13540873,3.2364061473165386
u31356024,b75880737,3.614814548611111
u59344445,b46312782,3.3350981900032295
u49279882,b70912031,3.8166559356725145
u20778779,b56105038,3.6630195547787925
u64120916,b27274191,3.7500547697185054
u73523973,b29392448,4.087818053547
u75488682,b98782986,3.6687309375
u77413236,b95371334,4.090532804731955
u56200231,b50443121,3.67806681547619
u94003041,b93745301,4.566020437140352
u65985143,b50127254,4.084826220214715
u69325692,b34348391,3.4404034037710964
u37503638,b43699450,3.6755314824351317
u99200402,b18591671,3.957668721022128
u00089202,b73176165,3.4221682142857137
u03028767,b82793590,3.910503134796238
u21719540,b29921261,3.2648626692456477
u64418709,b90174434,3.747597489316239
u40481122,b00524153,4.072219212353802
u43465165,b52580354,3.624912424727587
u46981047,b76907880,3.9562309375
u41894232,b32394996,3.5460380730730727
u95274588,b03961467,3.2386801785714283
u00765367,b57528832,4.393636205523132
u54924048,b12894375,3.6328236970414847
u25275179,b03946791,4.007870249371818
u60986005,b61430045,3.4809697985347987
u27657090,b58047773,3.607044276556776
u69836498,b02510280,3.7374590367965363
u71259313,b30342653,3.0143763392857146
u28815387,b88947899,3.920652673339675
u01436591,b52929604,4.10656875
u95931755,b76670139,3.495401088448821
u55036193,b12192381,3.5534300000000005
u71246645,b91370850,3.23746465437788
u39565933,b39903678,3.968663386086071
u76938964,b74821603,3.772256421867503
u49666140,b12870754,3.722248064692983
u97610179,b80124239,3.6161696969696964
u00352482,b35186530,4.110243049450549
u60861475,b54781444,3.7914719896867837
u98010533,b51332181,3.935417398298049
u68835962,b46271044,3.5673334913503267
u79260852,b19483433,3.6651677777777776
u37592896,b55594839,3.783364959677419
u29073625,b19822827,3.9093956384497144
u16738008,b66191127,3.3071515163934424
u62657399,b84395187,3.1516566841736693
u31877325,b35693434,3.6738650243902438
u81170924,b18056133,3.264814769904009
u26240208,b05540735,3.6824117995079497
u86700844,b78340580,4.036414619883041
u25275179,b47831110,3.9701232045454544
u50212849,b64609180,3.8435416694924993
u02603577,b82221619,3.610501944444444
u42094279,b48672624,3.257191594292804
u92295412,b72027832,3.7458488194444444
u34884496,b82150877,4.027683409090908
u43971211,b64588501,3.815233839285714
u91590297,b78340580,3.4057069332906735
u88291196,b15847411,4.159791931900081
u15396837,b74484819,3.6211936107367477
u60331535,b17347267,3.942065125535823
u01451218,b40513604,3.929638470618528
u08037267,b21349423,3.2253764583333333
u06136307,b76040943,4.191888456284152
u78140738,b23482469,3.8468927662073287
u02359050,b11179371,3.4052820417789755
u56647191,b41178830,3.828403539915966
u93989838,b22242111,3.6417736911231886
u01813815,b74821603,3.3846367488462685
u48468579,b55111127,3.7685035127737225
u48951671,b18389913,3.404421656426011
u65236118,b79975924,4.05041616798827
u63873965,b14632405,3.9266264676044673
u83431794,b79098002,3.8807207800387595
u59777569,b64609180,3.5579922664233576
u87343513,b65558862,3.555167489361702
u35009080,b42435031,3.757715770308123
u88580861,b93745301,4.310283591027875
u51584990,b42283267,3.618309625
u43080490,b39989034,3.6746050647579884
u01561837,b14338293,4.211565347718706
u69841460,b37504309,3.771319312354312
u99143146,b60484296,3.415288205521472
u80943860,b34348391,3.8671408650361343
u10943082,b95835140,3.773596948113207
u00089202,b60584705,3.6614539285714285
u35516027,b04767223,3.1537867873151377
u12084507,b83795179,3.5147783031865663
u20775179,b61372131,3.5627755619040187
u80588494,b82023182,3.6819335227272725
u12470065,b71643000,4.066583277338603
u42097019,b88947899,3.628986006673008
u52092621,b80070869,3.8849147528597405
u85577626,b00278122,3.5562604531249997
u18466008,b07378867,3.7478148290556423
u22072123,b98654472,3.546008499061913
u48472026,b99620979,3.781502772463768
u73992112,b29576446,3.758309672926142
u42765660,b86376623,4.099321986900399
u66729992,b10080165,3.8515759414986395
u72548715,b21674268,4.149212050542069
u22300159,b05115658,4.013802034632034
u05509310,b23360099,3.7803188823529412
u99538445,b09979253,3.840128158956042
u90316570,b50070819,3.782033608421033
u57960399,b55900719,4.06547375
u95668652,b14304119,3.598233735008586
u98475686,b80615876,4.033056282084521
u21711148,b95785803,3.7975159149774775
u59334602,b40598851,3.5316856792907236
u95442675,b41726148,3.7978014080205584
u67459374,b07812624,4.151092154736978
u75525527,b38237569,3.882870104166666
u12603718,b64083844,3.6315505080921255
u70511144,b14836170,3.7239092118104944
u81613825,b66018154,3.807942916666666
u83685477,b15574895,3.5619043793859646
u00749507,b10302742,3.990480520833333
u58155898,b91269563,3.870902735690235
u22760437,b29802159,3.8719911968623477
u48602719,b10802038,3.6467801388888885
u72116019,b78407229,3.535965603960396
u82784125,b63921929,3.968898020833333
u62525323,b14996107,3.4771272247428917
u16113806,b15642417,3.646498976412995
u93044694,b71599980,3.822773399487836
u08088480,b17347267,4.016204169014085
u15695801,b70912031,4.055212086466165
u33987018,b21153052,3.5579788913341153
u27804338,b31687952,3.9427646687082403
u14983864,b56662995,3.938348424082326
u66224403,b26847239,3.8447327777777773
u42765660,b68959843,4.1459806597222215
u20304768,b20952930,3.9670811904761907
u81289277,b08349503,3.4183897623697916
u14321263,b29030725,3.7531569518716577
u57372506,b12192381,3.1548609677419353
u09597711,b60484296,3.5707000061477774
u41539817,b73703618,3.905634479776621
u75892966,b10567312,3.8919439437163716
u37594263,b74821603,3.6600281894001223
u07494141,b14304119,3.6911682845300176
u25777663,b20231888,3.4131471875
u08727396,b44944170,3.8696915746656444
u44811009,b02624512,3.7469742110938578
u10134384,b55690375,3.5671947318624753
u35134876,b84216708,3.618629213017301
u02675213,b14338293,4.386667251172394
u91000550,b99983531,3.84789844017094
u74486362,b18562445,3.404098262605845
u74138903,b98545244,3.8791228780491345
u26306330,b70715493,3.5349435602503907
u28345292,b20358707,3.463989299886621
u30118092,b65216323,3.939906293517407
u40866278,b88317943,2.989978242115028
u19856012,b05472704,4.270486602504638
u82148771,b52217488,3.835672606233636
u50163382,b69110543,3.959927628546099
u13941508,b12466097,3.792941712454212
u97396625,b36185570,3.560764803360288
u19912887,b12460704,3.4396010189075623
u31378328,b77201589,3.788303816793893
u82352621,b09049778,3.8218173544623593
u85954160,b03327473,3.5334182142857147
u21437882,b24365008,3.800235300245098
u05332156,b46888254,4.121271190998165
u90243320,b15595003,3.283655386972096
u07313948,b26385014,3.9788631120174394
u05152083,b23369233,3.732003087318087
u83216529,b17187529,3.839311907996894
u53602301,b60484296,3.9986870098692986
u16439661,b37657413,3.8987049512987015
u55544163,b67165478,3.8516888246979923
u63147353,b84216708,3.6869257112184646
u81388884,b69110543,3.86045
u32184173,b84770627,3.4807145542168674
u42091392,b42903412,3.7778679134697355
u12869842,b97371893,3.6866857894736844
u00560531,b43253434,3.6304547564102565
u43998364,b75608185,3.9031205952380956
u85201394,b44887521,3.9055583022388056
u14357571,b22138480,3.499564270833333
u73443758,b24837570,4.235215576923077
u10921824,b28981063,3.6562050021843597
u06479408,b83439687,3.858140775507751
u57136295,b28024225,3.1767507414215683
u34165507,b79928088,3.9917129422169815
u86818821,b05231805,3.9043760969835812
u63750776,b08349503,3.620010237967401
u90745891,b98844131,3.9372423669072862
u35609837,b67349713,3.5954727724358975
u53601575,b64124445,3.7972929250791005
u64939840,b98034668,3.518587537946598
u68961769,b76793631,3.803051420454545
u99828225,b09419504,3.8303905078007796
u07562287,b31494232,3.3724644374999997
u29078035,b62853608,3.6431413175415717
u42702742,b04797457,3.88518157586582
u55116037,b17906067,3.835035787037037
u47420838,b82148195,3.7541321445433695
u22001970,b82203807,3.889113371459695
u64811285,b33381231,3.8258429166666668
u19766440,b83439687,3.6864905530096603
u93401820,b00840923,3.7871466447368416
u59082878,b78768152,3.7372021441334127
u37444552,b08878060,3.934134101382488
u87687063,b89141222,3.8463378012606597
u76296850,b91302109,3.7092808847549907
u33645330,b63532485,3.6460873506378677
u45577008,b23029053,3.626447410566107
u09862214,b37539465,3.6439221234049173
u54190271,b77201589,3.5817344986120747
u48485181,b82237545,3.6226384605205983
u72995370,b45954724,3.8679585546672923
u66513427,b24319159,3.559141860119047
u73951665,b14392040,3.8935024999999994
u72647441,b08004121,3.4056593834351925
u36275356,b66416013,3.9302235714285714
u57478950,b91130757,4.075632220149254
u70199120,b47577328,3.567020262096774
u08652127,b78457511,3.6866553319019504
u82285840,b71271368,3.9831356762844763
u72102241,b26924525,3.6356651633382637
u24383232,b36224199,3.861933469491035
u74615612,b70441162,3.105030501152074
u96201358,b58973293,3.766629479990828
u16269292,b96064020,3.6041608854732674
u51578155,b78848964,3.3920210534213684
u93434151,b52648851,3.915589931170108
u69877779,b64858692,3.6912065384615382
u39627331,b42749067,3.7309154310517068
u97326899,b95128552,3.606951866760256
u29730076,b21742116,3.5938883256528413
u87844233,b69867088,3.334188363144377
u64651823,b16231894,3.6641842321749882
u90430308,b04822506,3.6312435317460316
u39896921,b74929101,4.011437451298701
u91984257,b04797457,4.120710647545923
u40918963,b15466237,3.337204895104895
u19359999,b11689530,3.6181874691219402
u09176537,b36503628,3.5957861842105263
u99473925,b09049778,3.9680193188109825
u36151340,b07378867,3.9528712978056424
u80790488,b82148195,3.9369209910129923
u10603381,b06802134,4.191712694250194
u31010308,b26138336,3.5314189263417957
u65105537,b46139942,3.96826140625
u04493779,b66908318,4.087802780112045
u20490525,b13298774,3.8926277424199083
u92595296,b68605354,3.773737380187681
u15115958,b84419405,3.2715949169110456
u58044618,b55479304,3.820234430729551
u64675386,b69089192,3.770850834539564
u77663878,b74821603,3.798443660043179
u99526535,b21699056,3.7562678407465135
u28063010,b19310775,3.899313169191919
u31226500,b82148195,4.259353404806095
u88755038,b85845409,3.6901526226183736
u78072564,b48676763,3.574243965545548
u84545452,b10138940,4.249270966386554
u55286595,b52736396,3.9347671097000685
u13272452,b05487017,3.622080543831169
u81172874,b02278324,4.102237939560439
u59497814,b36030424,3.4208234494324046
u35796939,b06439034,3.5550654699743816
u06088291,b82924906,4.29745600140056
u45860108,b93745301,4.286319364837398
u24498632,b06167371,3.5240857503087417
u52408734,b32727723,3.8559320346320343
u02676654,b04080365,3.827648020833333
u74823655,b55916323,3.9558298095238094
u13551955,b22879567,4.102794786866359
u89789555,b08349503,3.8613637493021793
u74112977,b72782535,3.6447048546511622
u92357250,b93745301,4.218877787792566
u64094892,b62396194,3.822671212794423
u94109531,b99210585,3.624784782608695
u53768938,b07611214,3.9386246595149257
u69228753,b85459545,4.154635580357143
u09558163,b36185570,3.7378481366936214
u36078174,b73113066,3.7380322045329906
u24956899,b61694785,3.326981705828887
u07300183,b62486692,4.0827277976190475
u10094684,b78275112,3.970746316523416
u02609923,b72782535,3.606596056485555
u31255547,b58973293,3.4954338363514417
u56474810,b63246630,3.7029187499999994
u90376447,b56373143,3.4698869371345027
u74384422,b07925447,3.707981137461572
u36294212,b92522693,3.136413427353896
u82207638,b74443023,3.5167856547619043
u94448754,b30996830,3.248324574175824
u59675957,b72708439,3.6397512713675213
u12869842,b36914684,4.134920616197183
u62665871,b11179371,3.5493768036837374
u95045358,b13298774,3.0186798149391336
u99411811,b02061575,3.7801712362637363
u66337033,b68181496,3.3407013986013983
u67154326,b18469261,4.0573040795424316
u71133221,b46966835,3.636512790697674
u59465590,b17525719,3.722883797169811
u23386360,b76321859,2.868351967408585
u59877007,b45502382,3.900314135001544
u96542512,b67390269,3.6849254414682537
u50088550,b07500263,3.783591073369565
u24531963,b49553867,3.494527255737196
u26827660,b06167371,3.368728607451599
u93725040,b33860867,3.659376169217687
u45593712,b79124168,3.4952227468152866
u80148355,b76040943,3.8841723420519436
u25275900,b33302288,3.5982106249999997
u71672017,b51177311,3.2950507305194803
u10857286,b22100329,4.244924270833334
u18289126,b83328677,3.7201122470238093
u88119621,b02688310,3.6667254459673755
u40631444,b36231626,3.576095460583323
u55995722,b79601676,2.6730460967993754
u61720708,b20830788,3.7248400102509427
u26757198,b75511430,3.721616088516746
u43993729,b82148195,4.102840799764079
u49679213,b52929604,3.962367496639785
u73862139,b64584903,3.1602351043519312
u94527726,b34345328,3.484764182194617
u19176508,b66191127,3.6686867264774756
u64835702,b56105038,3.5136346134189345
u72905804,b36465673,3.5426992659165517
u65344269,b48404169,3.7288783928571427
u74792319,b36066654,3.338525833333333
u90609631,b52929604,4.284197365591398
u68904768,b98630806,3.9857799945175434
u92532954,b78275112,4.28266476826843
u08355920,b92338731,3.5898797857142855
u45314163,b21557753,4.068903439494354
u83329456,b01376671,3.424895
u19680684,b74821603,3.636660858952615
u27693579,b63666979,3.744666335470085
u06855324,b43633278,3.5849418934643253
u55628505,b03946791,3.561777430368533
u17995223,b50274772,3.341790288461538
u05561264,b46584434,3.2885131283422457
u66604369,b98042514,3.5989672413793103
u73862549,b68217888,3.479717860576923
u30937815,b00793888,3.840793832577518
u36687641,b67873731,3.3746183441389075
u46006824,b52339175,3.7533871482090295
u22596457,b39337488,4.499441607142858
u89456247,b46006537,3.6778773165869216
u59864954,b60823162,3.7601360906862746
u83090596,b95800909,4.078884941825157
u35615282,b37291845,4.0454306041666666
u27686873,b97253350,4.052046103395062
u66546403,b25847150,3.306999551860536
u97456880,b95302782,3.9338352777777774
u09379499,b41331137,3.7764412857673726
u74047130,b04797457,3.8970305995024153
u58578524,b80294058,3.599352350720056
u20503477,b74950254,3.624256284461153
u19388591,b79928088,4.1375462755503145
u96569995,b01714936,3.855218614872891
u95991736,b79975924,4.002441826923077
u52172041,b33230428,3.7471022142857144
u39668859,b07453967,3.7445932699443416
u63828406,b72304066,3.8362279435722746
u94248857,b96744826,3.7771545138888887
u65238835,b16024414,3.6030159931039343
u80499659,b03946791,3.958892660037207
u84435633,b53876123,4.069539695022772
u81574368,b20200244,3.4628058801662958
u44398147,b77938489,4.143657202380952
u35552012,b74511960,3.6482604968166132
u40902965,b64932806,3.8659181975267636
u41870835,b63647498,3.6468449415887845
u28580032,b75219215,4.063438710886034
u77772024,b70016806,3.5305673337300814
u49734224,b40598851,3.3922676185344827
u30819579,b59126161,3.528804154734262
u88692918,b98256804,3.805289764908257
u94920009,b86031709,3.4828969940476187
u29402755,b84494926,2.9673425498188406
u33521229,b22652791,3.86545349025974
u59753134,b03227198,4.026320151515152
u33274822,b67584295,4.19267378977115
u03911122,b35067156,3.6182079989917684
u08249775,b35067156,3.8318888052047866
u66149038,b85321421,3.504506938379427
u32664682,b36312601,3.8087822301587297
u11309798,b15574895,3.730152505952381
u46120347,b52929604,4.090443541666667
u95235631,b39903678,3.6099250798329647
u87374542,b42749067,3.5081846723044396
u64398303,b29576446,3.751284285374382
u23112355,b10567312,3.8069433862806648
u38854826,b92723432,3.6783070454545452
u02867072,b07812624,4.085815050956997
u75035855,b29802159,3.850011336722488
u39494240,b02700450,3.68534824744152
u86586216,b08545824,3.830930959872215
u81965885,b42065988,3.9915091309507424
u32114573,b25678098,3.5528527499999996
u61441468,b70912031,3.747426619433198
u48885268,b89449410,3.987170794344765
u43353818,b30429288,4.202976231617646
u90686361,b46312782,3.663282552083333
u51410403,b39709801,3.75339027134324
u61626899,b79640364,3.795594148004068
u85611233,b48277417,3.861252083333333
u95688596,b95000069,3.647405397212455
u90253812,b66983425,3.8044119318181817
u26453861,b81697368,3.9361802787456446
u24906720,b89572033,3.812268837308525
u65380031,b06237723,3.830550809990663
u58086523,b25811713,3.6392632875457873
u34644814,b06167371,3.7302440475528362
u64140187,b19400098,3.8314632886904763
u21306609,b52485134,3.523483578696848
u57026205,b52929604,3.9034896462455952
u94895228,b60484296,3.6720142485598535
u31111593,b39081955,3.7911460672929866
u79201024,b17574946,3.609232980206927
u78142980,b13279245,3.6046384999999996
u74810169,b08545824,3.792439688690555
u58275123,b73813199,3.9427976815700223
u33243372,b25811713,3.780422440206852
u94501243,b26628253,4.19579514745671
u07240369,b34740941,3.542799801061008
u86169008,b46139942,3.6798331919642857
u59612807,b52842739,3.7301569675925927
u02092550,b85323459,3.9307014276960777
u48174548,b26371791,4.068166811346548
u16818612,b52648851,3.671454891487569
u11067741,b39501581,3.9136294161153593
u50722975,b20252762,3.6407290909090904
u04887454,b56105038,3.7601155771461716
u07317934,b03837849,3.607620238095238
u47782483,b12526023,3.854676304155614
u12200090,b59032154,3.9340191964285713
u46473683,b14547631,4.053067478070175
u39513699,b26937304,3.7663819039223365
u94861664,b70664431,3.733093844453949
u63514169,b86785429,3.618501783262669
u06177577,b29392448,3.952683062884068
u85201394,b42977080,3.750419171940928
u41864743,b57055452,2.986103700614268
u09329935,b39081955,3.8202492828726964
u13395356,b50384790,3.958134837139732
u27499092,b67877559,3.466889949258392
u46410733,b68763841,3.8386531745107177
u73155609,b08135061,3.3316941818181816
u62669458,b46584434,3.5406239616755792
u22949708,b29618673,3.845095223861284
u90757878,b21231766,3.696721571316614
u49807892,b77265663,3.6029850039308173
u81439265,b61970919,4.138266532738095
u20289357,b04374540,3.739579702606137
u28060673,b34953904,4.026251401069519
u80670774,b96367742,3.6828781924019607
u39949949,b19363346,3.506562247785433
u69638581,b20537286,3.7625900343406595
u85882320,b14207328,2.3224787203972497
u25800280,b38383821,3.43087842364532
u39513699,b74821603,3.7954327887771764
u97768008,b09419504,3.9909917212886574
u68761177,b73131708,3.492969149784001
u27452728,b62363500,4.253892785087719
u41558067,b07812624,4.02961164541387
u34286784,b75851389,3.709918194444444
u64468449,b24365008,3.940225650623886
u79481749,b08233764,3.565532865186615
u05658677,b55504448,3.648397907196969
u82532497,b53474474,4.025710277777778
u47958749,b69780126,3.265013439705585
u45436164,b11179371,3.1540998664543007
u76938964,b72377040,3.8825941742149754
u74047130,b59721679,3.842605729166666
u30889615,b67584295,4.145069482532168
u64398303,b36851350,3.5201728530844147
u22072123,b28927044,3.736729893292683
u28391854,b34755064,3.9817229571428574
u42771555,b70930132,3.7825151008894373
u46569578,b33110278,3.7194317439465903
u06566592,b58888536,3.228709675530994
u73964097,b28651364,4.0478819886151545
u70782918,b42687771,3.70598447368421
u42599779,b96921455,3.63431536036036
u37933176,b17581033,3.718741762162499
u24851754,b65629315,4.021926956300813
u24442150,b85321421,3.647121389347029
u40818252,b04094905,3.690287619047619
u72311202,b20684073,3.763125108695652
u55003901,b69314705,3.8488233928571427
u56108261,b19822827,4.110809889904069
u22558019,b07311339,3.7918146874999996
u14740912,b95869688,3.6470608479532163
u14492955,b90140067,3.7647782236842104
u91050971,b82148195,4.064878843677569
u50260935,b88947899,3.712319340006342
u72951243,b22879567,3.7339028801634604
u59573039,b70594592,3.8983048642533937
u01372079,b54878424,3.896092634995213
u25339594,b51573020,4.03840734989648
u06591217,b39738718,3.844980558712121
u10665625,b42749067,3.9443933677160623
u82397227,b74020247,3.8910731107660457
u51014688,b09555289,3.524393321678321
u96234652,b16365742,3.6528954210150744
u71961837,b71207627,4.142874841269841
u88903696,b11481995,3.0651852057842044
u94919181,b52736396,4.081281495829991
u05786215,b19867465,4.026650955491943
u16527657,b86499822,3.4821223037202933
u92300325,b42349213,3.3874402276957505
u45661636,b18562445,3.6402388098536296
u38678248,b34532932,3.64675125
u11812235,b42977080,3.4438737915061455
u48128057,b57631671,3.631306597496706
u89152618,b56970025,3.219611851073763
u85032352,b32288653,3.8499438917315194
u35868108,b15847411,3.9442340608421746
u17377715,b32751556,3.675188001966744
u62812120,b79673345,3.6163702763992283
u26119989,b12526023,3.7520231184153783
u08249037,b39238354,3.169436638886705
u38011250,b29576446,3.883309672926142
u94543319,b17741315,3.7375101888377
u04190779,b18147526,3.770380032051282
u48846323,b40598851,3.8013259637988
u40217898,b38802705,3.5185014495798317
u61045125,b84266529,3.9202810719672483
u51825352,b72958271,3.4180678070175436
u63121742,b26104451,3.594775392992424
u31290545,b88261609,3.697778903162055
u31255927,b40128170,3.6139489545454544
u83162402,b39125372,3.8781810119047613
u33386285,b61292623,3.8128856686479713
u16348497,b86132526,3.9926393249654932
u34952011,b89251739,3.800009955357143
u74134855,b06167371,3.5557843940329636
u99770618,b82148195,3.9150256737136586
u67505543,b58230280,3.3229082773109244
u11988530,b87068336,3.4953073611111107
u48151858,b96783065,3.533813947772657
u28531736,b54161431,3.96489037640056
u19155146,b95822040,3.6905722861656507
u83195899,b07857410,3.503052962328767
u97705822,b72860694,3.6653825
u37139448,b71599980,3.6029480498374866
u56922259,b29505914,3.4896955357433264
u81118317,b03047230,3.245532308467742
u08637395,b93745301,4.40770759915698
u03228753,b84892512,3.872388505116959
u83363542,b36185570,3.348264803360288
u02292336,b92820276,3.3917146672077925
u29817491,b10751789,3.7675532727272727
u68025819,b75851389,3.36577672705314
u49948103,b95681606,3.6494381187290967
u12154554,b35067156,3.684760909127067
u31502616,b67030393,3.6030198303202856
u45020171,b08180481,3.4630879986085343
u16940554,b36185570,3.661997070988493
u63453333,b87404127,3.606438303066989
u91972295,b52013289,4.177405626566417
u33130744,b68622451,3.917872978971962
u00988397,b10949180,3.4786769081439393
u60047911,b14476018,3.3527337042124543
u37357479,b15574895,3.839224959682861
u45935397,b65216323,4.035969725490196
u31055737,b68325129,3.624995639948287
u17202002,b64609180,3.4692779864696455
u56519739,b07855606,3.4437108749184873
u54425027,b54043673,4.0319425278293135
u89855981,b07812624,4.071654414099152
u19742889,b47344151,3.418172832464146
u65800498,b89115141,3.9852571656162463
u13206002,b85255296,3.3579763583754207
u57209684,b86785429,4.132898613099498
u00259506,b10806666,3.668657202380952
u51674834,b38240457,3.7634330627705626
u88394229,b27787131,4.103943671497584
u80479807,b53423202,3.627472123422995
u81798559,b20761941,3.5799602424749164
u37429165,b92631370,3.501056574074074
u07225004,b74528523,3.37678337535014
u10671674,b29576446,3.7076356408350453
u86854003,b78647061,3.954522011014712
u50092737,b62718965,3.253445044529262
u52151387,b13831846,3.3950975734355042
u03078319,b06073707,3.3816406739130436
u26988846,b20071798,3.584826118233618
u84213365,b51018612,3.879519917976289
u45208527,b78008834,3.9977172841626416
u50219137,b78180005,3.7717651212616046
u23801765,b41361390,3.576473944108862
u24499403,b79619792,3.817523404080124
u23358116,b05231805,3.898330369686112
u95231297,b44745371,3.929513416442049
u50351808,b63882385,3.7168761663105414
u57649311,b58973293,3.602900503048665
u41536743,b59349150,3.744888531468531
u32625877,b80596244,4.300891026785715
u60517190,b40311154,3.87290788003663
u03961265,b16024414,3.581847453546694
u18126271,b22504420,3.5506723611111113
u81892290,b77948897,4.190553313492064
u04472363,b69294942,3.400466620619946
u39111176,b24751294,3.566122710418984
u08495345,b14113125,3.945357800581771
u86398214,b49721309,3.5620297222222224
u71378804,b98294810,4.00120807109557
u63798214,b54851751,3.665469878472222
u36104855,b67894914,3.2592627589807854
u04739620,b93372318,3.6201268749999995
u96139876,b68725737,3.256943685705051
u17547243,b88863965,3.6852818446088795
u23368163,b83003028,3.702099013120752
u74565740,b20048021,3.0066590189873414
u14527179,b07311339,3.7934412513528137
u14968690,b03047230,3.6995613799283147
u34478688,b42977080,3.5780008155477097
u05171843,b40151793,3.8656816775104197
u67094708,b57167994,3.803326865079365
u25766361,b42227543,4.011693322072072
u48525144,b04384885,3.910710624999999
u98044891,b01544730,3.881914559519428
u00965281,b74929101,3.948559500988142
u95427779,b57528832,4.269063142900683
u39223138,b86843272,3.862154946376812
u94849255,b43020589,3.669798076923077
u72116019,b73266123,3.7371846956521737
u24724060,b33699537,4.148782135258358
u48485181,b80808063,3.8726367460317457
u93770199,b06167371,3.6352077975528365
u21032666,b34953904,3.6353851327079365
u57710835,b30494145,3.647479099821747
u03358313,b62282738,3.48120422429078
u57843861,b66018154,3.545977738095238
u41707737,b54791634,3.896724594973941
u87662659,b46271044,3.3772480082358802
u00542280,b71887242,3.3740016666666666
u52027995,b92563633,3.461113135208711
u59287004,b62223240,4.367025579045169
u69950090,b40128170,3.62614449025974
u60283056,b33084179,4.107576357302118
u59283610,b91648936,4.1001837878787875
u96576368,b06167371,3.627657178880171
u78139567,b93745301,4.0184492058649335
u24575138,b76642772,3.679326883219063
u35379244,b65375874,2.561514345238095
u52468703,b43914262,3.528750676037483
u54987890,b54369491,3.9076919705747226
u10591711,b07857410,3.294921474233529
u32073961,b89572033,3.7724210266122764
u78647159,b08984498,3.2371846956521737
u21985161,b19118320,3.988508581932773
u89614213,b61924457,3.6835852444614208
u54123292,b79928088,4.25948687966726
u17638914,b53201085,3.694847678571428
u81847417,b04634033,3.5251386685682737
u97687464,b79253970,3.6627158236779556
u51733361,b74442841,3.459107538377193
u78686686,b44944170,3.779998851715999
u18386477,b35526856,3.942302266158416
u64241535,b97371893,3.1434505243221693
u29099642,b68297715,3.6623349999999997
u97057769,b06167371,3.780469099265122
u94468127,b93745301,4.435939242489692
u36329394,b31687952,3.960331813790647
u13997223,b39916665,3.860958016300814
u58549394,b90171057,3.9231834847015725
u03476582,b20790379,3.5880138071255905
u65868037,b74592547,2.782620128205128
u27691210,b16000102,3.2722455312499994
u20304768,b32345857,3.819191645021645
u30317376,b86678940,3.7163342719780217
u55509158,b43196456,3.855172890625
u42410613,b66191127,3.7312917684942826
u83831451,b15574895,3.658439394005848
u38812827,b75611519,3.410230020703933
u92890643,b05376454,3.5581846396019765
u90303198,b78340580,3.3199001023002985
u92270400,b09101227,3.7886225025552323
u85707034,b93241768,2.9200744322903396
u66832018,b00278122,3.6213710391465055
u31751774,b44870768,3.494475583890747
u92944764,b20071798,3.796164964387464
u96265430,b57528832,3.867419741235438
u24762774,b59932507,3.7471653619528618
u82114895,b56779366,3.75354931640625
u12889839,b76982320,3.6024978901397513
u20241087,b09049778,4.007223459995604
u20031403,b64988737,3.6786206308887186
u10476887,b57002888,3.945899231262011
u93017626,b52842739,3.71433957977208
u89980035,b86547231,3.547696596566171
u05147692,b34463991,3.7633403895356983
u77746175,b83158521,3.564341154661017
u45317574,b02766522,3.5941992006845838
u34007459,b73131708,3.5346358164506677
u75313039,b39088089,3.7070651856386365
u96781147,b31988440,3.719449389346119
u84965469,b34681163,4.099498428173629
u31797171,b21674268,3.9980798436096756
u70054227,b26848897,3.6510508849483845
u10247652,b11689530,3.7905174265611676
u47937032,b08166228,3.4853167225933266
u79559894,b86376623,3.6626944410211433
u75646373,b61612092,4.059227012987012
u89144204,b31362596,3.805506626344086
u88064250,b88947899,4.009200957323173
u20409355,b71794852,3.9078871512313773
u90972153,b88947899,3.7995855727077883
u30287016,b95822040,3.5969538284542084
u51478724,b93745301,4.144040060336337
u91428131,b65629315,4.053482996201943
u56542859,b93711721,3.742529583333333
u15325951,b92598217,3.5421715719696967
u93457271,b21810982,2.7911278722258137
u04472363,b59590704,3.3695854166666663
u05296785,b23760358,4.01240758343015
u78890347,b13831846,3.0617642401021707
u84150076,b14547631,3.991203159888357
u12476251,b46584434,3.5153532325089123
u28494446,b19733783,3.6612295370370367
u94692092,b26385014,3.912162544357739
u78882211,b79928088,4.199659519597933
u40116946,b78156277,3.5337174073563853
u51024807,b69867088,3.6784357885493213
u29594826,b11338586,3.7157239333139005
u38282175,b31988440,3.6509468607954547
u64180998,b92017783,4.208305215617715
u24534509,b09049778,4.0736290064484555
u72725318,b82757636,3.3676100693954365
u56884739,b33798237,3.5622878571428567
u17832892,b33849296,3.6542489232089235
u05449846,b50070819,3.971291767241379
u40476353,b29392448,4.134269650724333
u88229797,b85484150,3.663897898860399
u51977827,b69110543,3.812205093085106
u37498390,b05231805,3.7345404065310897
u07977672,b03946791,3.844431668474804
u92336880,b66191127,4.039556635441061
u71506103,b45594562,3.6817109591836736
u13036738,b41399471,3.5658940051020407
u44100063,b89502935,3.3777723534798536
u27489398,b92631370,3.980246812169312
u05416261,b38850631,3.825232576326326
u76990899,b77508650,3.830187012245745
u59753134,b02037149,3.8999809375000005
u99065128,b86376623,3.9684070935398656
u77294996,b29802159,4.011734786605938
u93965296,b46452411,2.9274236247086245
u41144440,b93695514,3.81518337797619
u30395909,b06167371,3.5651995321797583
u45099992,b93241768,3.6879975339524522
u76042716,b06585376,3.533029797008547
u22540162,b76932568,3.7035396734539963
u92899554,b46584434,3.5233416539832714
u82828380,b57283428,3.6394347988326037
u94503488,b07533988,4.163449719326383
u29298560,b69989437,4.179308209140586
u31885698,b24559847,3.952486639194139
u71948949,b41681847,3.5850869841471544
u30404673,b26807998,3.6000214423076917
u09404862,b25847150,3.572620044781931
u30317376,b22727265,3.6534475160256408
u61006394,b67685364,3.6782724853801168
u34037750,b51191220,3.569186969387755
u69730614,b26385014,3.735673307706264
u17452943,b22680910,3.8180502443609026
u93904884,b32751556,3.938055988108569
u79194319,b31988440,3.2015922464889766
u57784472,b75393483,4.207785058083717
u02456486,b08349503,3.980024360869731
u45251095,b21674268,3.7897556724198838
u76314777,b71599980,3.9706401756528473
u54605462,b08004121,3.662448152374586
u04655292,b82853645,3.9067618842364533
u65072106,b61372131,3.7547406285302674
u01459017,b20830788,4.083912531920597
u72392993,b86896365,3.4076761273209546
u01121757,b08772988,3.819252211538461
u83580686,b21674268,4.172507591421111
u87871756,b28981063,3.8673846017514597
u31284201,b37657413,3.5879906655844156
u65807817,b90005045,3.590928636363636
u16318665,b54721829,3.494710085369674
u47660947,b28801125,3.527684779129321
u00395093,b79124168,3.663482534230253
u82753211,b19153924,3.7331148015873015
u08867710,b39614912,3.703052478991596
u45073844,b63271225,3.644715714285714
u14613069,b88947899,3.878986006673008
u17437117,b21674268,3.643913176943009
u25866990,b15664991,3.8041327307692305
u12539379,b81770974,3.56333033225013
u03389170,b31362596,4.148257154471545
u06042879,b80506673,3.585990631057539
u55403460,b32288653,2.498692345594692
u91182970,b57002888,3.894554052690583
u46480228,b78340580,3.773922875092926
u25115908,b05154189,4.032483024592269
u66606901,b69989437,4.07296209228322
u24816032,b79928088,4.008391785942121
u69266769,b42065988,3.7281247952814067
u51777510,b77675822,3.7778590272288093
u13602502,b76305437,3.4241692363433667
u23020196,b68998721,3.512206553030303
u76864461,b15971576,3.813491467391304
u93620003,b47344151,3.6484876926040055
u22903105,b74821603,3.695769992967012
u17052408,b20877763,3.5529391607565013
u68319098,b23029053,3.845915510897149
u91687680,b83638329,3.8458142708333334
u01273672,b91229724,3.22793773989899
u81363858,b86953452,3.690266666666666
u39781443,b47990473,3.746668944099379
u63855362,b91712126,3.786847676982406
u72015549,b38589234,3.1237588571428567
u24176281,b33867495,3.5368533241758238
u29817491,b37363405,3.8634334193548385
u84320725,b78425493,3.5412211833852103
u06298421,b65861714,3.457491852559205
u48468579,b74528523,3.67521516564318
u30016314,b85587271,3.67330466112013
u34411200,b05154189,3.606397754868124
u18301940,b70462009,3.8585715590970957
u33518140,b51553763,3.453450138888889
u56190427,b50384790,3.999108293693726
u17202002,b52929604,3.85274493902439
u81769131,b98654472,3.415912564102564
u58563514,b04529407,3.4804249267399268
u89350419,b90299577,3.2192994742892975
u20351808,b72304066,3.9225096623222746
u93250683,b60374563,3.3769461056644876
u22867894,b70701888,3.7949395804398143
u29276392,b56105038,3.3011346134189345
u18722126,b72813907,3.8434821311900444
u62410124,b20547561,3.6411588122923586
u92522385,b87691807,3.3966942728442726
u93568892,b92969085,3.6512447318091117
u26635843,b88402200,3.685380032051282
u71168005,b52503900,3.63990828712406
u46353403,b26525361,3.403012133933318
u52234710,b78008834,3.982058203754431
u31495974,b11234289,3.682166877387318
u30367227,b52580354,3.5044976805087913
u56265479,b46923281,3.5496732031249993
u61720642,b15268547,3.7863568789308175
u58337048,b48676763,3.425078495989305
u54983801,b00653768,3.6189632442888726
u44268721,b02653820,3.840248177083333
u82432694,b78132843,3.6959926913875596
u87857877,b99836543,3.483319106317411
u01743798,b31900574,4.162335000000001
u98498753,b59032154,3.5462132242063493
u66608873,b09979253,3.6511880019404734
u40678161,b88863965,3.507281541578576
u28722937,b15688485,3.616909343715239
u94644146,b07811476,3.910325333333333
u87068843,b06138796,3.3696179723502304
u09569481,b64932806,3.7026135213238223
u71685034,b35789402,3.575952179487179
u72646099,b04359978,3.446029917654809
u67857862,b60434059,3.75708790229885
u54945950,b20537286,3.7700321853913628
u44235591,b69945803,3.8883163450292395
u21194357,b92037806,3.836567987179487
u41091260,b93063377,3.554468117534639
u57691812,b16906807,3.6000606862745093
u09964571,b96756396,3.7297806181318682
u46434969,b10229286,3.5037232069057733
u88982175,b79143534,3.5455674107142854
u63430557,b82148195,4.152951916800099
u15210784,b15143653,3.8354181547619044
u49883591,b58404382,4.491862638888889
u08625479,b56362706,3.9690209330143538
u47604971,b52929604,4.217405132340778
u94448754,b64045516,3.3679275540865383
u21045721,b39501581,3.896330762556848
u05769182,b07278059,3.9646093817101273
u15168906,b31940706,2.9876091013755977
u72102241,b33009412,3.468609276660839
u14123217,b56105038,3.4751598399666843
u14321575,b28651364,3.8116065350877193
u87366750,b47171732,3.8541610164835163
u88618125,b71271368,3.812061643173023
u64597420,b78275112,4.099313998147347
u86700844,b99935727,4.208826111111111
u85140297,b05938893,3.4426839522686614
u13414888,b69989437,4.026145235655738
u92070781,b68725737,3.215895820756103
u57779891,b47771185,3.8188564784946237
u54516650,b56702712,3.755012019519519
u74154133,b85255296,3.660222966988728
u09258420,b15466237,3.228839148351648
u61392074,b18610759,4.007612709139885
u59551779,b26003550,3.4871156397551086
u95274588,b73813199,3.4944540127388533
u64050451,b86522412,3.489145023148148
u94242346,b08135061,3.1975762421754275
u23547723,b67030393,3.86265298863675
u55029519,b22652791,4.067660650921659
u36952460,b93745301,4.352605909156359
u80712308,b32974421,3.8920329295865628
u04292931,b57002888,3.730302348856467
u96905697,b46883929,3.8329711688311683
u34390645,b92260320,3.4092587899739963
u44745846,b34878607,3.5737520833333334
u86846430,b90449605,4.07368438034188
u15334446,b57316882,3.409345825471698
u05176063,b24751294,3.1326922888210924
u86372528,b34953904,3.779089686783804
u38708772,b19822827,3.998102323232323
u15695801,b17741315,3.8871809937888195
u31425697,b71472247,3.6251421864724147
u52480921,b29392448,3.6977409355179702
u30951733,b34518021,3.6312835784975257
u11953539,b81841696,3.676687307692308
u04169740,b03135617,3.768902583205325
u34306008,b90422949,3.7812942176870745
u24949491,b27702770,3.716112126779972
u96804020,b48197202,4.003498371212121
u40046662,b14632405,4.032474420820842
u83568220,b54003732,3.9185024999999998
u90035985,b26847239,3.818649166666667
u48633704,b82785620,3.671500687582345
u61660748,b64124445,3.9465400470578658
u40091872,b63603925,3.696818612690855
u58574412,b27669202,3.0128976041666666
u39330888,b09902724,3.9070194927536233
u46665641,b08004121,3.3549566098661687
u19624517,b81841546,3.85899506993007
u04637290,b15962680,3.480026695075757
u90044042,b34412831,3.656980032964405
u79728709,b32288653,3.6586105007063257
u94323449,b11752294,3.9078775827680876
u74810169,b15860915,3.540326526527995
u16267729,b52929604,4.381207701612903
u21270888,b77932141,3.5551036554621844
u11812235,b39903678,3.5569897537460085
u37356350,b79928088,4.150058452608787
u60645427,b09979253,3.8297288624885213
u75546313,b68009767,3.5610492805939575
u45924572,b11689530,3.653500020491803
u71463465,b65216323,4.024221197145525
u95222161,b04094905,3.523620952380952
u24383232,b54115653,3.5708780844155843
u11541917,b88487078,3.8774079968944095
u27968472,b79253970,3.838952490092937
u35865134,b59459809,3.523060645335057
u84383885,b65216323,4.085844949979992
u19300588,b09777918,3.856212202380952
u07504648,b68107492,4.0174031881881875
u69636273,b21398815,3.2189135978835983
u50107628,b01136753,3.1197380555555556
u22638248,b36224199,4.06158297345929
u60308492,b88947899,3.949865072355289
u56743163,b67550881,3.577942830812166
u13984942,b17652650,3.512099158576495
u18265021,b70912031,3.964418489091318
u75769572,b77342401,3.780934654911145
u44490709,b89324149,3.884048900636699
u15203965,b15869276,3.9680557537453183
u82072455,b27882595,3.610918295454545
u69548402,b52439315,3.6124017575757574
u11090131,b74167560,3.5215725775978406
u47481096,b97887852,3.9944106870229
u59443457,b99719030,3.1580366871345027
u13810664,b56915887,3.594062758310871
u58053714,b05154189,3.712502543823038
u06585432,b41361390,2.980002139690893
u86835538,b71599980,3.714941808578746
u12210966,b79116544,3.729660795454545
u97308548,b33391853,3.687940888278388
u29873526,b05154189,3.8896307085561075
u16284949,b21458320,3.5917897294372287
u11602597,b07325411,3.781015290375147
u67498173,b04798547,3.5777818560606063
u63267387,b26783178,2.9754517499999995
u84077771,b24915312,3.804657760989011
u38179383,b80730701,3.45708039170701
u71819251,b38423888,3.9413387168993492
u00840685,b74445461,3.551165178571428
u31517854,b75100696,3.657390031833078
u75176595,b08233764,3.6174723439510936
u85290789,b69294942,3.6887031161556605
u13831604,b61292623,3.661607511261262
u95917540,b06633346,4.084180535714285
u96558248,b03530794,3.5828195454545453
u89999370,b14338293,3.8732307218683655
u95216256,b55180043,3.517604426100629
u05649152,b09304076,3.8175872023809525
u34086789,b09049778,3.913953753809749
u39379707,b69241339,3.591006186417749
u81180136,b71643000,3.86235609550935
u02344106,b39664275,3.9718884570863926
u43873908,b13887817,3.513318985945255
u39178567,b70892724,3.0618213888888888
u93029646,b16024414,3.7252286567294277
u54500750,b93745301,3.6139921532989367
u61269446,b36398776,3.7623825509049773
u20865214,b66664015,3.7150582051378636
u74797687,b70912031,3.739860519005848
u90215949,b08349503,3.7466070386812125
u62218957,b75219215,3.9551644021739127
u71672269,b84770798,3.379212152777778
u84050864,b63603925,3.554704696637427
u70598867,b81894885,3.5638293286099865
u63377987,b13298774,3.8768704930853923
u28345292,b44849506,3.6334196521901445
u27809516,b68095123,3.601088643729555
u72005470,b36153689,3.5256160227272724
u04366823,b36398776,3.7230970204009983
u17094612,b77201589,3.6105435068765375
u62759138,b38122928,3.8349084943329856
u02898980,b49553867,3.859255006582278
u96435276,b81323559,4.0144123020123335
u71506103,b40934702,3.686940863224077
u70609334,b07278059,4.063089703289506
u54096351,b88562055,4.070417204042886
u07688795,b07831192,3.9091835976894536
u13190175,b28190473,3.5657211654397307
u99213638,b66664015,3.700657961447194
u57160874,b54369491,4.030999742930376
u52999548,b37073691,3.6761925081359372
u81410686,b55226287,3.9992135520094556
u26808131,b82890607,3.6214731094831096
u78905183,b29422431,3.6862746428571427
u41966708,b63332173,3.4181364423076923
u35542152,b55105377,3.739160555555556
u21962254,b81323559,3.76509394291653
u89491378,b52485134,3.4413374347935664
u70549733,b88487078,3.6010631742399477
u54766708,b64731092,3.642754026610644
u20961224,b54781444,3.5723543426279605
u24240245,b32521851,3.8450175697674416
u79273486,b07378867,3.97649163545397
u19521923,b96756396,3.992902746108058
u58009017,b66132701,3.7047406521739132
u80763459,b52736396,3.5884061547543897
u84960512,b08545824,3.6861896886905554
u12624695,b13274041,3.6615039247311825
u09216025,b88785299,3.902820032467532
u68914359,b33860867,3.741991382031307
u25181290,b46064947,3.588921378732048
u27797229,b86376623,4.030907093539866
u95360464,b90516259,3.6439714453518857
u89018385,b38724274,3.789114652194211
u08237580,b14113125,3.679388598901099
u11291574,b78008834,3.920216785259133
u49726134,b24646714,3.732653004201681
u97632515,b31988440,3.403384759293517
u73268222,b97528491,3.4154842446278826
u29464259,b27307698,3.4659602083333327
u09829223,b16689742,3.389478598310292
u80594626,b35067156,3.422189498621946
u54800402,b32727723,4.0052819252806025
u26386255,b95800909,3.421899162371134
u96326348,b85868333,2.7992635416666665
u22011480,b43914262,3.9170588633040935
u53135701,b04763192,3.5221225462962957
u77049815,b80970834,3.6798356944444444
u60899733,b09902724,3.639900504658385
u81010240,b62470547,3.5424805319776005
u71721329,b21674268,3.7582218771353966
u19703161,b42977080,3.317296275006273
u00791522,b93936801,4.03233708854364
u09454810,b81323559,3.180228032219973
u42679093,b44387119,3.808406964769648
u04330470,b50384790,3.816440186747929
u26716074,b88182084,3.4963210510368974
u71210923,b38850631,3.3729973790638463
u38042079,b18722570,3.874751827094474
u77049815,b41361390,3.587032429775281
u78169984,b06655641,3.9743660714285713
u07860817,b02653820,3.918329824370155
u44814362,b54369491,3.7511793655327055
u29493940,b56466462,3.7811872860596596
u47475363,b68095955,3.983361725736935
u23522423,b14548141,3.5298891593779786
u42571614,b06167371,3.458070496277996
u63318773,b52217488,3.774182362604405
u32863918,b65629315,3.8816592479674794
u80707632,b36766414,3.821087578426848
u17320859,b21674268,3.839072314707585
u56976216,b69989437,3.969213886314454
u72295004,b32727723,3.8422087974525474
u64160511,b42977080,3.3637766719409283
u97921066,b44393400,3.953528636828978
u33334535,b86788370,3.9337352530996803
u05958200,b10567312,3.9345486135462826
u93464516,b55073403,3.7956223216276475
u07583213,b05115658,3.6749453679653676
u24651790,b41402498,3.731185991552695
u72396636,b71794852,3.5169219837883956
u21904445,b82924906,3.7690109383753496
u27348290,b43699450,3.854564837939862
u49249126,b86376623,3.8336929116351164
u49575669,b12120726,3.615480025700106
u89999370,b74770858,3.726216145833333
u34647803,b56105038,3.0380195547787925
u66979743,b58990319,4.0091811752136755
u75084914,b11721138,3.7639116882402393
u58141815,b09123950,3.411090359801489
u00869433,b26385014,3.978043972876234
u77133239,b10335589,3.3587909098544233
u20796304,b45868107,3.655863959739091
u07564647,b82924906,4.054270073959408
u22632143,b54922231,4.176201987179487
u57684620,b62008180,3.7512075658750814
u37344410,b60484296,3.3632603434390087
u15723018,b83935517,3.881399766112266
u58785485,b83003028,3.970496887381567
u95711768,b73703618,3.7625704310344825
u12594094,b97302773,4.040332030432677
u57523140,b15484815,3.4268501784634
u05281300,b77508650,3.400712225313927
u71485314,b40598851,3.4864351905792694
u50047256,b50109072,3.5541731286549703
u47475363,b46584434,3.707290628342246
u39061707,b16571480,3.5082828820816863
u62957827,b52842739,4.068477786523135
u47504011,b21357510,3.790125234446049
u26550736,b85462814,3.3879699671454278
u91289077,b36754274,3.405511758959994
u78834683,b28190473,3.6854860649415837
u28165115,b04721713,3.635951854674796
u63485177,b95816463,3.693557428707224
u58070159,b26385014,3.7288631120174394
u59923784,b06256559,3.5327137499999997
u93090724,b86740889,3.762335
u72492389,b50384790,3.9342419483513047
u34037750,b80102793,3.706464020833333
u68095158,b02880533,3.9038277330508473
u98535966,b21357510,3.677456889165285
u64684093,b17679110,3.819043611111111
u47636586,b57528832,4.183718425266579
u46006824,b03671144,3.9366876158117505
u90758823,b12526023,4.127023118415378
u96432194,b76040943,4.183640090179284
u84733572,b03370511,3.8791370312499995
u34430576,b03579093,3.965314949612403
u02155011,b73098962,3.6623457674050632
u72565183,b22242111,3.5469415997770346
u35607002,b93997659,4.000313835366761
u27094344,b91302109,3.734099949082476
u72369831,b51242397,4.089188634992459
u37689928,b82056709,3.5769018333333333
u87857877,b87956405,3.527358068181818
u52785240,b15268547,3.729551911934118
u51050734,b41341679,4.0288378101503755
u90598721,b26385014,3.9371964453507724
u24875976,b33798237,3.228492288961039
u84872505,b88978481,3.6986076871257483
u92300325,b47772980,3.4952127938685638
u52234710,b88597012,3.6559410641453463
u31411881,b75511430,3.710378504341662
u70455688,b78008834,3.9946297899634073
u24383232,b90182673,3.573315310846561
u94240390,b28615151,3.8918763888888885
u54901031,b54446861,3.771954265005827
u96668941,b47772980,3.7878281341463413
u55548321,b46006537,3.9278773165869216
u38099391,b64898087,3.502294609297725
u84733572,b00793888,3.6920858191287875
u92277367,b70016806,3.8301769794721405
u49729340,b14547631,3.8718528352130326
u49506272,b54384341,3.5719249999999994
u22811283,b88317943,3.4560496706864563
u45072695,b44711938,3.5320555275665395
u58977287,b26138336,3.511343761613113
u45098647,b40151793,3.872481538681166
u54416194,b53545849,3.9416313360507247
u19874911,b18070400,3.733640261797026
u62899912,b13222925,3.443529239277271
u17627269,b11179371,3.6966864465408804
u25680174,b50869133,3.530346145833333
u15073128,b47027276,3.6075891616638076
u62851036,b10169084,3.570650964912281
u96635387,b44267669,3.647721192722372
u94567955,b15218884,3.8436227484472045
u32166934,b70849527,3.8016910428779065
u65590032,b74484819,3.5009064360119044
u33286991,b74034107,4.1893064503159785
u29431489,b74821603,3.7106002516347707
u24357683,b63303984,3.5718917464114828
u26706123,b86788370,4.280515427623738
u41551166,b08349503,3.389572763256316
u13045132,b55260914,3.6633817676767677
u11567969,b28063904,3.9220741783216777
u94462479,b26711051,3.4987040926640924
u91540789,b09101662,3.9313533665966385
u48226172,b90171057,3.6683801175213677
u36984392,b26138336,3.3144645053146635
u85950801,b50851932,3.4117910340802986
u21755840,b52648851,3.551673542281219
u26073289,b64898087,3.383047114076012
u09073028,b51791070,3.6416805357142854
u45302560,b19822827,4.380615898860063
u94861664,b09049778,3.8136384732231168
u88457062,b01792617,3.808104433551198
u12983626,b34668017,2.477207651515151
u11452959,b93418350,3.4841910416519832
u43925356,b02167358,4.0631421601382485
u58053714,b98844131,3.5052136693548386
u48245003,b08004121,3.1069706144957983
u25978602,b06167371,3.3747371629446627
u61094465,b99503422,3.638336997863248
u84862389,b15764467,3.942079575732757
u27792313,b16474359,3.795806254767353
u78168080,b18363826,3.3673302811777504
u93915775,b04767223,3.317152128617979
u84824214,b34681163,3.7474944223579634
u42824099,b88086544,3.918853148148148
u90060094,b80625075,3.794592224702381
u81121219,b52580354,3.5310048617023773
u31044955,b27289602,3.573706770833333
u79468483,b29802159,3.432183927631579
u42151271,b07812624,4.0482992719979745
u53564523,b62325202,3.9217213357588356
u73010249,b90354954,3.966419611111111
u66970209,b34736748,3.3645167051282048
u03683135,b52842739,3.6625547631352284
u51825352,b97062216,3.752651140350877
u14541133,b79975924,4.130080721044081
u69048842,b31687952,3.948135871351808
u08431648,b20071798,3.6054543634259257
u69136030,b39574458,3.891751547619048
u92043367,b34233906,4.016481826923076
u57992518,b07563168,3.5542043478260865
u52376392,b39398529,3.4474554542861218
u46290104,b56751792,3.8303471794871795
u67480372,b95800909,4.291384941825156
u67681449,b47344151,3.560140210338372
u92680908,b64898087,3.3461440743222672
u06298421,b52101224,3.322558521717898
u10178570,b04525911,3.1016720726495723
u67246150,b91361163,3.872119833557627
u06784787,b41451971,2.9357151162790696
u57286628,b66664015,3.7543684737354783
u70092269,b23457095,3.947989273504273
u14353351,b85416756,3.514013113604488
u83632440,b67049834,3.277145762108262
u49310252,b46139942,3.6963451562499996
u29550270,b69945803,3.8519183333333333
u33788705,b16577739,3.428649913999044
u75130235,b52500520,3.7557166666666664
u04361978,b46888254,3.8945178701456307
u87284756,b61372131,3.6930179958551674
u47181254,b91885011,3.5731748776223773
u10427131,b28661214,3.6152554125286476
u18256938,b55111127,3.609542952428895
u15476394,b80479144,3.5178646045621043
u99944945,b08777170,3.89483554029304
u87744255,b73712332,3.6179130406746025
u03458163,b47027276,3.7906411001664813
u46043296,b58973293,3.4240052649228705
u36911755,b64278334,3.7881062640056022
u05217581,b92010491,3.591501666666667
u13185986,b21861372,3.9296537515805277
u24000217,b61430045,4.086472785714285
u89703512,b35479202,3.836785892857143
u39493790,b87267848,3.805633596491228
u37277743,b66019554,3.3053091025641024
u74356619,b95269354,3.3723269832944833
u27851097,b66261719,3.1884308959737746
u93479410,b34742848,3.1576268749999996
u48242450,b79124168,3.7369425142222488
u08464982,b17820095,3.7093565048396853
u92168005,b71472247,3.775919215191511
u39735183,b36724483,3.750374474808816
u33345425,b21557753,3.887252723555201
u86909855,b60848425,3.700821132478632
u10427131,b21733131,3.585772957983193
u43547543,b77049201,3.5170018225753603
u80217579,b92460150,2.875766532738095
u36507913,b15869276,3.8458536704119854
u32631785,b72005521,3.8818011031649418
u61961435,b15268547,4.160013168416909
u83580686,b22475341,3.8626056746031745
u30247228,b97177380,3.780263878205128
u41119039,b88947899,3.930234306002459
u21555884,b34681163,3.924430016193849
u48264563,b99145398,3.710437307692308
u27781118,b98844131,3.7467309850599664
u68731367,b65626007,3.7799600892857144
u32091922,b04739421,3.1445854166666667
u44675264,b40598851,3.776373186617443
u62238693,b64523850,3.6616388392857138
u59068150,b52485134,3.7616414734336905
u46389571,b86376623,3.668918551873199
u93986318,b71450314,3.5575543304668305
u63872610,b76864243,3.587315096153846
u86409638,b60508787,3.4207639606368865
u76380974,b92536464,3.580084583333333
u63549776,b95816463,3.6497914014192947
u85444164,b53545849,3.6022441459246743
u44649985,b71904117,3.701469640757973
u92278115,b61454811,3.518043541666666
u22830013,b96621963,3.9254543241201896
u55497016,b87439329,3.720476238182773
u59710887,b96714327,3.4668148232323226
u61464415,b47935301,3.6569005586080583
u60770648,b14071276,3.420309216589861
u56542859,b76982320,3.5438052678571426
u56546075,b26385014,3.719115401447662
u75167549,b43695301,3.6269331994047613
u44593593,b74821603,3.8430897552008365
u86409638,b75798712,3.6938831456436745
u66084034,b61743606,3.2095602286324785
u17547243,b75438842,3.5338921561771564
u93235322,b62424088,3.869693708333333
u54647336,b43159696,3.58510875
u18122576,b53423202,3.9555308544580416
u42244645,b42749067,3.9586647730542053
u18256938,b88333392,3.6235670218920144
u67104672,b17939631,3.3930445272435894
u51641688,b84770627,4.073851363314162
u38943505,b57528832,3.8920935863095236
u96905697,b64507769,3.651354358655043
u81778004,b59304782,3.7803978761697463
u69351677,b63603925,3.520727865829346
u77484237,b01571761,3.1512454411764708
u30224193,b70855644,3.58738798245614
u37236630,b13298774,3.5072655270989976
u95042890,b82853645,3.5651698455459764
u06461443,b00629748,3.4665236685214627
u11159744,b72860992,3.572244358533954
u00984674,b78457511,3.9062412293797135
u81534409,b51068688,3.6439805323616596
u59726619,b74303154,3.733011829710145
u75525527,b01714936,4.0181536511833125
u96959819,b52842739,3.8184207407407404
u46692287,b02751647,3.5875955286561263
u09479839,b19830299,3.6674220833333333
u89558878,b93745301,4.006377787792566
u97390297,b10136233,3.723334848484848
u71890522,b79816155,3.417918553351573
u58492729,b52217488,4.024602530671632
u45545047,b11292572,3.7841952173703493
u27484565,b54842512,3.9081683333333332
u99086278,b23760358,3.984864422817788
u09988113,b42977080,3.4671906697382853
u39974341,b35526856,3.6750855410122165
u78959848,b82237545,3.1581222500951096
u48361482,b79253970,3.9062641058875096
u14191803,b05154189,3.562354724577343
u75686882,b48177176,3.662236653728196
u89310958,b91561409,3.367061949472096
u31875123,b11425731,3.949658146853147
u62748577,b03946791,3.876850341628959
u97245355,b19650844,3.1507784034212403
u43129256,b30188578,3.865807995735607
u94780617,b03946791,3.839310454361055
u42107152,b03047230,3.554674005376344
u08701811,b78275112,4.015084450426549
u73375415,b75622933,3.600040583333333
u09343094,b54791634,3.505218265689191
u22624609,b50443121,3.083438043162007
u91984244,b90764043,3.354033878205128
u30901325,b12920844,4.023523581923849
u29694361,b68095955,3.8455593319269523
u66973658,b18939723,3.754597915147191
u34069686,b60875236,3.634003721264368
u57328641,b52428602,3.801374402541505
u09868115,b45033558,3.747811516174902
u99156920,b80070869,3.6054275733725607
u55403460,b90695144,2.3463249155405403
u19634496,b49553867,3.890786744712851
u12316433,b73703618,3.78071752419486
u38368721,b63647498,3.300229477996132
u72025819,b60484296,3.881414291862063
u30879161,b21674268,4.033496510276342
u51733361,b08878060,3.37552189849624
u93063253,b47581912,3.8842710574229695
u42689137,b70912031,3.902072602339181
u66776120,b33989802,4.103513581775367
u19102514,b98115511,3.248929640430427
u38310234,b83048635,3.8927526221264364
u12181648,b10791681,3.2496180505952377
u30897587,b35526856,3.836863596567772
u16968302,b91102051,3.437335
u59624397,b96097640,3.797105800865801
u94352118,b07378867,3.7037653224854172
u19585970,b47027276,3.5543938331309546
u77344036,b04374540,3.7373770802285144
u01758089,b15268547,3.3706542380321123
u17395820,b33558185,3.963392898284314
u13597624,b21546847,3.837417772952853
u26036246,b90593106,3.548752083333333
u73585105,b51735088,3.884800364591398
u96713758,b36265270,3.649809965651331
u72232716,b56816784,3.644084464285714
u97991951,b97743780,3.269775148401826
u47152202,b47800807,3.376203577141383
u12483090,b21231766,3.5463804187192114
u38368721,b41296906,3.2443119586998677
u72021817,b20147450,3.6225816946778715
u78683939,b87762893,3.621696291208791
u25074593,b61372131,3.5978329106871905
u20590450,b19867465,3.891514385627434
u84194413,b82853645,4.069440318302387
u26129499,b13298774,3.7093047818008786
u28554293,b71271368,3.9659368787614344
u27801126,b13254837,3.132335783991228
u45458094,b78430581,3.479941979010494
u77331858,b90421686,4.1011337659257245
u45012382,b50869133,3.427867098214286
u41551166,b33243384,3.2761283607350093
u11177202,b93745301,4.269272575823025
u33686107,b69594380,3.7095436594202895
u40507714,b77813452,3.098514348739496
u70931592,b39916665,4.1152789993566135
u97888089,b03946791,4.054047053090189
u19228047,b17943549,3.648297770833333
u78424225,b90653923,3.3470636853448275
u20023620,b39837030,4.134763735652315
u21610895,b59428284,3.72003303652968
u32266880,b79928088,4.08605122451157
u52234710,b62349347,3.848821077586207
u17648214,b20500557,3.7338740231177217
u82243049,b40598851,3.856685679290724
u06660085,b98335764,4.19057093460953
u05809252,b86376623,4.076980155306857
u70968838,b21398815,3.1153421693121697
u24626448,b60423608,3.4860193100539814
u98933574,b07383339,2.9452519642857142
u40666763,b31362596,3.775035368501059
u72173357,b29576446,4.01834992654933
u14954666,b51334378,3.864189801790281
u53278923,b17203966,3.8479608529411764
u66124992,b29802159,4.104840784774436
u17465935,b07948310,3.9012309375
u39657659,b61391034,4.342229396105664
u85382877,b42349213,3.9345655272487106
u68350933,b69294942,4.039039335679655
u23896410,b07812624,4.123440128384866
u77590621,b15869276,3.8961120037453183
u18126056,b74929101,3.7412616030844155
u93143852,b61743606,3.7343784444444443
u04727732,b42920311,4.172731849037487
u37661087,b14304119,3.881933204054631
u05711461,b34740941,3.5749431130268197
u09324412,b61694785,3.668076542891619
u32266495,b00722811,3.365139490888347
u37592896,b62292824,3.8983554952830186
u85466643,b75275963,3.443492458843186
u92122903,b04222499,4.062804400880611
u32751728,b26924525,4.026762233084641
u21214511,b94889574,3.7501562878787875
u31026561,b82785620,3.8102039096320346
u88291196,b38532418,4.10864282689999
u80834355,b06327905,3.7872544428544836
u63143657,b80959413,4.076301593614717
u34227820,b39837030,3.9460667064315347
u30529070,b07278059,3.7445747994433525
u24422920,b40980078,3.420126875
u66970209,b63829192,3.8378646336996334
u39345457,b65629315,4.141896087347002
u36475611,b75852622,3.9197467744271233
u24791027,b74234897,3.6610356722689077
u45523932,b27179218,3.899200992297607
u24320745,b84770798,3.573598235593666
u09404862,b18265073,3.5232656249999996
u46433019,b74442841,3.820890183451417
u01257267,b56105038,3.9198160848658863
u56127064,b23029053,3.8311344827586202
u60740077,b79928088,4.210847624496218
u53564523,b00595420,3.753950833333333
u55830121,b82148195,3.888824649008556
u56992143,b58323108,3.2417705555555556
u24087748,b10847759,3.4260434027777773
u30521914,b83072744,3.9741879331357053
u73559061,b40598851,3.1546605538624317
u06037009,b74915270,3.464282762096774
u07857830,b88487078,4.189777330785157
u87898897,b11338586,3.7132568951612903
u49011838,b44711938,4.02523599913
u95124463,b05231805,3.833154175310982
u69788525,b91712126,3.769065172829582
u63798214,b26940296,3.611831461074561
u48000516,b89040055,3.3212676594274977
u66310181,b71734908,3.3885685
u96610731,b98807667,3.4281810119047615
u04440988,b34681163,3.9932484281736293
u67391336,b29738200,3.7873728592852647
u05745575,b66908318,4.187658030417295
u88463198,b64242065,3.6691411904761906
u82250922,b09589765,3.4227757315521625
u34114582,b11721138,3.592163818707811
u46370918,b82757661,3.6857164506615656
u51945387,b93241768,3.699241098957006
u57013229,b62290283,3.5524719847751562
u74094404,b32439426,4.080546818181817
u78155381,b56806391,3.3191522499999997
u29042194,b19483433,3.9775013888888884
u71095681,b13517988,3.615039163703943
u11355295,b17347267,4.172860748914897
u42532766,b52499583,3.868921294642857
u24728320,b82853645,3.7776698455459767
u76768886,b87709656,3.3720642708333335
u46299117,b36359900,4.428640551948052
u87925281,b50869133,3.4519850603991595
u69351677,b18705025,3.60267403030303
u52202738,b62470547,3.7883100997457997
u13130392,b39398529,3.656561305894309
u60559881,b89024434,3.8737201462765958
u54218466,b29738200,3.5373728592852647
u77254426,b39903678,3.6680920903999317
u48671660,b45072298,3.713372629288274
u98668723,b30155139,3.5000741231856853
u61823996,b14888446,3.172713652132325
u95899701,b92260212,3.712288988294314
u81233460,b67584295,3.7588760779004318
u55329943,b36231626,3.363595460583323
u08925078,b08349503,3.8373908831643906
u89089165,b42786622,3.756184505494505
u44862282,b10299423,3.4758631837606835
u62742755,b24276994,3.7977788793103446
u74436132,b21546847,3.856322580645161
u92182338,b66908318,4.250747624434389
u46790228,b24915312,3.5459539604132253
u23518370,b88555976,3.432110028409091
u57765111,b79619792,4.086658756784802
u66916471,b31808792,3.4726874285714286
u87590888,b78180005,3.758651926341513
u88516444,b22242111,3.8442948369565215
u69228753,b38422937,3.9351533184523806
u16778523,b33298668,3.9239597250859104
u92916958,b86788370,4.3326092414861375
u91532662,b08349503,3.7448262038474707
u78910637,b83439687,3.844242732790664
u21666831,b37068431,3.7610142162125992
u48058140,b68986624,3.885940430982844
u60675077,b23555475,3.845205993124522
u95015481,b61372131,3.2547406285302674
u26280113,b15460735,3.836118001930502
u23764965,b31365966,3.5310893273149393
u29240765,b26385014,3.702547159742354
u64259780,b20114940,4.0046425
u17055473,b64644552,3.6889948078140833
u97610179,b38447018,3.8078695312499997
u06855324,b24365008,3.5744157033248083
u79080026,b88740280,3.4734698538011695
u83790986,b38730188,3.747899023720789
u69283655,b81292094,3.7798402201137566
u64610245,b20790379,3.6997210550247495
u46567769,b70912031,3.8173266578947365
u42383074,b02688310,3.428771986495051
u65962023,b92040053,3.4270942569759892
u08473988,b40151793,3.993775823907614
u81217657,b43173083,3.8593146875
u91562378,b79124168,3.529004546403543
u48879906,b80625075,3.65997226623062
u41082713,b55703166,3.3351686706349204
u26980276,b21546847,3.8772736223118276
u54148553,b21633717,3.4119995119208273
u40290162,b86788370,4.266178744481968
u92042806,b09979253,3.719307830206239
u62712517,b59845564,3.391619723748474
u12535744,b44944170,3.8346711177093002
u14788793,b70413228,3.7153532656142167
u22210390,b76473315,3.5378133656443667
u59119929,b79662329,3.3498349999999997
u57175916,b75219215,4.18275288993615
u89222098,b46584434,3.2906239616755792
u71246645,b90052069,3.109679087875417
u80679910,b65222341,3.8951359935897436
u78542024,b77597364,3.355703712121212
u83363542,b18530260,3.3887780803571426
u54901031,b60484296,3.7174270101056752
u60854291,b20478240,3.7277837736742425
u68350605,b34681163,4.03916108902463
u17581034,b80854971,3.545447429558745
u54850787,b55111127,3.539749545418079
u50067861,b08157430,3.4583121651785715
u49249126,b61372131,3.4833895969917372
u11701219,b59721679,3.7679919711538457
u37560065,b79357715,3.4235224100378785
u97338470,b51986055,3.717438955896686
u83190357,b93997659,4.247641046905223
u58230644,b71102516,3.6148772916666663
u09532974,b10399391,3.8292598232323227
u97498909,b52736396,3.9129192513479243
u40556620,b66132701,4.1704095634642355
u16548533,b93745301,4.125956039448722
u55137080,b75782829,3.681049182511388
u33057319,b23760358,3.835493773087233
u54672927,b18469261,3.6437254925955482
u29678487,b57862088,4.111623735119048
u31855195,b78275112,4.140998101601763
u34915234,b82148195,3.877767551578863
u54500750,b29013369,3.0911557692307685
u75095246,b16993699,3.0575415842490843
u75670678,b47771185,3.5706683333333333
u34059845,b92338731,3.96428425
u11589829,b72813907,4.173635079968239
u61920359,b20144597,3.4049303909412956
u62004707,b82682340,3.8714867399115533
u03795661,b00525842,3.909245860909269
u57878897,b41399471,3.6706568496186356
u47509604,b58654737,3.5415021114106016
u11067390,b72374633,3.7255091287878788
u32261600,b82679092,3.4612144375
u00418891,b19650844,3.0167188364600683
u17089395,b99014060,3.720806343582887
u11318860,b61005749,3.8601718457367715
u22486540,b72005521,3.5732128773584906
u48797879,b84502187,3.2295666153846154
u41716143,b83048635,3.774669848718293
u57197131,b36231626,3.4621420531397122
u77673592,b21674268,3.8966976811157013
u26457293,b66416013,3.6802235714285714
u26800877,b41198847,3.7067520564516125
u90267670,b31687952,3.9334451556102907
u89760080,b34755064,3.8645606555555556
u94623324,b57937614,3.5731030654761904
u72849820,b50275880,3.5994510509249658
u66230908,b61292047,3.5926874285714288
u21127799,b14851058,3.944729169497586
u36063847,b25044151,3.440140821237586
u42094279,b22338654,3.043257348901099
u47119256,b73029799,4.131396047116427
u32388572,b33470089,3.8311308012398504
u22497171,b25745524,3.4844401472431077
u77076759,b50852802,3.59484609886202
u76493356,b14304119,3.8434133912418655
u22425167,b59192498,3.6511180000000003
u66765469,b94080022,3.876440423076923
u86620632,b82972083,3.8587164285714284
u85173080,b08349503,3.397556429036458
u50345207,b07812624,4.107995396074842
u14664592,b58888536,3.244456577868852
u00991293,b62718965,3.5537805266229254
u60138529,b37364308,3.692635289801907
u81773614,b03047230,3.624886
u37927435,b27702770,4.126035000045557
u35762606,b50453414,4.081495639163741
u59889044,b46271044,3.861903238209159
u26810226,b05280403,3.7667523369565217
u90360554,b87103879,3.7258142708333333
u89209455,b59126161,3.7040367070863436
u21542808,b59940707,3.9773634865196072
u25465474,b75880737,3.664084861111111
u80733525,b26354292,3.634401454545454
u46949741,b07831192,3.756970383930499
u65490394,b13363712,3.7805397008547006
u73715121,b50602125,3.941101697012138
u69815652,b18469261,4.1379010125889435
u05075929,b55690375,3.5152339204232748
u58181013,b29738200,3.8762930867703167
u34966368,b67550881,3.5603704756457146
u61307887,b36795461,3.5555696338383838
u45249311,b76040943,3.837148899480158
u61259480,b49553867,3.5517949389323222
u33354487,b86769740,3.993780025252525
u81494053,b09589765,3.526989541075972
u58055060,b50070819,3.75677499776086
u41236627,b98844131,3.9307551276881716
u54908511,b25797574,4.289046249999999
u39140454,b51735088,4.12061834652849
u80588494,b14304119,3.7995852752707577
u50362000,b87589166,3.668384413265306
u71442538,b56105038,3.621352888112126
u32307367,b75852622,3.7332625270732174
u42767664,b91712126,3.7161886847343437
u78142980,b05971350,3.7042633739495794
u04437764,b13222925,3.695521454496692
u55497766,b68965152,3.613862247023809
u49952837,b83439687,4.054283628273857
u16284687,b56879260,3.577464030448718
u78424225,b05947771,3.3513886607142855
u33896824,b64898087,3.7578465032371184
u16744075,b79253970,3.9260568464052286
u58257032,b22475341,3.7761208760683758
u64442900,b91712126,3.832112795704313
u43970657,b18363826,3.340763168604651
u50277417,b06403266,3.527744209401709
u53831622,b23369233,3.6514729851004852
u45528840,b41790290,3.3130040651494372
u72950619,b52217488,3.9306949676464216
u02742084,b00278122,3.8008246316964285
u06010884,b11179371,3.7281318934469154
u38710387,b42903412,3.755248094629156
u39657659,b35051646,4.0712580515297905
u21522382,b37807365,4.1137915076754386
u29084780,b93745301,4.230145112297682
u37010365,b78431760,3.090509206349206
u53013867,b87889648,3.7820642708333336
u70712835,b21674268,3.956789656604818
u53228885,b42749067,3.8802775229761046
u60787699,b83075214,3.483015595238095
u55399587,b10078983,3.7086819058641973
u61898999,b52580354,3.6051041740152847
u45306830,b61372131,3.7129603990486255
u89999370,b70595061,3.563556363636364
u69727992,b34058133,3.7139257812499995
u89144204,b79242317,3.509521267816954
u13184825,b56702712,3.6077003575213866
u26573287,b02582153,3.694521858108108
u10476887,b73287273,3.7964720535714283
u33364550,b52580354,3.7123143780969174
u11679033,b99073543,3.8347615435606057
u31386688,b84395187,3.5628663888888887
u96387203,b38399229,3.379364668947743
u94462479,b41790290,3.690363484761357
u92776443,b43696887,3.298118399122807
u82553810,b73525767,3.831503160771309
u82053704,b05231805,3.7851626992591347
u74958607,b69989437,4.07296209228322
u78595221,b48368739,3.367431252864782
u53580619,b27787131,4.084962670940171
u48945450,b07378867,4.093563364148684
u98915213,b05501378,3.9724809374999994
u73010249,b00793888,4.200969065656565
u54133671,b33846906,3.733189300217667
u72382987,b20071798,3.4791419259259255
u21302344,b88487078,3.8404183564261825
u19758941,b99713185,3.858906892834987
u30069721,b04525911,3.226533878205128
u95088004,b71904117,3.3277297607341856
u30162627,b05882139,3.794473142857143
u92918906,b78180005,3.6901083970376685
u87493816,b72304066,3.940632379983966
u49934932,b14013622,3.3765118389423074
u54582784,b82853645,4.044440852490421
u19585150,b89324149,3.646189230225988
u64050451,b21546847,3.2939402889784946
u09253824,b02880533,3.825170182864106
u68538088,b78275112,3.942274094301194
u20143691,b66664015,3.367324628113861
u07018979,b76829808,3.8261688888888887
u85174026,b17718695,3.620990595238095
u07681751,b09123950,3.670915784480975
u17949515,b20146989,3.4477398809523807
u99399877,b88309525,4.152727446236559
u45508257,b50109733,3.4733254797979796
u43905074,b57603464,3.702568432765151
u81189931,b39501581,3.797278589861314
u64167461,b58888536,3.3951693603765927
u64877041,b18056133,3.341994376235178
u11911630,b51485694,4.091477012195122
u11000617,b52648851,3.978756875614552
u31913916,b71904117,3.646890168748389
u25671544,b13222925,3.512312814313346
u31255402,b16024414,3.7667776150627614
u01897010,b64124445,3.8903544593960766
u25924685,b34466452,3.56631029040404
u06069493,b20664798,3.8612424177983646
u19359999,b00524153,3.846840087519026
u32631785,b46345177,4.0758457258064515
u16173129,b10377853,2.955837185314685
u27524637,b88071350,3.5236155616830063
u81582119,b23029053,3.6375821775638157
u39246299,b20344104,3.298156845238095
u19615755,b74821603,3.5312546285116477
u81707720,b21674268,3.9271724100926133
u07740439,b38130227,3.855573253968254
u04989210,b91885011,3.505538964711759
u58689829,b70930132,3.4902987776445507
u18965951,b61863874,3.8210753830645157
u99446749,b79640364,3.4194378328502415
u14288259,b11580764,3.922292645148968
u35493745,b88172809,4.014613179741198
u31040573,b66664015,3.624094012399382
u82378694,b33935257,3.500575277777777
u90972153,b64609180,3.6256688106190893
u38627902,b87439329,3.7869701562499998
u53370719,b50733255,3.8176499074074073
u74874457,b12691802,3.6976650875350137
u81527276,b38757143,3.580029702380952
u06712700,b60050919,3.43756768907563
u20400439,b85062953,3.3559777380952385
u12636566,b59349150,3.857499802069276
u65410337,b59978152,3.7812608391608387
u83216529,b24886026,3.2798062915282387
u08371493,b52929604,4.279119898346435
u41790502,b15869276,4.0253061704119855
u48407755,b06167371,3.368728607451599
u85753748,b48339814,4.214814014423077
u83431794,b81651581,3.7827030288461536
u31234363,b73645629,3.8247179385964905
u91061432,b26385014,3.8538631120174394
u49141436,b86953452,3.7298309313725486
u67999292,b01899333,3.613042788461538
u58696411,b86376623,4.0900662571155335
u03226560,b82148195,4.020254324346325
u03416441,b90798631,4.107254676470587
u17096154,b78051968,3.4088767948717944
u62914842,b65119844,3.6524133591791976
u12673409,b01714936,3.9670976103818765
u41668604,b54791634,4.104641554014341
u91557880,b55916323,3.641498414786968
u66158072,b98545244,3.7013484274193544
u84620000,b98115511,3.049644595287776
u72381570,b08349503,3.661676904634068
u99156633,b29452634,2.7226057291666663
u37130143,b72863745,3.667101018907563
u23135518,b87060879,3.4852827192982456
u31055737,b36297650,3.594971760222699
u72558244,b26385014,3.8073871410568003
u84569363,b86603263,3.824003673245614
u04152588,b21557753,4.1643422357906505
u41126463,b34524650,3.629001666666667
u95392126,b82148195,4.017511141322453
u78226466,b56180380,3.8100565018315016
u42815318,b08330741,3.8396534760154064
u29288375,b41653159,3.9577696436122016
u94448754,b59164750,3.478194038461538
u83715524,b85604407,3.645737095959596
u06086244,b56105038,3.7289548697487196
u57715603,b52736396,3.711584416650783
u41162010,b89436866,3.8538694117647054
u18724075,b03946791,3.6746503369950387
u45344999,b77424871,3.673724583333333
u79800469,b28801125,3.5191687274798213
u55910085,b86254243,3.6715887907268168
u31739094,b78457511,3.685351087595532
u10328501,b79253970,3.7921570212852584
u56553394,b28519607,3.7968402068431724
u70338038,b03671144,3.6114493832110175
u93948750,b83124878,3.5147624296536795
u14051815,b60500282,3.816593180379747
u60655685,b90171057,4.07969608974359
u82989804,b88562055,4.056891344969527
u71517793,b13716034,3.5705209254029477
u36091350,b99620979,3.5357737799999995
u27372536,b79253970,3.5490794600415922
u22159048,b23760358,3.73068489435452
u56837488,b90140067,3.533149934993734
u13208248,b69110543,4.126594295212766
u64732233,b44446074,3.550516376096491
u49096741,b26385014,3.4906946255939677
u78267337,b86132526,4.0841231489389225
u75613037,b56373143,3.547231354166666
u39398766,b47303902,3.667083626060846
u62029571,b78457511,3.720251302698741
u40810966,b39088089,4.0269550178571425
u85882320,b39903678,2.8209361133587985
u25115908,b35620613,3.9224015968406594
u42718165,b59818681,3.939406625130392
u09797879,b93063377,3.7992998260073256
u66224403,b26385014,3.802856164361691
u94961517,b83439687,3.891036007555115
u34133691,b49553867,3.6172653465732085
u56697825,b70930132,3.7156013359431608
u82053704,b37363405,3.631406135829934
u03165092,b80754115,3.692512392473118
u82364770,b39941601,4.301277126653392
u87590888,b05334612,3.7946042777808247
u00916262,b18562445,3.5314766229366312
u84131087,b36465673,3.449340240062967
u27313054,b15682357,3.4441621837860783
u28888777,b39664275,4.230817028514964
u48691555,b31988440,3.646603579545454
u99990398,b38122928,2.9418931105610557
u15115958,b79346993,3.4827047878787876
u42515360,b94502424,3.968898020833333
u15055677,b00278122,3.7124981594422044
u36879881,b77049201,2.921101540288203
u64196499,b95822040,3.6030505870314515
u16237216,b33091876,3.8027152191558438
u76432767,b31362596,4.010846598069105
u78494608,b82853645,3.845135296934866
u62277016,b34261873,3.6682630434782606
u32494501,b34532932,3.328685625
u02604337,b87439329,3.8313864062500005
u05728439,b01232926,3.607431842105263
u59543272,b43916544,3.667018908382066
u66224403,b58973293,3.616505014442117
u06824572,b81940295,3.703279722222222
u15756535,b31687952,3.86108824572988
u07726744,b57704283,3.622656721181195
u26917898,b76470121,3.1253976041666665
u82625048,b02149667,3.9719252396514153
u24668625,b56123208,3.5163395138888887
u98085412,b36766414,3.640975810935761
u23469890,b38730188,3.514445544203983
u96992187,b79928088,4.285681210415072
u98096380,b82203807,3.8313285067873304
u26593326,b26354292,3.637196161828367
u43797989,b39989034,3.4769497372193023
u64628004,b59061395,3.7316490591397846
u47921826,b26246971,3.7612739985854367
u58790954,b31753921,3.6666563690476193
u29680242,b58973293,3.6785512257309483
u34291703,b89948845,3.547878423755467
u90134552,b09419504,3.772146107106551
u08937921,b29738200,3.981299572663441
u46157622,b78288340,3.3561505654761903
u98556977,b18378777,3.394901528571429
u10844607,b85915926,3.727378583200425
u12011468,b56105038,3.7801951080250316
u32402065,b42749067,3.852023014174031
u89576286,b86785429,3.7462396358267713
u60247303,b07019352,3.7723153787878783
u68841179,b05231805,3.709851573145087
u59145160,b90724246,3.674898451086956
u19471149,b58826806,3.7979461297099486
u58790954,b12547338,3.499733482142857
u39066421,b77299092,3.742236047008547
u03053566,b54689104,3.9599745833333326
u63202713,b81471826,3.3400871049783545
u51818370,b83291643,3.4118743333333326
u82183048,b73997973,3.7612160695187162
u96326219,b23760358,3.879995325045536
u42508506,b81787983,3.407320357142857
u83318922,b12024531,4.076771036324786
u44233952,b21557753,3.9253561262357177
u17070365,b29802159,3.866950427631579
u93250683,b52736396,3.8051518273240124
u43447351,b09049778,3.9892434402340182
u36063585,b22242111,3.9251070244565214
u93469766,b71760156,2.062849203296703
u62654307,b78275112,3.906030226779826
u55684307,b67030393,3.9612440745245467
u65803128,b48718276,3.6587434741421365
u11485723,b56879260,3.9639598503151254
u47958749,b31024771,3.238286407019704
u60311801,b15764467,4.011717256985438
u39095779,b29451564,3.628176939540653
u74380153,b82711202,3.6076806547619045
u13948831,b68453196,3.3748877564102564
u02238161,b51986055,3.596196058895945
u38810874,b24365008,3.791807007672634
u18097935,b35789402,3.5912009374999996
u80983190,b48177176,3.5389734179924606
u63709159,b29576446,3.751284285374382
u14325894,b91130757,3.9470584427369726
u39241443,b37068431,4.031139428888306
u98248980,b79815294,3.421995655534941
u50696116,b93745301,3.9647062325649824
u52920643,b70912031,3.8003757769423556
u20656909,b32538072,3.8826268749999997
u21542808,b93745301,4.206645102353144
u49992366,b00278122,3.6250156736454664
u35103187,b17367693,3.6415645707353486
u84196085,b39837030,3.9269110841371626
u82356844,b69071335,3.793724583333333
u59859036,b27353119,3.5663016013071895
u91577358,b58947933,3.5903011666666664
u95567194,b19867465,3.814058360054327
u99607968,b13061166,3.8525798559560913
u84412390,b20547561,3.771206550387597
u03397610,b64813643,3.5904606767180924
u59543272,b04669122,3.727569169169169
u36794150,b93790862,3.111655482954545
u05569797,b87439329,3.83739390625
u38854826,b47831110,3.935942295454545
u89393971,b09223715,3.544693708333333
u63828406,b75100696,3.6355368131291943
u90042564,b93997659,4.3156528921433175
u30625099,b46899348,3.4012167188315074
u35865134,b54620720,3.4861193907563024
u49067634,b28981063,3.84668119266055
u87751667,b82148195,4.1021202869900035
u43875065,b28190473,3.6393435941656236
u09876839,b74821603,3.6117844634726586
u04360025,b71794852,3.9609948587770702
u88456257,b79098002,3.525802571005146
u55453694,b78275112,3.979488659828259
u50049998,b00810060,2.8443119444444447
u61688550,b52736396,3.9347671097000685
u90233076,b93055140,3.981345066257272
u30367227,b00943731,3.8228061310782238
u72470133,b37657413,3.759904655271199
u98659929,b27702770,4.201624385916185
u03774806,b26385014,3.5122690336616267
u35124651,b92037806,3.6754178800366297
u62768982,b95822040,3.899437641531678
u40442292,b25808746,3.5695979365079364
u82082719,b08545824,3.792439688690555
u92446519,b94385137,3.697223715043394
u42464333,b54645733,3.907524204545455
u95838678,b06439034,3.360987320800683
u95539341,b95835140,3.6771051415094336
u10650087,b39448964,3.622384104010025
u15435225,b67584295,4.104660184302668
u40215179,b14081542,4.051223975321475
u95037980,b44387119,3.6921640133807587
u99197226,b15103442,3.9590824505052167
u16673941,b14848528,3.6523295846394985
u96163672,b79928088,4.169369506077012
u33115808,b36754274,3.5847154524886875
u37838018,b70595061,3.911254982668246
u38003445,b93745301,4.135539565898315
u39736880,b60823162,4.055333346121057
u43951342,b42348056,3.4592078289473682
u64905276,b78275112,4.205868034547108
u05871517,b36130502,3.802505945378151
u94897441,b19830299,4.027367994350282
u59157206,b12869668,3.7430604197901047
u72346908,b44711938,4.0823910509019
u48803677,b89024434,3.804559018369046
u33355397,b44628555,3.951256808193584
u38194183,b39081955,3.391291098348887
u65299580,b48912209,3.429132608695652
u90499750,b39238354,3.197285593985048
u80209244,b08349503,3.7033435713007345
u11276499,b27975191,3.3420551232993194
u28748704,b81894885,3.9190198684210524
u14901580,b12526023,4.099368193063425
u15312867,b48132407,4.032892748447205
u57263661,b03458965,2.9944326826484016
u36720655,b13929033,3.981713347338935
u79294617,b70912031,3.8722183662280703
u16326249,b55847701,3.6710126126126124
u17377815,b36265270,3.8999634167629456
u90396527,b08004121,3.357647437412465
u11722319,b65629315,3.7644724588902667
u65587438,b18610759,4.007612709139885
u86123074,b59304782,3.563261890029022
u81363858,b57937614,3.791817708333333
u89393971,b42347987,3.539499325980392
u02784453,b03579093,3.7803825771285258
u34413174,b40128170,3.831936936725748
u05579580,b37365052,3.4165822947214073
u89516071,b87484177,3.468420894607843
u98045186,b01308420,3.6721534848484847
u09546067,b44108993,3.5261125
u66043780,b91747034,3.765358030913978
u47727805,b51744141,3.4424660695187166
u92720202,b72782535,3.892942242862545
u25022734,b85845409,3.8908303729838707
u80285471,b11284653,3.811633377403846
u24547087,b83439687,3.735533628273857
u64490675,b16365742,3.65663896315775
u92131415,b19867465,4.018148178314033
u80931186,b56879260,3.6976492410714283
u58883116,b65667329,3.939276451210826
u08437010,b18334270,3.7689421428571426
u48380934,b28293389,3.5814562561576357
u17849884,b86376623,3.9938197969276006
u30391997,b14338293,4.310320568807141
u20961224,b57266227,3.4853341831595217
u33992789,b12151882,4.252862622410531
u17202002,b42977080,3.4349528609653186
u38225553,b68857887,3.6194621428571425
u19359999,b60373143,3.7096826175490554
u94502728,b28801125,3.450738089406001
u04140938,b31362596,3.9229610358036267
u95309858,b80754115,3.289286586021505
u80622283,b29802159,3.866950427631579
u95713253,b46006537,3.8271085855263154
u02389632,b07812624,4.009972782438478
u24793598,b46139942,3.8464998586309522
u44844841,b93745301,3.9705988965915795
u11796591,b32751556,3.9744562909490035
u62060679,b39837030,4.364309190197769
u37492872,b79928088,4.052149324973544
u34146883,b21674268,3.974989590548539
u68478630,b19953221,3.52612581871345
u24185650,b40598851,3.9114351905792697
u03077867,b77297900,3.603343878676471
u21194357,b07812624,3.9256225324384784
u52977248,b12526023,4.016587289004099
u26848443,b67550881,3.313676747120446
u31908462,b05994307,3.568715175873102
u80499613,b09049778,3.885813880398035
u27562698,b44944170,3.572556272893773
u62225242,b83750707,3.877910923421452
u93530281,b46139942,3.659386614583333
u84050864,b88754191,3.4260434027777773
u44660670,b59443639,3.860600454545455
u30935540,b41399471,3.526397733457019
u90954930,b70342723,3.898573809523809
u45714370,b93997659,4.473308797712107
u44207648,b71271368,3.9380163596082087
u52961952,b14304119,4.007143288088244
u19315074,b05124623,4.08325782051282
u52661735,b00278122,3.7856107031249997
u34282775,b74821603,3.5352009316004507
u21121975,b95822040,3.7319481885771526
u25908260,b10924257,3.8001808974358973
u65478251,b83935517,3.5048196239717977
u20542404,b82758799,3.416028025210084
u47041745,b13117093,3.7170297222222226
u18223751,b29802159,3.883545149853801
u18241962,b48697286,3.5680374396135264
u55441960,b14013622,3.6984075250836117
u99924548,b57106359,3.3181962987012987
u63715958,b83328677,3.974739702380952
u73121434,b05231805,4.040297032453839
u22008538,b76473315,3.870904688416422
u30463426,b27159885,3.1466762454212454
u55724076,b11234289,3.692910351906158
u21827949,b10369117,3.7861362499999998
u65692978,b03946791,4.123918847961983
u41060760,b86889066,3.5275566007532957
u09197006,b05376454,3.6010781503786395
u24283348,b52842739,3.875990300925926
u05527046,b69294942,3.766774697273684
u25653997,b78275112,4.13739033005618
u12323854,b41640679,3.4266176041666663
u97476788,b55420143,3.689022517482517
u95312005,b76040943,4.001642040455255
u10805172,b66550129,3.100609107142857
u71615669,b72304066,3.690632379983966
u69004417,b04493056,2.904391951754386
u55203176,b60324633,3.6043022052794824
u48048612,b66261719,3.5129734906462584
u20304768,b56482176,3.8777794917582415
u34247346,b92166225,3.475286440058479
u85899585,b15682357,3.6395217138612663
u58903794,b50384790,3.8127686875390685
u39235740,b95822040,3.700132085976122
u34642130,b78180005,3.730098454594938
u85226199,b04763192,3.529233677617246
u69709377,b74821603,3.663122847256709
u06244890,b67584295,4.364966153010011
u99399877,b41804017,3.7577987557603683
u34770741,b90796075,3.2159183796296293
u62073093,b59383347,3.7212138047138046
u94010999,b93475213,3.6048839662447256
u36067539,b61863874,3.3936849000677505
u27765737,b51612619,4.037967244397759
u15867767,b05231805,3.5733303696861123
u55653027,b69989437,3.671262120019034
u64626460,b59032154,3.4675746130952376
u35888656,b29738200,4.1632515625737545
u40568292,b30090936,3.788005824718045
u18679354,b97887852,3.7907823445068303
u58382963,b67956548,3.7985138729254944
u01129953,b74189476,3.673953189122356
u15291116,b75612001,3.8229466919191917
u81392517,b61743606,3.6145181008771923
u83323525,b86769740,4.000751969696969
u48660295,b12526023,3.7059018892297892
u40152352,b26540924,3.4113840245478038
u82630635,b32970789,3.4641522499999997
u80058206,b80053887,3.4093305116959067
u91038580,b82195188,3.7808181468531465
u92238010,b09419504,4.03162953032012
u10384047,b66416013,3.6008328263024856
u00861719,b05231805,3.907566153561989
u58689829,b94825634,3.488890572390572
u95711768,b28801125,3.6546621654929576
u87937867,b83328677,3.9831805952380948
u34871763,b41508817,3.6294348412698407
u99493936,b68456479,3.6620690903197923
u59119929,b47152281,3.6607106249999997
u83651058,b51332181,3.9819884951359934
u40026320,b42125449,3.92925125
u85597133,b12526023,4.016587289004099
u65236118,b55504448,3.6592584682964095
u95657157,b89863217,3.7179030041447474
u68661119,b00653768,3.7019669836956517
u77437293,b22050161,3.647812613636363
u01012215,b52503900,3.702854454887218
u48368145,b35765595,3.879680769230769
u60161125,b18610759,3.8102430709562434
u74364850,b93241768,3.916969003670121
u29333120,b01792617,3.659941104886399
u12859038,b89786084,3.3066265869424694
u28722937,b33110278,3.687383103085554
u52584486,b75901207,3.501670807692307
u56192129,b68297715,3.8473138541666665
u96968119,b36153689,3.475616022727272
u12606056,b47303902,3.8191256527433137
u93557879,b21674268,3.958426224369868
u35188892,b18056133,3.2130933508818544
u73918902,b98256804,3.851554083818513
u93218611,b19687370,3.7727511329993355
u20142543,b66015940,3.460636442307692
u94637255,b28190473,3.8026785511363634
u88060621,b78275112,3.8295984550561792
u09365901,b75611519,3.8762750457875454
u49824878,b88947899,3.795652673339675
u58289231,b64424298,3.6656973653846157
u89607830,b05487017,3.629900919289044
u66050511,b42283267,3.616073305555555
u75560984,b77690662,3.7100082433712123
u00608846,b31362596,3.823257154471545
u68343570,b69989437,4.2129287866857
u93232346,b02603859,3.6489616421568627
u59985966,b31687952,3.9838169315621297
u84087070,b45704835,3.7018738109756093
u83787062,b64731092,3.8117479185520358
u14254400,b19555371,3.66562153683941
u86418166,b00943731,3.71849601744186
u24566678,b66664015,3.8194456673431665
u91291569,b89814376,3.8252312152777774
u33376497,b32288653,3.5933931094019775
u43780528,b42439444,3.504362638888889
u59164680,b26809819,3.5678811041666663
u39812404,b91385546,3.4108967543859645
u56433236,b86889066,3.6536747604755178
u78853481,b38122928,4.242899549954995
u37406880,b07812624,3.9345110766795157
u57611935,b21557753,3.8518360568885344
u17253366,b09419504,3.8407757668761757
u49019615,b14848528,3.9309983354939075
u44121725,b46704985,3.6137877380952377
u89032257,b33470089,3.8311308012398504
u27489398,b57429125,4.141092071428571
u13335616,b82148195,4.1021202869900035
u94013294,b19822827,3.9542972848620535
u60049334,b69761665,3.969541452991453
u01018072,b62470547,3.3121668091168086
u59838405,b75737071,3.6515410852713175
u37439693,b56740013,3.6862520833333328
u76064869,b11179371,3.7594344144553187
u06731151,b42283267,3.868610435185185
u16453914,b52842739,3.8963102402719176
u86372528,b89765180,3.5176723938223935
u45458094,b06642675,3.6978532190635445
u25278850,b45954724,3.8161728403815776
u42463198,b64858692,3.5861165974417513
u96906249,b71020602,3.153602707457983
u58044162,b97730029,2.6271093840201707
u42036634,b22879567,3.9604044008574406
u17400110,b01645723,3.447109385580319
u61605977,b40598851,4.008827220529099
u08061919,b07812624,3.9141603501348934
u93464810,b18378777,3.4875031952380953
u55489391,b78275112,4.198524094301193
u93388862,b38423888,4.095865434426736
u73947280,b27545570,3.684764260057471
u96935988,b89324149,3.9539206955084936
u71234418,b60484296,3.4272467471881387
u63798214,b98844131,3.6345569506048383
u49695098,b66705307,3.2680236860380116
u19877516,b46271044,3.770994147300068
u77526549,b89251739,3.8517956696428572
u73245354,b91229724,3.5638335440539852
u18677285,b55180043,3.425685080862534
u09343094,b93997659,3.681467040494966
u00674852,b89248994,3.794802
u69827807,b73802747,3.9155089930555556
u14582741,b53876123,4.056304048122502
u42718165,b45742756,3.833094643706206
u18486543,b40715352,3.222912603820598
u56477144,b17604493,3.6028073655086583
u85201394,b79994865,3.83363868006993
u59838405,b08319340,3.733935583377378
u61603293,b29802159,3.901523145022883
u57507741,b60149039,3.553292258522727
u26758830,b40550660,3.5676761535523296
u09351063,b33470089,4.013814298348371
u38565546,b11179371,3.387540981172915
u21332587,b66664015,3.8106396906926467
u53135701,b61797502,3.4080309011627903
u22858711,b59818681,3.7104600308113653
u63083777,b50453414,4.172240159643261
u61645156,b37657413,3.4754651136363632
u23353435,b47772980,3.9010226166024817
u68215196,b48968957,3.7795132736943904
u10368667,b61973226,3.862230760869565
u00602422,b76040943,3.8425056753852767
u89496792,b74821603,3.6145879618449808
u99065128,b79928088,4.1583796088836475
u56816291,b14888446,3.16627124300112
u25384225,b41451971,3.5975106955473626
u74269567,b82853645,4.069440318302387
u41793451,b58607054,3.8403817906746025
u08283346,b54842512,3.4431913657407405
u69842138,b41726148,3.6758405564263317
u36045689,b09049778,3.7895048152144586
u53931856,b73939527,3.050650492835968
u13930662,b64124445,3.758442803505272
u60559881,b33276088,3.783531517857143
u15540717,b64609180,3.684677774041931
u39674102,b27644577,3.611975769230769
u49100654,b31687952,3.864668226400548
u22960284,b17618752,3.870065726190476
u93085815,b08166228,3.4248035227272724
u03789710,b23493033,3.8183280531609194
u94468127,b09050359,3.954576314102564
u31352533,b17718695,3.55297875
u15038484,b37351373,3.9013817654192655
u95113736,b33989802,3.7620424134871335
u20477370,b70319465,3.1193273329493088
u44519325,b09365531,3.480807664109122
u94054925,b57528832,4.140116199945887
u36184855,b45675681,3.504807268518518
u80786591,b81438943,3.547245367132867
u14615333,b88947899,3.712319340006342
u28811165,b49553867,3.7672653465732084
u09154069,b65667329,3.888812805851064
u42257944,b13298774,3.9774831348087476
u94953789,b84661358,3.433571559097096
u40734619,b82838854,3.7228035416666665
u86979424,b35526856,3.733148145178883
u91486437,b15460735,4.044858716216217
u05509310,b57608002,3.3433696323529407
u31435767,b74511960,3.57653056741462
u39578061,b67873731,3.5741486984872197
u64250012,b35020640,3.8600299303797465
u67480372,b03135617,3.9425680841973882
u28965926,b37351373,3.788233388621415
u24883700,b65701444,3.5419259999999992
u18701258,b34681163,4.2938364674109675
u64655191,b17250872,3.730764647435897
u19742889,b38905954,3.7095149854862113
u03503049,b14632405,3.84885245467672
u95332391,b84319928,3.6519100223785164
u47762513,b60484296,3.646593676772342
u47614197,b97770488,3.9478825
u28075346,b14632405,3.6799327559546535
u25179928,b92563633,3.4219187319862154
u69345352,b86376623,4.2104864635942665
u81860456,b13254837,3.2102289148954117
u88453886,b68725737,3.507556416797488
u07721397,b19822827,3.810545428071033
u40287642,b79928088,3.8743553180788215
u86675497,b41566519,3.600943700396825
u96635387,b88136526,3.5653347619047615
u95791329,b04161893,3.6569497435897436
u79260852,b19203225,3.817464704263834
u36007294,b24319159,3.89896056547619
u80252285,b69684851,3.466040183531746
u82625048,b56779366,3.8963396975038105
u05419797,b93186213,4.015784821428571
u90569458,b11734216,3.8954507393483704
u82853057,b48544437,3.500855178730413
u77981905,b88182084,3.5801599716330252
u15922581,b88487078,3.6991807720807035
u71934069,b32476884,3.295783556715615
u57013650,b47707851,3.334205264670296
u65972086,b97743780,3.8390313022479803
u79706959,b41341679,3.7694875601503757
u94698458,b95021405,3.6152397882938976
u03819057,b72027832,3.9584843749999994
u27411614,b17683710,3.312203109545716
u03165092,b16597234,4.110006504494976
u12711223,b96921455,3.7559196311936933
u87891022,b51365796,3.8094758416875516
u31383198,b92598217,3.7099177279705584
u61534589,b37068431,3.9559915294969867
u97222273,b15564676,3.3674821998722857
u24366288,b74929101,4.0600116030844156
u76860820,b84098191,3.511747619047619
u90188383,b88978481,3.6528389707421676
u67285079,b98155674,3.714480520833333
u48462933,b11179371,3.6124331997876338
u20775179,b38383821,3.4928567548900986
u13445906,b32140949,3.939890735294117
u11581742,b08473327,3.901201636363636
u07724828,b57528832,4.269636214486562
u22746823,b81310554,3.6663166136004124
u38198183,b29452426,3.68175244047619
u04164137,b12962230,3.273949214285714
u05502569,b11338586,3.661506732117812
u86857833,b62670070,3.916023370535714
u02678459,b63488553,3.4492666990022167
u12579043,b09150505,3.8208190940126046
u19587941,b79815294,3.813070789977963
u33613956,b88978481,3.994257437125748
u60147278,b31362596,3.656679931402439
u91918210,b76040943,4.375428639948803
u50566922,b65411088,3.4667909126984124
u00680825,b78234515,4.240362950872656
u46410733,b54597883,4.027379403313049
u30759279,b06167371,3.4997371629446627
u49382438,b75866249,3.7285147587719294
u83116410,b10335589,3.389309556870901
u34548082,b26924525,3.7401025591715973
u84552452,b54369491,3.891256153186787
u08305368,b67967555,3.6647855639367815
u19552351,b42349213,3.569631094012089
u33120659,b32727723,3.906935546447017
u13719182,b19867465,3.5781609525822597
u44457694,b54791634,3.996392272099447
u17483377,b81672135,3.8986779006410255
u45674208,b71794852,3.873045074362081
u92249823,b04663186,4.013616728110599
u93594365,b33883603,3.6578465555555555
u10870971,b63880346,3.326685437360653
u62989688,b90171057,3.6907529230769227
u23129686,b66018154,3.7951580459770113
u66860171,b52648851,3.7232406057732828
u85401916,b53255527,3.5625614087301587
u10665625,b10229286,3.7854458959814035
u44639204,b15847411,3.9088173941755078
u59710887,b80203303,3.484985795454545
u05281300,b79116544,3.552754076704545
u54365851,b26385014,3.7869650090221683
u71447250,b27125652,4.11006068627451
u80873246,b17369030,3.615605578487746
u83396764,b98844131,3.6188686867862376
u75415393,b38337565,3.6603081140350877
u78226466,b42112857,3.672784877181642
u66092830,b16412910,4.312385769230769
u68153200,b77508650,3.8094833599331457
u37049827,b52485134,3.788103461737784
u81642546,b28745856,3.9770538663967603
u94719032,b64124445,4.006908309694485
u95254015,b11338586,3.6143876130327763
u41694816,b72782535,3.9251546890185858
u28162759,b26138336,3.6063848759541983
u85047258,b95816463,3.879207178707224
u67805239,b54369491,2.8914480603448274
u59864954,b47764774,3.537388779761905
u94692092,b84462089,4.074953626116591
u92131415,b31687952,4.08554189782426
u39265208,b98844131,3.7749117142266333
u88793627,b15860915,3.5615773026430184
u74345562,b03671144,3.9366876158117505
u31712655,b30307775,4.007874257130525
u39552556,b30321639,3.681584934210526
u28566111,b38423888,3.780941774131632
u30355312,b55186557,2.8040403422619047
u58725964,b36185570,3.8650537284976507
u70658779,b75979651,3.7795705826558263
u19577049,b63721105,4.000707302631579
u42170039,b31215424,3.4155836764705882
u27587066,b41550515,3.4105075042517004
u82352963,b31988440,3.759645037878788
u18608818,b17618752,3.5711014999999997
u94155285,b05376454,3.697928229345566
u87998402,b37122469,3.8018062687802394
u46945108,b46704985,3.828073452380952
u40921921,b73146684,4.055156114130434
u42489290,b03516455,2.689457008928571
u92295412,b78990759,3.667178386752137
u14974865,b27702770,3.969522395003541
u17885844,b70783140,3.800669793028322
u88096373,b69681768,3.573175979623824
u38032677,b37073691,3.8086449364368025
u20436075,b14700744,4.007727797619047
u31315391,b17187529,3.7095969187211564
u77739311,b15642417,3.736541083678582
u93701587,b77680859,3.666405928030303
u77384847,b01370236,4.169668076923077
u45055421,b09365531,3.509353451505602
u16562754,b26138336,3.6739977232614205
u57823181,b54446861,3.940576873449131
u13050965,b54878424,3.732503633996212
u96848320,b82301487,3.6054777087757093
u71712282,b66416013,3.730223571428571
u44375150,b42903412,4.019832325708061
u45094749,b88182084,3.4686087147030182
u75358553,b14304119,3.4702350252707577
u39830749,b37657413,3.726631477272727
u60488908,b60423207,3.5201483191287877
u20016139,b44499252,3.550587154882155
u73528797,b01136753,3.5001560760073263
u80899382,b43943356,3.3653277173913043
u71603947,b18610759,4.159919847751043
u67564656,b33699537,3.5425534587877703
u84571450,b38122928,3.9735601938943894
u99072303,b88317943,3.421637166889084
u74384422,b26246971,3.6948467055132226
u58713646,b98954571,3.7891965767187177
u02898712,b58973293,3.7050132140350422
u27912098,b16231894,3.514558675258565
u11581742,b46024181,3.815027167291471
u68392251,b75817040,3.149948206407563
u65751729,b88953396,3.7144209533898302
u75374846,b57283428,3.5840400338753384
u18222417,b31687952,4.010909113469061
u76876687,b00793465,3.392358782642089
u85541628,b28801125,3.4928925958432586
u26911182,b29802159,3.950283760964912
u10328501,b54627716,3.6587571594278736
u67526412,b70930132,3.6842988149347575
u83925591,b75215350,2.7684892261904768
u68062189,b93418350,3.740641177000433
u69788525,b00524153,3.994707638888889
u61143829,b94989213,3.554994059630107
u23724109,b50443121,3.7592094978149486
u74384422,b53545849,3.7720664855072465
u14443343,b45651575,3.446613715538847
u03354731,b82853645,3.8151970733120835
u92624969,b37657413,3.726631477272727
u55702325,b19733783,3.6066177479692976
u47606079,b34964632,3.698086903508772
u59612807,b27563355,3.4150124451754382
u19308296,b36231626,3.210464438943167
u23353435,b40128170,3.74965106698063
u76759283,b69989437,3.9462128768854505
u61441990,b09123950,3.6793724994265693
u65301210,b30494145,3.3853356841432225
u27489398,b10136233,4.297252056277056
u06773982,b05332134,4.042683841991342
u82540742,b15439387,3.9522356270810217
u40481233,b41525636,3.9406474851190474
u11911630,b77675822,3.9326610984848482
u62695354,b44944170,3.7173938096991925
u88849216,b98654472,3.0425552307692305
u27545987,b34681163,4.028665094840296
u73363481,b09399885,3.3140721660685806
u71912763,b68009767,3.826544617895545
u90105683,b43113749,3.60367150621118
u80670774,b64242065,3.7158733858543416
u17612002,b80945486,3.8207213157894735
u20571753,b62282738,3.548673689648118
u23631579,b43914262,3.9170588633040935
u56004011,b93241768,3.5494693691072796
u04453517,b44887521,3.4939158022388055
u80517813,b43699450,3.782647677390056
u93459297,b07812624,4.083715938664642
u48060265,b81401127,3.62036461719084
u84059767,b78768152,3.7902411089367254
u68782599,b46923281,3.644896194196429
u24176281,b65332935,3.631808050089445
u24486152,b90457746,3.856222428025191
u90624462,b10017690,3.490256706730769
u88017117,b28190473,3.6566652113064553
u12283362,b73712332,3.758560753968254
u59126904,b93997659,4.169335403414098
u40593388,b09101227,3.3643776371308016
u06290847,b29738200,3.8290395259519316
u38102191,b71294015,3.9438861515151515
u96853937,b94020277,3.9148855803571423
u42692606,b63791555,3.9592525246415775
u27251305,b14632405,4.006012432516748
u59777569,b75852622,3.786370923076923
u02351030,b03837849,3.529097278325123
u72667370,b36914684,4.070570366197183
u91614054,b88978481,4.004466219734444
u28052333,b45373576,3.82699214559947
u36749601,b26385014,3.647207230635985
u98749038,b14115711,3.3822207812499996
u98994100,b59304782,3.7726889236111107
u11882489,b29422431,3.6808537394957983
u95608135,b79253970,3.8509468497809163
u49468556,b65933939,3.692834748641304
u30625099,b42911455,3.5860315816356736
u62950805,b57648353,3.6559350353852
u31125090,b67030393,3.8576726459531185
u79205082,b14632405,3.9660354085674223
u99370997,b00589069,3.6834955312499997
u46939494,b15038153,3.3727760575139145
u23718254,b61652439,3.463029190009932
u95235900,b20830788,3.7796119047619046
u86399926,b23760358,4.226751340400368
u03211838,b53220424,3.696882267786561
u47101856,b89449410,3.992885651105651
u05714050,b02624512,3.7469742110938578
u37829032,b73733655,3.6592729020467836
u25952793,b31362596,3.9156441666666666
u17844283,b44583163,3.4288061057692305
u21909758,b41715593,3.5266789728327232
u46482370,b20537286,3.679176233974359
u41109369,b79815294,3.8547374566446297
u69667817,b97528491,3.168007348008386
u27482571,b85903526,3.6053076410658305
u07344743,b09419504,3.7927688086850493
u71038531,b95816463,3.739207178707224
u78094006,b29576446,4.0818410978653015
u13420738,b87709656,3.2495342708333332
u25703835,b78457511,3.9417551354249643
u12558328,b04374540,3.6911949590163933
u24724060,b96783065,3.7334998426823454
u84050864,b35873913,3.688751500896057
u09134281,b22338698,3.645710877403846
u15854656,b93997659,4.1489862254766505
u25413424,b60373143,3.9787620223671945
u82754354,b51332181,3.774368004358655
u66916471,b42027204,3.759714805970149
u56722389,b19822827,4.0180912906236275
u67480372,b39325908,3.7269554246794865
u66513427,b15682357,3.5208651388299375
u40698612,b82148195,4.23731077549575
u13076721,b23985802,3.5397518055555555
u72345879,b01428640,4.048823392857143
u71534659,b45594562,3.586118
u40298447,b82682340,4.253724283220992
u68799067,b14013622,3.736398026083112
u64919672,b15642417,3.679107147408666
u07157628,b09589765,3.487917343655337
u64719754,b34740941,3.631887557471264
u55660385,b33845037,3.6427157142857145
u04187143,b19867465,3.883298304725577
u81584177,b61372131,3.535227868670384
u03115251,b37466269,3.5263395009138865
u84104407,b56466462,3.5315887040332146
u39949949,b95785803,3.6921928420608108
u47390798,b82301487,3.988583601351351
u84633050,b98106048,3.7612985606060603
u08181581,b93475213,3.801667353925885
u16327776,b09393084,3.806450723712218
u74797687,b55439788,3.733937637420719
u54031308,b34742848,3.8566448809523806
u51038101,b65629315,3.9768973432055743
u21083857,b46025192,3.735727454819277
u08493085,b40151793,3.9359270219198788
u50846401,b05376454,3.6280564344737716
u87552319,b96921455,4.00148223536036
u50501650,b52648851,3.7285136464478854
u32468681,b38447018,3.7962151547931233
u25992469,b52842739,3.9367658174268305
u65807817,b12526023,4.204098059378139
u44241000,b26385014,3.4906946255939677
u44521747,b52339175,3.701601433923315
u65135412,b13094463,3.4358822619047618
u56842173,b25678098,3.7341317906746028
u80258037,b04797457,3.932447266169082
u71133221,b29520915,3.658055196962506
u35212535,b82713614,3.589752072649572
u21820241,b72243003,3.80964862745098
u05129439,b41715593,3.386935383089133
u44298708,b17115009,3.7665016666666666
u35385075,b70680443,3.7306344946808507
u15210784,b17482278,3.857121156609195
u90971268,b88182084,3.8090634349827384
u08899840,b89572033,3.3979831230228106
u09030946,b79601676,3.469602549180328
u78191596,b30815378,3.78415225
u50341443,b96783065,3.797484838709677
u32899628,b79975924,3.952997387710748
u09163941,b70930132,3.947207151235533
u38037570,b36185570,3.7041022013483293
u60577436,b08004121,3.582856873965495
u79896374,b48801576,3.3626668793103445
u77094188,b51485694,3.904282941339507
u65010306,b59349150,3.6986164102564105
u41146054,b67584295,4.100628599869451
u11116833,b46652937,3.3873465713853603
u49499105,b67967555,3.64565974137931
u47397199,b42373487,3.899873885233918
u68888758,b20066723,3.302152103174603
u61495778,b21674268,3.823145715380986
u11882489,b73807294,3.598978674560733
u65686655,b78614468,3.6552100694444443
u01662164,b51485694,3.873519727712363
u61896213,b98115511,3.891891471754912
u13400944,b48931794,3.4256344951923072
u61667590,b08122618,3.425607249212775
u24840654,b44745371,3.9348175235849054
u37543669,b44711938,4.25809004708235
u59838345,b78457511,4.095251302698741
u80713921,b39065480,3.59450196969697
u44519787,b95835140,4.03747023766328
u45503845,b19867465,3.9016509554919434
u15294658,b44595908,3.943811945028011
u03891211,b06949973,3.3314752817292166
u48485181,b35202318,3.6719547681305427
u45298367,b69852022,4.048517684513007
u02250001,b71069695,3.9192635944700456
u39054857,b07278059,3.831630522556245
u14474538,b60373143,3.8148398712998715
u25278850,b85901970,3.7323410416666665
u09297553,b52467549,3.9863520001926966
u78550924,b64055778,4.0595761249999995
u92487793,b70912031,3.9788060453216376
u93029646,b42977080,3.6726514636075946
u63958609,b80754789,3.8384743636363634
u52977248,b42590814,3.498294318181818
u42941492,b27096444,3.5862050583035225
u99891147,b75871556,3.820280545454545
u44945147,b31475886,3.831227160092634
u45697256,b80754115,3.6112309374999993
u05894104,b02766522,3.4882917689317106
u49729340,b04529407,3.689608392857143
u73765947,b52217488,3.7315982110074
u35473269,b99145398,3.782429972015788
u35402676,b67550881,3.536276164145499
u75817470,b34984766,3.637064270833333
u32616845,b12526023,3.7936897850820452
u47311833,b22338698,3.9022564535984845
u81733782,b91216157,3.5390583587952857
u43775713,b45359881,3.8117133473389355
u54988183,b00278122,3.597892612434564
u17361499,b24644027,4.3143256999618025
u59385653,b23238133,3.4435095641634574
u12377521,b62349347,4.1529187499999995
u88401341,b91417770,3.4321330294486216
u53172662,b80754789,3.937149637931034
u42532766,b14990943,3.154564270833333
u92866633,b60770713,3.719416781916913
u72509863,b67877559,3.271590709331652
u80414310,b89513984,2.2645662362637364
u40924480,b06331111,3.6407871052631577
u65018233,b59555104,3.6803306224534573
u64879580,b02688310,3.861204977228367
u39733358,b37291845,3.623957551282051
u58074057,b36231626,3.434428793916657
u57931849,b34734220,3.931543958333333
u47937032,b96764489,3.6569005586080583
u28683954,b33153583,3.8612520833333326
u98040382,b22430494,3.9558827717391303
u83248010,b52842739,4.118426912212846
u13342804,b31988440,3.6015201866883118
u36993225,b29998162,3.539040458341873
u38551680,b31988440,3.5883316773715412
u30188659,b09049778,4.066512218920191
u19353171,b90840036,3.9069344159663864
u86603284,b60324633,2.714591039823009
u37744053,b79975924,4.150043231032666
u90678176,b20877763,3.5960659481961144
u68913248,b06167371,3.2651571788801705
u01273388,b19483433,3.692779166666667
u19080594,b12526023,3.8514515263967586
u06905806,b16024414,3.7640263629068773
u05744674,b35307029,3.405309581881533
u69934107,b34149514,4.141453355263158
u91347539,b62975669,3.717550382092619
u84733572,b34532370,3.408103683035714
u01448631,b59575409,3.5801338068181816
u33954973,b59032154,3.894657946428571
u94677784,b30307775,3.8758041140981385
u84316228,b63303984,3.331309830827067
u96466312,b71663032,3.994516519992321
u06077031,b83458137,3.730362939560439
u47945386,b28801125,3.75481686787391
u36096478,b77201589,3.8411798167938924
u15115958,b93625021,3.41008848615465
u18178666,b53396891,3.2562627614379087
u86173342,b71663032,3.6645580790723487
u55878619,b21861372,3.9242515878378375
u24987588,b61743606,3.564142958333333
u33907495,b37068431,4.1019727622216395
u15220575,b08004121,3.622326050101859
u64185289,b39605350,3.8431760175851717
u18398508,b32974421,3.6728313260512095
u61767643,b52648851,3.8701803131145525
u80712308,b17882892,3.7649268696581193
u87165718,b08916036,3.458032330508474
u41989403,b31362596,3.7515131547619047
u55246006,b76040943,3.953793218188915
u94448754,b31671086,3.2159968063186812
u31885448,b11734216,3.481735154462242
u22118071,b89365082,3.6046874125874124
u32450991,b19867465,3.8260776192489265
u75035764,b78275112,4.127604258627608
u82753211,b36299646,3.6084803571428568
u11813122,b52485134,3.6764742442466307
u46252485,b16955253,3.6002000661375657
u21229773,b93745301,4.216661462781378
u13360372,b79928088,3.82260387042809
u72948092,b09419504,3.764527529844461
u45361269,b71069695,3.6682847846813917
u45492252,b87138227,3.5780017460317457
u99844571,b46006537,3.7195439832535886
u57767740,b85321421,3.6776725275420334
u75504370,b08330741,4.237479403886555
u62953833,b38877642,3.332558508064516
u72939062,b14632405,3.79125877328024
u67916975,b74167560,3.8650409429824557
u38037570,b41402498,3.844801421548171
u87898897,b13777136,3.8445854166666664
u21077899,b64898087,3.4027666429368684
u77796335,b66908318,4.061244942810458
u64899424,b82757636,3.683652711336828
u47828412,b65816300,3.376526728946898
u93778297,b46584434,3.5996425727866903
u82483487,b54781444,3.634959384644767
u11099702,b37657413,3.9766314772727274
u83053306,b92928728,3.1952252873563216
u31310480,b46219415,3.4662381638655457
u09368176,b55135376,4.210879198717949
u24133329,b20287395,3.369589810801514
u19912887,b12526023,3.8597703282857028
u39147305,b67584295,4.157487189011543
u66968948,b64138226,3.86674987394958
u18692953,b17187529,3.9091684949529064
u23410350,b86376623,3.913025903315031
u96328255,b59845564,3.526816826923077
u30259889,b69647795,4.1304961123511905
u89131359,b35185805,3.4260741729323305
u71137006,b95816463,4.043557428707224
u61511488,b55152063,3.7479608149509804
u67359517,b22879567,3.809747152138555
u30379737,b17741315,3.8986358973727695
u90180055,b07378867,3.854740855046743
u93362544,b12526023,4.148315252081742
u38349060,b31362596,3.5228922466481247
u88404428,b76040943,4.019656164617486
u66555010,b94931388,2.7073372690999475
u78269892,b79994865,3.7971508824508824
u47863431,b26138336,3.2338569316020394
u33767076,b75920771,3.8953388358492225
u97211029,b00524816,3.7901716666666667
u63715088,b12920844,3.7002754969879517
u36142325,b17718695,3.707686875
u48048612,b40825074,3.803318990384615
u85150077,b05853556,3.4005801139060274
u85894700,b70930132,3.81256692769292
u58009017,b34105659,3.4215771220930233
u64525333,b08545824,3.908272498394135
u61231592,b42027204,3.5006742884262896
u43059668,b35866819,3.7440814865495744
u80980679,b36431467,3.7386330357142854
u34719751,b83966849,3.2222741291061876
u44155125,b33091876,3.490262362012987
u38469672,b22785797,3.3177579420289853
u85919421,b79409477,3.2634500420168067
u58838965,b73409233,3.620791581035923
u74911236,b35765595,3.851706910948095
u37089385,b40128170,3.831936936725748
u96034485,b60484296,3.2378568563565455
u65878317,b63246630,3.656543958333333
u72925507,b41355300,3.8397865525793646
u93294815,b89115141,3.5783243925070023
u30681822,b62223240,4.349707091099676
u27622334,b98552397,3.790353682598039
u47795535,b20877763,3.8702999940898346
u70549733,b96064020,3.276557542624166
u61787064,b13716034,3.356350911397346
u93354113,b27096444,3.569696084632532
u19359999,b15682357,3.509301803468847
u88737197,b47025306,3.646643294499617
u79447669,b75852622,3.7332625270732174
u28857851,b50274772,3.2161790384615383
u17030691,b37363405,3.7865505228031147
u45274400,b79928088,4.160681210415072
u00520823,b20928296,3.7582112804878047
u76037320,b79601676,3.4983030491803278
u32863964,b63603925,3.8410893216997084
u39178567,b08361489,3.671678686186186
u31214827,b92457365,3.771927644376899
u18340817,b31687952,3.8274431806130025
u92823987,b98630806,3.3143634873405103
u40152352,b35328167,3.5168616666666668
u83580686,b32288653,3.953515320302948
u69349148,b34964632,4.005847270833333
u57537695,b92631370,3.508848449074074
u01451218,b02766522,3.761858267605451
u27291457,b13798173,3.0850279741379305
u44235591,b70319465,3.7192408528869736
u14157443,b20877763,3.585067973887814
u17237770,b29738200,3.9957061926185986
u06836711,b78156277,3.8497689260888777
u95703598,b13368019,3.3399295833333333
u86453416,b95785803,3.832277172990297
u73638441,b63671773,3.6866522931395656
u85378616,b87328001,3.673667903225806
u49993228,b73131708,3.820207784212225
u26911182,b27271886,3.6792483613445377
u93756125,b85321421,3.6630381644330674
u88632301,b52455485,3.806470080213903
u19831040,b19830299,3.783967142184557
u02062618,b17604493,3.7227138083584332
u05369137,b07327816,4.0232715806907695
u54628002,b05271936,3.522829531209022
u86383480,b72005521,3.6272651882828604
u43655900,b86480331,4.067853786465806
u49069811,b35526856,3.75706834802976
u17320859,b57316882,3.6550957118353344
u52919349,b76971280,3.8792633739495797
u06119316,b22987468,3.5004866677538593
u87585758,b65915835,3.8942798739495794
u85290789,b09452008,3.125470572916666
u33497832,b48421113,3.3872957042902625
u60082410,b99629573,4.20943212492438
u72745395,b08180481,3.3109114500585175
u62878753,b29576446,4.099408476875816
u18204198,b19822827,4.309792572122035
u21813613,b02840016,3.7973389767156855
u15669862,b07811476,3.945955101163542
u94928958,b97302773,3.978272686416001
u12606056,b66664015,3.72522302402598
u51050734,b98676746,4.0773880681818175
u39079795,b73703618,3.9930933428632196
u07532047,b23760358,3.9185000204049407
u37200174,b57283428,3.5608952106430154
u72161401,b60479803,3.1322423556902868
u26474410,b08180481,3.426967034658691
u65964172,b57528832,3.8749226449751677
u17300099,b41399471,3.795810612244898
u75635802,b09589765,3.8119700966315273
u30888201,b42232720,3.250527107269808
u87385721,b93997659,3.823409953287302
u84012356,b06439034,3.6215191964285713
u80899382,b12962230,3.45252701863354
u85279952,b22785797,3.732551583333333
u45796950,b39664275,3.869836295289855
u17688338,b38944714,3.7140183636788047
u36554038,b03671144,4.0696229943221285
u35134876,b19909879,3.5050383733974355
u22666459,b35307029,3.443762315270936
u41162010,b58177693,3.8826641730969116
u71819251,b25020940,3.6370444463960445
u35104737,b04820955,3.6086649535059925
u76181448,b66664015,3.766843919423578
u66823672,b76040943,3.949795535643987
u14788793,b49553867,3.7311534713499146
u27304578,b69989437,3.9462128768854505
u95045355,b96067067,4.150002640804598
u55018841,b57283428,3.4458361706633873
u53896424,b79686261,3.7366052416823603
u58257032,b97659010,3.92205349302744
u67250327,b96067067,4.217901963248639
u01266603,b23089015,4.000155630600358
u07823177,b57528832,3.7686726449751675
u94996121,b13483523,3.5647000482622273
u40395059,b22409558,3.3486708035714283
u50647825,b66664015,3.639806357359314
u26538583,b96064020,3.6775569206145966
u71672017,b10940603,3.3228954985119046
u69999754,b34348391,2.9397702119596163
u38923892,b08777701,3.7065071666666665
u22148159,b66908318,4.01022587535014
u24176281,b36503628,3.4411352226720644
u92183965,b02328220,4.1428850216450215
u03963023,b39837030,4.11403879294796
u25578359,b44270946,3.6309017142857143
u09351063,b45441357,3.9511908007550844
u91609906,b15664991,3.784693708333333
u39753021,b00793888,3.8410364297227595
u04155815,b26940296,3.604023054533186
u99370625,b14448675,4.0029864767156855
u95155934,b94989213,3.702333492331367
u78074738,b79896536,3.7086414139515456
u74683862,b80730701,3.7828954408756137
u05910977,b40151793,3.9771934952910604
u80899382,b41516337,3.4653771839774556
u23359243,b08004121,3.714712011872931
u42713262,b48335940,3.164409492566257
u42677320,b69989437,3.949904242246057
u01677781,b87068336,3.7191339957264953
u79211066,b23457095,3.961988031517094
u36389014,b19516972,3.6991896414033727
u67856875,b26385014,3.8037198356780015
u84521511,b24500781,3.6083121527777777
u80367015,b77136574,3.7365044583673703
u02549216,b97302773,4.24866536376601
u07675985,b42065988,3.919889634809895
u95089834,b55152063,3.7876057291666667
u47294288,b82757636,3.7732602937544106
u24380089,b56482176,3.6482656249999996
u41311870,b76040943,3.894093343924602
u58021088,b18056133,3.407747949224688
u11355295,b33699537,4.1059988369390314
u36261891,b69314705,3.8960630931495404
u52252935,b05381215,3.8536056994047616
u44411451,b24264133,3.6646860897435896
u66108479,b91130757,3.68074465435978
u20571753,b03047230,3.5384669665012405
u61563076,b18610759,3.927951936001105
u85466643,b80531041,3.6610356722689072
u44701163,b22657792,3.589894821428571
u86586216,b71271368,3.9191923485430795
u80905897,b15268547,3.927555382437418
u97897862,b19867465,3.8555367768540076
u33415158,b68150984,3.799565256410256
u82690658,b69294942,3.8110554966703667
u78204554,b62853608,3.2244903165347565
u12216460,b15764467,4.006713424182047
u04162864,b41331137,3.914018803219107
u48570578,b20790379,3.7976892515341225
u83831451,b98196499,3.9463877749433105
u02541401,b11516322,3.9243812784274295
u15851410,b26138336,3.5623811719813303
u12513149,b22475341,3.5784394047619044
u64806975,b56362706,3.60636903907496
u07787942,b05231805,3.7903750719992564
u72272944,b54860296,3.8833915021008405
u24000217,b38214177,3.9304610746268653
u01276595,b78275112,4.424313998147348
u39174849,b05154189,3.8367067319479204
u16359454,b15264750,3.5184461111111105
u37049827,b29998162,3.7230001892689035
u62288777,b60031658,3.1672123214285715
u41331960,b70664431,3.9308826782422415
u96523087,b98581094,3.794802
u11433263,b17369030,3.6142374498327756
u50475188,b78990759,3.9768456089743585
u72725318,b64898087,3.2683713600622513
u54133671,b68325129,3.571458028763462
u65299580,b68713172,3.783416983695652
u60382907,b91130757,3.9305488272921107
u34165507,b23760358,3.855304634319287
u29432487,b86815198,3.7688233928571426
u00187613,b42977080,2.834608065305949
u05983142,b74484819,3.6807637646001803
u95399909,b93695514,3.6268420419254657
u63136306,b66664015,3.3273082473633306
u46480228,b49170199,3.703052478991597
u84707130,b30107248,3.6162660060817804
u38116243,b41711062,4.158915210622711
u89115012,b18378777,3.5908867666666664
u11232249,b89040055,3.2409417378917373
u03865460,b07378867,4.180549577740917
u43353665,b04493477,3.1218552202406533
u75369963,b75511430,3.8826843839712915
u14329214,b71294015,4.012844556547619
u48364396,b79124168,3.452227313141818
u74801140,b26688492,3.5080380284552843
u97892320,b60500282,3.702032981430798
u93387401,b03946791,3.861352019514591
u31203625,b88947899,3.878986006673008
u05346583,b67165478,3.5799398016919355
u34815980,b02061575,3.7616360576923076
u78226466,b19822827,4.129621265540015
u24926990,b29576446,3.549976339592809
u86984744,b07586151,4.014795861344538
u49223520,b30331659,3.8821533312731455
u55116037,b29576446,4.042156564748089
u86590253,b51986055,3.5731313261366444
u90362066,b93475213,3.7487768829113923
u08813961,b67584295,4.050628599869452
u33278628,b78275112,4.198524094301193
u15349638,b08157430,3.4865970209478023
u41722913,b81268070,3.822228630952381
u39576547,b02984754,3.953599081757703
u61394609,b04669122,3.7268446437062055
u13894065,b38122928,4.073527797185705
u94895228,b26940296,3.673894849404981
u27407499,b82785620,3.8831791969398717
u81295482,b07278059,3.9198991049989083
u83106562,b11689530,3.8869423006321835
u10814679,b37848013,3.7359150280112043
u52728007,b79975924,4.140695530626781
u99791247,b22475341,3.7093944841269844
u02697725,b65216323,3.9635696514161216
u70320313,b50881390,3.5404873717948715
u96655558,b13298774,3.6729627157436866
u67019885,b36312601,3.673868692307692
u41651084,b93418350,3.7033086887108064
u10219218,b31891913,3.4169308653846153
u32590962,b16720980,3.304364851190476
u87640306,b48968957,3.715581569148936
u55465840,b76329691,3.7562998739130435
u14300648,b97743780,3.809060862687541
u82810482,b52217488,3.5805558797909405
u04140938,b77136574,3.7199745908664505
u92243879,b80596244,3.9099640304487178
u05271717,b71090799,3.6586963888888886
u49746729,b84319928,3.559134226109984
u53743855,b60484296,3.5619026247421877
u04783492,b88733051,2.996474607843137
u01465724,b47074257,3.656754978354978
u21813168,b06036306,3.6406210167464113
u43287150,b39501581,3.8326952565279804
u96781147,b80506673,3.948425000854409
u75289760,b71255744,3.513705555555555
u64140187,b24753073,3.914312419871795
u68241439,b31176307,3.486727352941176
u83149833,b45609938,3.9710939726516417
u38010442,b45502382,3.541211708261618
u00942320,b34755064,3.8890270047619047
u07717247,b07161961,3.6779652272727272
u68803386,b83439687,3.466200310062952
u74364434,b44393400,4.145269938016529
u68531721,b28213232,3.8224866323331836
u74222360,b23457095,3.732632268009768
u06370203,b75189008,3.6706934558823527
u94698458,b86785429,3.8005497494631353
u44271219,b62003276,3.951335277777778
u85601284,b33470089,4.064288109707593
u85107602,b51986055,3.6806240784840623
u52581825,b78275112,4.322696893446492
u55955380,b52227953,3.6153482638888885
u54913471,b46888254,3.8111845368122976
u73299189,b69822524,4.029793795289855
u10178570,b12821868,3.4394708960573475
u43033428,b17326654,3.8003599092574087
u35146256,b62791186,3.852300263157894
u88190746,b51332181,3.695974561836265
u87402876,b63603925,3.7193412331346867
u02791388,b96067067,4.214405765151515
u62676865,b51286612,3.6924359291187736
u55971559,b23369233,3.7221475409103353
u72950619,b77675822,3.74820517822544
u86571880,b72512930,3.6948789748039683
u66102030,b45954724,3.759911177155767
u60533410,b18469261,3.991399149211483
u72521868,b31362596,3.993048221544716
u11538951,b15439387,3.856319358698668
u31661970,b23457095,3.9327074786324787
u31229868,b11151904,3.688424553571428
u54981120,b35202318,3.8344878015524113
u74765283,b70912031,4.060956011536193
u47471483,b44991539,3.878609018530489
u13824774,b83075214,3.3569714285714283
u73525646,b08302230,3.886231096491227
u96757811,b67030393,3.8773039087692487
u89814562,b53423202,3.4951621819025274
u22162560,b21557753,4.064336056888534
u63231427,b23086534,3.214686929242868
u08178266,b74511960,3.5232604968166132
u10029113,b08180481,3.5001350187248073
u94597305,b75852622,3.547888386613386
u87898897,b15595003,3.81899516025641
u85626045,b70014102,3.684658537735849
u07356813,b65442043,3.831724044526901
u78233419,b61969759,3.5189224887556216
u00609107,b00722811,3.4041633755554273
u39798574,b96335505,3.2718840064102563
u54724496,b79253970,3.552097439220843
u51757424,b21345256,3.6352369285714285
u73929420,b78425493,3.3315643525985665
u63504207,b83689008,3.5947328346855985
u03226560,b06167371,3.5414038296113293
u90084285,b22727265,3.727193708333333
u10345168,b52485134,3.5431852987086705
u29391626,b70014102,3.5336786084552836
u38389437,b20755858,2.5883464132481784
u19409927,b13298774,3.6915964816058002
u68807312,b95000069,3.8440418062915507
u12178076,b63603925,3.7193412331346867
u06657026,b05376600,3.7070488909774433
u45344999,b68325129,3.6356618269230765
u04234818,b68461819,3.741474286669213
u76471292,b08349503,3.5727649111793154
u42898236,b00793888,4.079155203830013
u51015408,b66416782,3.4307434210526315
u11770031,b18591671,3.8375139841280292
u13095872,b54781444,3.9697139632034633
u53968656,b08135061,3.440328526645768
u22608086,b51986055,3.6260381507437067
u98517780,b41671266,3.837899504764402
u57222077,b93745301,4.496148642268557
u14974953,b62181786,3.481546008158508
u32091922,b88172809,3.4935162825405395
u01500089,b55916323,3.8478419235588976
u86181148,b68588879,3.3370981547619047
u13082043,b73131708,3.661172675736961
u87008154,b41451971,3.6264011162790695
u26237225,b14632405,3.8207785143880932
u91230975,b08777170,4.119575273109244
u43603590,b14632405,3.939899760607089
u37462952,b52026046,3.9730408184523807
u47068307,b24620866,3.640488773773774
u91631824,b59575409,3.142778626286593
u12899576,b00192663,3.6257651154788837
u80395931,b31362596,3.8376404105178654
u10932336,b66908318,4.087802780112045
u65945202,b64898087,3.5942730090860104
u77593706,b95371334,3.8624464274286345
u28894790,b07142228,3.3826268749999997
u42146169,b79253970,4.151904436383081
u12749705,b60470430,4.058232299253034
u29854347,b91302109,3.7528055472263864
u92122329,b41566519,3.397817811986864
u24778437,b08116189,3.627381916916917
u40754742,b39903678,3.679586754551161
u44986397,b18562445,3.5928949723025045
u00089202,b42590814,3.3051424999999997
u91856172,b29576446,3.9595568547553954
u59113286,b20547482,3.526231319148936
u16327776,b00242900,4.280810114255074
u27170688,b65216323,4.160743224289716
u96746007,b74821603,3.625183584968104
u83260415,b39941849,3.3083672390109884
u28530884,b36688616,3.2873349999999997
u58705457,b97218983,3.396186752136752
u77244604,b09589765,3.549539746703678
u95617982,b15574895,3.8794482390350877
u49757163,b31283678,3.906998216783217
u95312005,b60484296,3.619748395976734
u31596642,b78008834,3.9973002142862466
u30941279,b30307775,3.9231008531746028
u65880474,b26138336,3.5314189263417957
u09343094,b68095955,3.3990282999277714
u42718900,b80631188,3.762222356142572
u71501754,b54878424,3.741468070023148
u90784225,b65667329,3.8134341826923075
u83157707,b78457511,4.0145745627130465
u21045721,b88740280,3.669696540616246
u28385354,b44849506,3.930500974284199
u33666895,b93997659,3.7600213186443527
u27693579,b35526856,3.836863596567772
u56459100,b86033855,3.983922808845029
u98856815,b42977080,3.4943796083396066
u92924449,b39837030,4.031965217503796
u57990665,b41681847,3.6163895051555577
u42528630,b78275112,4.099313998147347
u43465165,b99057972,3.931098729421593
u38239198,b81125080,3.5550180287114843
u67687517,b40737971,3.4371581490384613
u54886144,b78008834,3.8511862642596646
u35076434,b79143534,3.5856647023809525
u88492985,b04669122,3.799969243243243
u45990381,b74432268,3.4202042614269788
u16348497,b38594218,3.7638211805555555
u90925303,b76455791,3.968568690874343
u51831329,b36701991,3.494219939393939
u30134287,b77012397,3.5557797222222223
u12323854,b65433694,3.2354073076923076
u19826054,b68333766,3.0704788986013987
u27698356,b55690375,3.353404560462107
u23588312,b26897614,2.948022536907537
u32863415,b99155596,3.9814629487179487
u72382987,b29802159,3.7921839276315787
u84440964,b00278122,3.2065937407594087
u80594626,b47581912,3.8418497470238093
u49729015,b10229286,3.7484052325581394
u80351548,b59575409,3.6340919913419913
u11794141,b10136233,3.710494635642135
u64920375,b08349503,3.7555157960858048
u01465724,b63702370,3.736907954545454
u74711059,b86376623,3.916534800636799
u80825229,b98034668,3.3822088688543595
u99389904,b14209714,3.8877153148043107
u03028746,b54597883,3.4780475404944586
u78381936,b52736396,3.7145171712393568
u95645990,b59192498,4.055058357142857
u82928246,b76818058,3.1038106671982986
u33271431,b62853608,3.9034374470430286
u95283312,b33653482,3.637819904718693
u01228449,b26940296,3.7514472793279987
u49726134,b14160521,3.838509761904762
u28230230,b69989437,4.147098679007798
u99072303,b88136526,3.409522485380117
u80733525,b80160832,3.7818394831460673
u23435310,b50384790,3.7912099504239967
u31433567,b34755064,3.953809587179487
u72386824,b29520915,3.8637387967687076
u68782599,b46888254,4.017699762426737
u39373932,b77201589,3.7411798167938928
u72263727,b98919800,3.7979419320737735
u27866473,b01645723,3.627217613871635
u23549440,b33796246,3.736356193991194
u93459297,b54729838,3.8336134865196074
u40392321,b76040943,3.956197870718034
u58130168,b28293389,3.7630698717762963
u56462594,b62292824,3.7438108629300775
u98788536,b89502935,3.4784780158730153
u12883963,b75706553,3.9593130349062697
u84473749,b82150877,3.4434923636363637
u56310054,b44745371,3.642722308067664
u95729648,b95511741,3.032991045121287
u67251957,b21249236,3.696446732430875
u31487802,b71325140,3.8922628055555553
u45934079,b41341679,3.670163318291132
u99389904,b08910064,3.467579268292683
u36072679,b60613242,3.7270447826086954
u48712274,b26847239,3.7769825
u52176178,b60613242,3.6853343588250516
u79533904,b31687952,4.10690780117637
u77195309,b08349503,3.834938720703125
u88119621,b63671773,3.6967052755957055
u28815482,b54771564,3.315097063492064
u80395525,b91644790,3.8948435770750987
u90145590,b69647795,3.936129335794414
u94920044,b74189476,3.821782581967213
u54766708,b83644107,3.5251302619047618
u02463087,b51986055,3.741590662991104
u94122926,b84537834,3.590927122003902
u63407690,b67165478,3.831042745870982
u35976821,b23377556,3.6950709879336348
u13314718,b66908318,4.0578449229691875
u31761191,b50453414,3.643917165970268
u59949303,b80968466,3.597724166666666
u05216971,b29802159,3.988981187865497
u16800387,b99145398,3.78235199947313
u32813115,b13696850,3.863999578039927
u18256938,b59164750,3.6220969396551723
u39500890,b69089192,3.5612354499241796
u75834612,b08753466,2.952339975490196
u50882540,b06167371,3.731228607451599
u06576134,b93745301,4.269272575823025
u09253072,b15460735,3.907546573359073
u75248127,b91758795,3.9416414614179005
u97308548,b38399229,3.5436096956308294
u14423748,b19867465,3.8742730063170896
u28967410,b80952577,3.4999981696428573
u30283538,b67584295,4.2444037740462575
u15974149,b35611681,3.9354929532967033
u16517340,b56679875,3.325736390608875
u55161013,b41094724,3.600401413533098
u11067741,b13163359,3.7195019696969696
u36159470,b52736396,3.7470010833174494
u36388384,b84770798,3.3452030493133584
u13200628,b32727723,3.838615258613935
u47906475,b18056133,3.6134237796442688
u76535077,b37068431,4.038418151174239
u59864954,b24054097,3.474912351190476
u34933245,b19814553,3.082982688240069
u65668985,b43722165,3.7266147946580843
u60967911,b29316857,3.481537321428571
u51172904,b40598851,3.5873863649945203
u05157449,b27702770,3.649469467126964
u92600262,b98335764,3.688737950279046
u18364153,b66416013,3.822431696428571
u00268642,b70026837,2.8805015476190476
u47409526,b71271368,3.982672661691542
u90654563,b62282738,3.6682418749999997
u11874675,b42977080,3.588776671940928
u56782053,b70664431,3.700127660133087
u81564419,b63880346,3.4095062547367334
u32859467,b47462205,2.9441883303847853
u47623118,b88531403,3.7434179166666675
u65292900,b42977080,3.36384783138782
u20406538,b98220261,3.8956683333333335
u74850751,b54369491,3.690696026974485
u94368913,b72717928,3.7180839545454543
u27722916,b25485861,3.500469796719824
u27851097,b26924525,3.368864660011934
u81563683,b50384790,3.816440186747929
u32859467,b72304066,3.1951011754801693
u05039268,b05643903,3.539547727272727
u31819624,b81894885,3.697864375
u10905348,b49553867,3.67420902690547
u86308891,b66373100,3.611769863977486
u48710861,b33391853,3.9105777113680893
u64848102,b60423207,3.460304978354978
u42229875,b30188578,3.66122724031302
u45451877,b33653482,3.39236620701289
u92212199,b96783065,3.557623471582181
u20661599,b21458320,3.4565906222943723
u36075241,b82924906,3.9657859653092005
u77345583,b35750024,3.6973940089938795
u13452665,b11338586,3.5213419945941093
u37146560,b43856030,3.69883533266129
u29193562,b79928088,4.079225119275454
u35441885,b24058570,3.849409568452381
u20171277,b14602134,3.344495976890756
u34008350,b39837030,4.13354014934279
u60604937,b06167371,3.290331755255239
u94685335,b40809211,3.7063435714285715
u72153092,b88947899,3.5798097541271834
u83162402,b55694594,4.094585416666666
u24906290,b41566519,3.33345070470717
u04647337,b36688616,3.790335303030303
u63686868,b57560785,3.235495505952381
u36804931,b14632405,3.9603832064883147
u36253444,b36742728,3.527904995262845
u26280113,b88562055,3.8255700708382525
u22040768,b86481101,3.078452826797385
u54415687,b70912031,3.7716769078947365
u10186706,b26937304,3.5474376411159994
u55438986,b36030424,3.0696616093117406
u48368857,b70664431,4.006392118263473
u53517112,b76470121,3.8037309374999997
u89999370,b58139174,3.639085188172043
u92418281,b69110543,3.3014541968755586
u89776444,b48076498,3.875800059523809
u83916752,b09123950,3.5448235435621727
u90912294,b87612334,4.077706651785714
u97791330,b00682250,3.6514866073781294
u70816650,b04222499,3.1509271871253
u36850316,b10567312,3.7198461999814336
u53274598,b16001033,3.367128727272727
u93310747,b29802159,3.9919504276315787
u64668970,b35620613,3.4109594984243703
u42185739,b40825074,3.933151791082481
u45642446,b91803785,3.4673457217261903
u50067861,b13168701,3.4710315178571425
u89722702,b46006537,3.7621444662081336
u33940670,b94931388,3.469074865253794
u20558426,b78275112,4.28266476826843
u96063214,b74511960,3.7732604968166132
u45384323,b63603925,3.6176942195842865
u29452212,b83048635,3.6975213961066107
u24364162,b67351913,3.879089973958333
u49042679,b59126161,3.470937628998968
u01510400,b11734216,4.091094013157894
u72002179,b89115141,3.9281875
u93824571,b77628606,3.7938853704740576
u64418709,b62396194,3.6766788745178127
u72944496,b62325202,3.6645455536130536
u44231126,b52842739,4.027062909491504
u46429470,b22242111,3.619294836956522
u65526477,b98844131,3.8858634193548385
u49704095,b68095123,3.7427553103962214
u22332122,b23760358,3.8614313512101894
u68914359,b04820955,3.5585795426749933
u24357683,b25811713,3.928364965034965
u64722224,b07278059,3.731741994110465
u23886510,b90354954,3.4712818333333333
u82532497,b37657413,3.9766314772727274
u11092792,b19483433,3.9288318394024273
u25214996,b07278059,3.9333068607017236
u14366179,b30188578,3.856034390026308
u38198183,b84502187,3.2674681904761904
u65778808,b07925447,3.883577195870219
u14561689,b93745301,4.011319364837399
u49682699,b18056133,3.4360229347826086
u41578414,b08824716,4.602545865384616
u86743603,b16792882,3.106132320261438
u28019541,b89449410,3.858676295045045
u64075204,b74720509,3.777198969298246
u89616697,b74821603,3.8229212951783147
u28871970,b18610759,3.732421662965704
u89229950,b04222499,4.1259271871253
u26949491,b23457095,3.7335476388888886
u40051347,b02061575,3.7854685576923077
u78079158,b73131708,3.634404481292517
u12522342,b92457365,3.730260977710233
u38749133,b36724483,3.831659123931624
u84150076,b32051554,3.8524740007836984
u75047836,b40461164,3.7332984978991592
u21110986,b54721829,3.418385159774436
u42767664,b36810424,3.6417486580086575
u53516084,b05994307,3.8367696882530575
u11218299,b23760358,3.9483502112687656
u19359999,b29451564,3.4471408916125927
u90954930,b19537558,3.774079567099567
u15728468,b08473327,3.7554517499999998
u93965296,b79098002,3.278255382311487
u67012124,b30177082,3.371563705461205
u24514790,b86788370,3.845576551340446
u99844571,b74929101,3.956413284632035
u83620922,b76040943,3.92583900871861
u41018417,b06439034,3.608471101190476
u22082696,b20480775,3.6108849166666666
u49011838,b34348391,3.8508813230707277
u05053280,b61372131,3.7396762972460005
u72524935,b18056133,3.6134237796442688
u61657634,b70680443,3.774051022458629
u01215804,b69217848,2.821396240117611
u46353403,b19830299,3.577640522846665
u91091073,b66908318,4.233599526143791
u94076461,b47027276,3.766680070754717
u58798079,b23711476,3.638074330547465
u49052155,b12920844,3.8507433068170114
u93029873,b32304104,3.4070194927536233
u93634803,b62853608,4.067056718331534
u33795061,b84239754,3.659030828900709
u68918240,b38122928,3.984480466330287
u08963969,b32735719,3.1042648349436393
u88855120,b90639021,3.452192380952381
u80545919,b28530903,3.6786361607142855
u13174235,b18610759,4.01813594867999
u05426031,b62008180,3.82104751870527
u12699035,b43020589,3.6429794736842105
u07065718,b90840036,3.625211726890756
u35701429,b05154189,3.465038198584943
u33541460,b67835665,3.3977032523148147
u93082778,b17525719,3.302847547169811
u66649804,b36766414,3.757290599180604
u52142148,b85321421,3.6989071036327434
u74156215,b26354292,3.6307392640692644
u55246006,b70930132,3.669505391401165
u64250012,b11760574,3.223791636363636
u39328336,b25342608,3.629210156369184
u08711981,b66678855,3.8826268749999997
u15439346,b17367693,3.8001651533088046
u43658390,b35020640,3.2853624948958755
u63535210,b57704283,3.6334866132077726
u24651790,b39989034,3.665556505994006
u83824062,b40128170,3.494418597402597
u89371570,b23760358,3.855894978388134
u95309858,b83644107,3.4101529193548386
u73528797,b91418854,3.602014716880342
u88160149,b63894107,3.5955062900641024
u94597305,b52892780,3.382056581439394
u23486500,b41451971,3.5511245239445755
u94010999,b43423374,3.533995833333333
u70093844,b60484296,3.434093676772342
u33756658,b39081955,4.070815456814495
u01312674,b90720703,3.012449354475933
u69788525,b93418350,3.6578962072649572
u02595131,b61372131,3.2644203519523938
u20705504,b93475213,3.477396031462117
u95645990,b84770627,4.09655497300356
u66422273,b68009767,3.840258541055718
u24039586,b84394767,3.927910036300505
u95352714,b72600058,3.944339475511696
u78208769,b71642432,2.9278353030303026
u47439388,b13716034,3.5140251862891203
u08003077,b86574556,3.4600437471064813
u84830545,b03946791,3.882983670328372
u13318779,b00682250,4.33393760375494
u57647098,b14851058,3.619181421167485
u89804464,b80294058,3.521672596153846
u93768630,b80102793,4.136721748903509
u03182407,b11028012,3.9764001658476653
u60509224,b93043249,3.7320284375
u93961145,b51050771,3.5951034173259946
u55229187,b41242113,3.762335
u19587941,b26635003,3.932906898111723
u22057983,b78407229,3.2587269132687346
u04162144,b80719023,3.5667887499999997
u69345352,b14476018,3.9313002564102564
u03963023,b60107102,3.7673156350895614
u12754251,b74511960,3.6869973655873776
u07046778,b00524153,4.138251915204679
u82636648,b82203807,4.093111898395722
u71504121,b79975924,4.108376564365999
u94253888,b15936866,3.568725592105263
u86485225,b19822827,4.1544354292648915
u92127840,b12120726,3.252426972537053
u97291734,b40598851,3.7179926304654662
u93657105,b19822827,3.947446462373083
u33529038,b07327816,3.926199729186383
u22046987,b52438974,3.4732106249999997
u14555588,b80070869,4.048315083481926
u67155583,b93711721,3.8477667577030807
u43723408,b39216951,3.9804371904024762
u05187443,b40650642,3.8183754673185812
u94201910,b47074257,3.724936796536796
u42177790,b38730188,3.389816395044319
u12508559,b89141222,3.9773780119556568
u99033847,b81940295,3.738226525106837
u37566265,b88182084,3.7968266382996916
u77626932,b21398815,3.4745114225589226
u53046585,b52929604,4.091304772296015
u82114895,b78359727,3.4811567234848484
u24499403,b55852933,3.8665643099937346
u56942139,b68605354,3.975302291637707
u65153115,b40128170,3.7803153008504857
u45977223,b49740475,3.5208973557692307
u66970209,b54235467,3.6011681449286868
u84678740,b04797457,3.7553639328357487
u78330064,b09049778,4.262669507690657
u75369963,b13305550,3.9423291346153846
u79620013,b81900502,2.884713589181287
u68344451,b47831110,3.5311015
u80751457,b99196780,3.5277792585630743
u48515668,b29921261,3.4095062547367334
u79471930,b95056678,3.9723700595238096
u93921587,b29505914,3.8177808158701763
u24275043,b61973226,3.7124045108695647
u08088480,b80730701,3.6996608557692303
u85290789,b12501556,3.1819418173462566
u15542242,b60484296,3.692854361285796
u38186388,b39065480,3.721863510313216
u25549601,b28651364,3.992280293952968
u19559277,b23267382,4.162369944178629
u94254017,b31988440,3.5585864056642746
u71501754,b78275112,4.126195561537661
u96328929,b03946791,3.958892660037207
u29129705,b37068431,3.8186394288883063
u54674120,b36754274,3.6398052754435106
u93510082,b82237545,3.902742588873089
u04116236,b11048241,3.7097014555052787
u84957700,b28334886,3.5091812442396315
u41963934,b46584434,3.4572906283422458
u65080619,b97730029,3.204437471941638
u79184117,b68763841,3.5701477557915053
u10870922,b55084829,4.212370969887955
u52478134,b89765180,3.513202043293293
u24372896,b03280239,3.608664188311688
u71133221,b26937304,3.585588006376594
u48935650,b76329691,3.6981074282608697
u34354995,b22786588,3.283314270833333
u91082942,b64843954,3.8615867140891433
u19078435,b05473357,4.069712069936236
u56390283,b20048021,3.5803886335288104
u76753582,b11338586,3.560410834490034
u08129037,b11686068,4.071916031321619
u02604082,b49708294,3.3562518026620367
u18185102,b62670070,3.4784874776785717
u40372703,b95816463,3.906348677295593
u37642082,b98034668,3.5380467425431705
u78358083,b94660986,3.531953316306302
u73004766,b44240900,3.0501832524719283
u01341479,b08545824,4.079825003986976
u30958816,b25479999,3.2533635
u51471145,b25020940,3.426375414039512
u10650650,b18610759,4.0112012712749765
u20138498,b01335249,3.0272155794253184
u94055084,b20144597,3.3600088124156544
u12558328,b45704835,3.544623394308943
u14321575,b92959743,3.48039575203252
u31771696,b18378777,3.5107202041666663
u19369815,b50070819,3.549632140618003
u56908186,b52339175,3.774182870606899
u79439479,b82890607,3.7634723352845407
u82649411,b89860106,3.4766373363095235
u94780617,b00525842,3.6228833762223367
u02177139,b85483140,3.761451019736842
u56193717,b20500557,3.84227676333881
u35705210,b95656028,3.9706574523596587
u51116369,b36762401,4.095514837662337
u77053891,b90109445,3.974280204342273
u85899585,b97887852,3.8409897070937387
u53907927,b88949884,4.00112687932063
u73029652,b23457095,3.8310560470085466
u80285471,b62012637,3.854595245535714
u53442639,b04374540,3.731440844121881
u52728007,b71020602,3.7465498495370366
u65490952,b00524816,3.847783055555555
u42656130,b79928088,3.8733314518323656
u79244850,b32288653,3.797287341883115
u95966427,b69647795,3.849082334878663
u28285396,b09979253,3.635974496872906
u36067539,b05853556,3.3701604031856642
u36275356,b00278122,3.985610703125
u32041083,b89300391,3.8435549999999994
u05706135,b65873951,3.8235160531135532
u08718879,b59428284,3.6158938698630134
u41341224,b44944170,3.5296892200144816
u51198938,b26246971,3.7429716602233674
u56315230,b71927035,3.8627826203208553
u14747677,b21398815,3.1180819586894586
u08575196,b74821603,3.7637990706460895
u98894399,b60149039,3.4111432287982804
u94342961,b08545824,3.9341063553572218
u81632612,b70912031,3.894546694219523
u21755450,b50771485,4.2937309374999995
u05706135,b08349503,3.9544415884628554
u50971722,b29422431,3.851938059006211
u45943214,b09365531,3.5653814901960783
u58798079,b78180005,3.637376890667997
u20133160,b71450314,3.792359958172458
u36578477,b04222499,3.688521128568784
u83582416,b65540932,3.5464717207792207
u05803773,b39312928,3.5220240909090905
u50734345,b06167371,3.5932491209235993
u70528229,b58973293,3.683296146657495
u29084780,b88978481,3.7966750869748935
u42103042,b40598851,3.639172079280235
u53535109,b58705047,3.674751724021592
u58132822,b39941601,4.082159479594568
u22837702,b72708439,3.7115207585470085
u99289732,b77016365,3.3360210576923075
u26056926,b29802159,3.8315341776315788
u25578359,b30195280,3.57548632436529
u10653795,b80663565,3.727537426470588
u65548859,b30331659,4.015133387060915
u26894362,b35526856,3.849469899986575
u25848530,b58973293,3.7087779380830437
u27601144,b01714936,4.029702652398683
u40132847,b16404249,3.761395261984392
u95865521,b32051554,3.8893383189655166
u08005445,b62853608,3.790968103804797
u01662164,b57316882,3.7913885409889394
u29042194,b59428284,3.8623941476407913
u21399053,b54369491,3.6572718025074957
u98615520,b43099409,3.8457893502341642
u70335183,b54844775,3.7905802033730156
u59886903,b36465673,3.7875791461118733
u10599598,b95080493,3.498973498332234
u92071605,b29422431,3.6862746428571427
u50463587,b73220043,2.762413058712121
u94281399,b52929604,4.136159112903226
u57943745,b75622933,3.8023327243589744
u10178570,b26924525,3.5658245036160423
u42123552,b78275112,4.016636741838841
u02122107,b36742728,4.087700687056738
u70863551,b87351489,3.4887431942322387
u49142547,b03102677,3.6677891602067185
u26970598,b18610759,4.177951936001104
u67675183,b52736396,4.009457151398086
u99294028,b25246589,3.524406248421717
u51943515,b36465673,3.7378596942939835
u20322725,b99502898,3.562193039215686
u52268925,b80616100,3.520574722222222
u55735368,b45502382,3.383623808661218
u69733353,b09150505,3.6959390625
u60133250,b63603925,3.061261250751599
u40593388,b08827813,3.203758434343434
u39357958,b41804017,3.406973142857143
u21883260,b75100696,3.731128920818043
u11662039,b07278059,3.831630522556245
u20370957,b50384790,3.649749319334752
u27060136,b46024181,3.605337090041136
u00352482,b82793590,3.9491693877099907
u83225585,b43599490,3.430973664772727
u04380227,b10239804,3.344235299072818
u60255310,b83158521,3.35765564329738
u28871970,b76040943,3.7633170277127244
u69548402,b75817040,3.7784280089285716
u94083295,b37068431,3.8910688316023734
u22837702,b06266660,4.215458157894736
u24949491,b37504309,3.457156006493506
u08263463,b66416013,3.5925435602522144
u89440195,b10061501,3.4659602083333327
u11890989,b95816463,3.75099153443845
u91210006,b54043673,3.824799670686456
u05754952,b89860106,3.3635156971153846
u97969120,b22475341,3.670234343434343
u02131049,b50497268,3.59392625
u94779480,b41432738,3.7684338095238092
u40902965,b17187529,3.936113506826371
u85158495,b16365742,3.866333462033462
u09665635,b03887811,3.484427450980392
u74287423,b53813950,3.915799692189303
u63176188,b62670070,3.313678072916667
u19389234,b71294015,3.8978695317460317
u05903903,b65629315,3.825552164634146
u05291493,b48337204,3.6379161875
u94777402,b05356235,3.7308491666666663
u71258935,b12120726,3.6114493663594467
u87416393,b69647795,4.000024726514805
u72018224,b62325202,3.964907813799376
u65807817,b65540932,4.049527175324675
u85538255,b79253970,4.083347439220843
u26502416,b55111127,3.539749545418079
u33869045,b18705025,3.5296514166666664
u82866002,b93241768,3.677517109842918
u06592677,b10136233,3.9525974134199133
u13185986,b09049778,3.8621713655946084
u79468562,b44944170,3.2446915746656444
u08954179,b25678098,3.6255377976190473
u37378221,b12526023,3.9603564517487113
u56157509,b29392448,3.8156274127906973
u69128809,b41451971,3.8068342829457364
u82853057,b71271368,4.063219138118342
u65584896,b95835140,3.626022215413253
u37623051,b55873037,3.6209037580128203
u74284844,b45954724,3.730603072481612
u42996376,b18378777,3.823092494957983
u94002761,b48244702,3.82791875
u20456719,b63532485,3.825057128489327
u09051557,b29576446,3.6450342853743822
u34298647,b74960873,3.7655376858347696
u67183425,b39183217,4.033709791666666
u72018224,b33550237,3.9795504188519812
u03720893,b64858692,3.8680197587411187
u82290508,b44711938,4.035093379519573
u16132576,b52249964,3.7006542987804876
u41959013,b14485952,3.5199419642857137
u07242663,b29998162,3.567481495019208
u10086354,b97160170,3.7554563995726493
u01133150,b07142228,3.6707625568181816
u56850527,b25313511,3.51308310211804
u89657234,b43964712,3.84927412990196
u59716007,b10567312,3.75414466860135
u77839767,b78359727,3.495421799194957
u75341448,b24941696,4.089144285714286
u72295004,b06036306,3.6213458856275302
u49766071,b28661214,2.917933371212121
u53489985,b67474210,3.587849915311653
u95742213,b74821603,3.4772699776107467
u33693872,b29618673,3.5898426106366452
u98448658,b78457511,3.6971011471193416
u16991119,b40809211,3.735163630952381
u52436554,b93625021,3.667628052573556
u03815866,b83750707,4.021849302662037
u84955651,b39664275,4.123430177865613
u90522208,b01428640,3.537751964285714
u15480196,b47152281,3.994344768518518
u77670229,b41171200,4.102553683473389
u14492955,b41876913,3.700376458333333
u16232231,b33550237,3.8125592365967362
u31858791,b00745370,4.075458157894737
u93692215,b45441357,3.7165615655193234
u46487107,b70055485,3.5645032820586544
u76010851,b99935727,3.5170811904761905
u60126994,b59164750,3.3685025
u76083242,b06167371,3.562541607076646
u72216034,b51332181,3.1893595599521842
u10040864,b65411088,3.7089805494505494
u94015575,b49553867,3.680306804906542
u04711675,b42027204,3.6457982961017277
u63529072,b51178409,3.697960852941176
u03929923,b22931155,3.466944864864865
u10647272,b57937614,3.4507934226190478
u43767789,b43479570,3.8769004688310913
u47623503,b51365796,4.019402608695652
u20796304,b39047271,3.580485309034079
u22099110,b57528832,3.967093586309524
u85065532,b16681073,3.7261307575757576
u96556267,b64898087,3.6641448039578046
u18067046,b40151793,3.980768002879984
u18793021,b70930132,3.8908484342227707
u85756978,b46139942,3.831740677083333
u91899322,b03128651,3.3390362689393935
u65374904,b41094724,3.8623938114250613
u74614401,b09616276,3.7309606637426898
u66607513,b99145398,3.960437307692308
u03342449,b19494868,3.406719624299464
u42367116,b16792882,3.3151875980392154
u40522835,b38333313,3.87719687865497
u49827667,b23091439,3.7019445192307687
u29159429,b76321859,3.603778952702702
u70838455,b66994950,3.6368551785714285
u09411493,b89817655,4.171796803196803
u86755380,b15439387,3.8147978819829818
u43781286,b80506673,3.8008600657894736
u72400826,b10032964,3.7599142236467236
u43560593,b21357510,3.7633513789556616
u77872197,b56105038,3.7936507557176
u52733800,b21674268,3.9897774521094203
u75364480,b29576446,3.9596648871322255
u72129996,b91644790,3.7130253952569165
u73733436,b05051783,3.8059826602564097
u83326604,b02766522,3.5475616644385024
u15053831,b70664431,4.056810592254981
u09276918,b65629315,3.906833570001378
u64386674,b75852622,3.845345983260925
u83462080,b51986055,3.898131326136644
u64711801,b56679875,3.1907352692853452
u69128707,b77906666,3.938488919923902
u60318173,b76981983,3.806012275641025
u90624462,b46966835,3.5165201499735725
u34768480,b21357510,3.67623634555716
u37076703,b42749067,3.631368157632029
u74049313,b17187529,3.9169551222826087
u64111733,b06167371,3.5414038296113293
u74470735,b07563168,3.8081284239130433
u14603989,b09049778,4.073867272027356
u97880581,b39916665,3.792291453344343
u66391046,b71927035,3.594730756302521
u67686746,b31055466,3.6861983035714285
u51103758,b51332181,3.9099613656026735
u17416636,b08004121,3.582856873965495
u28775705,b06618138,2.8487520833333333
u44862282,b27121084,3.479673209437621
u14051815,b43914262,3.8456840716374265
u50254533,b77201589,3.545761685222256
u29443722,b67550881,3.7894867228604543
u25753456,b33076549,3.9034699142156857
u96401773,b84537834,3.49435
u24161899,b50384790,3.7419353542057348
u96276787,b05051783,3.652908616138763
u82983911,b26315023,3.524176829501916
u70941546,b92457365,3.3678685372340422
u50885579,b20500557,3.7201413509611396
u13301535,b42977080,3.5857479738603746
u39896773,b66908318,4.1177862355455
u77022004,b88487078,3.9799339996065313
u76912385,b99798293,3.5912476315789474
u38026191,b10567312,3.922699856229124
u24651790,b07855606,3.7358673906789415
u91577358,b18610759,3.8809689248704657
u03683135,b74511960,3.432027133029238
u69631099,b32645491,3.4738272222222224
u88492985,b64124445,3.9048184586776857
u63202713,b50070819,3.4391502412673534
u19350864,b38519248,3.5256540209790206
u77593706,b24274613,3.7896707493201807
u60659034,b11179371,3.7374331997876338
u54296143,b52929604,3.7425306989247313
u04837935,b64609180,3.3709367510448054
u57523140,b65013689,3.8575879310344825
u54532563,b29422431,3.9729673376623373
u28520652,b47616125,3.8517122068965515
u59588208,b75871556,3.742952858974359
u95255205,b59273187,3.361498572453372
u15673904,b38905954,3.8206415880503144
u76289922,b49452303,3.8800600019409934
u13555505,b97152132,3.3333850166112953
u15495716,b31414608,3.418436036414566
u78508070,b76932568,3.9066404935897436
u93825940,b59818681,3.793737183356888
u29304016,b31259442,3.662126902605245
u43614169,b79253970,3.8775736879519247
u65526477,b57528832,4.197743336309523
u46252485,b92536464,3.691061130952381
u49807544,b79462608,3.9266530698005697
u94597305,b33110278,3.5809538142292485
u82824742,b57704283,3.3732106165300317
u74759517,b40527915,3.761752112068965
u43525550,b64124445,3.666556251781134
u18677285,b55594839,3.534757281105991
u80733525,b70625345,3.873027041666666
u88907554,b29998162,3.4331033899535424
u30941279,b08777701,3.87045175
u81574368,b43055826,3.7880252512254904
u90502882,b50453414,3.9047286945458586
u22415566,b05994307,3.566770957983193
u20432143,b34348391,3.7584066916857886
u00572577,b31821160,2.7060228449359136
u63690783,b34953904,4.1213550550243205
u63415639,b23492482,3.8424751934523806
u90380245,b73176165,3.6871682142857143
u07694222,b67877559,3.3357769730679157
u28075346,b31687952,3.6731026458478437
u78412287,b05381215,3.8745448590686276
u61326851,b47027276,3.4265539372182863
u09332086,b93745301,4.199786593098268
u35516653,b69989437,3.7335788861707186
u18532995,b70940730,3.653929813381493
u46470082,b54384341,3.7705456641887523
u75369963,b06319328,3.8877721683673467
u60593746,b70305381,3.956644880952381
u82135094,b47971024,3.7952351507867133
u70585994,b78647061,3.9659120148854594
u28177574,b39613729,3.605921985354752
u36508571,b57528832,4.092143549670124
u89694806,b76864243,3.8125116145833333
u69083102,b31919542,3.6713022470238093
u61511488,b22475341,3.704699183006536
u52444317,b81899028,3.694287301587301
u24875976,b12894375,3.159778345369584
u00539188,b44711938,4.152262845773695
u92068846,b03946791,3.983537982028956
u72715921,b29738200,3.831131715212596
u46040510,b06167371,3.520367727366297
u58390138,b30342653,3.9395799597812102
u91500563,b39118709,3.7960723846052975
u00081952,b17187529,3.78944389147631
u30062892,b91561409,3.4774369620582117
u45710721,b89817655,4.327153946053946
u06885955,b60756073,3.4672713287815125
u97599229,b18610759,4.262539755837976
u84520343,b63993683,3.9845633177952875
u63653850,b52485134,3.6952406090534975
u57927806,b67550881,3.7861756684418673
u34639302,b18722570,3.8231236022787494
u31876679,b63673377,4.422152853535353
u94485198,b98630806,3.2562848921783623
u20520606,b99343396,3.6225347172619045
u32899581,b36312601,3.6379367142857144
u45755529,b39916665,3.6357139841315522
u12124877,b03719723,3.8811055506993
u50163382,b99503422,3.5966703311965813
u73679478,b52485134,3.7208246142807457
u46303573,b79253970,3.906045910174147
u71313113,b47854311,3.322422288359788
u13757407,b10535798,3.667101018907563
u92268456,b90421686,3.9777922849462364
u14704997,b05540735,3.684597349497176
u18265021,b89115141,3.9878355395299145
u36984392,b96244732,3.2576268749999997
u75105891,b49096684,3.632792672224743
u84894108,b21864336,3.3036963888888886
u52376860,b07812624,4.071706189824697
u83936105,b52217488,3.805484883612808
u25402322,b62882893,3.709129157706093
u97068646,b38587885,4.020019561403508
u55319680,b18040488,3.1099321678321674
u41015385,b06167371,3.109800036023028
u88580861,b29576446,4.068251023857819
u46970938,b17187529,3.456984714261859
u73528797,b04065817,3.662450980769231
u01662164,b97282600,3.544432795304475
u91179151,b80615876,3.7599175811655576
u57209684,b14338293,4.285862615807758
u62425760,b78457511,3.7812767489711936
u22903105,b97815152,3.5010194129098218
u29276337,b99502898,3.863506403508772
u10146626,b27805537,3.5666926311303433
u76620060,b04222499,3.8361292966876497
u98960690,b59207489,3.979072266865079
u63919938,b66348359,3.57653051472071
u21815060,b75573131,3.807100732323232
u06771513,b32268381,4.0692820634920635
u89558878,b33381231,3.8055500317028987
u36063847,b90745685,3.3847522474747476
u64170741,b52929604,4.034197365591398
u87573336,b34466452,3.4908998497732426
u36613804,b25020940,3.7307496299277902
u30239919,b72969078,3.8705074205685612
u66688382,b78359727,3.4930408148714025
u37802748,b28615151,3.7779875
u00750701,b59575409,3.412489750579566
u58314879,b08004121,3.520473609833794
u46802819,b15083656,3.5239424479166663
u23820251,b60875236,3.9272306855500823
u56452808,b57648353,3.4554557851239665
u65255742,b61679036,3.414994518518518
u30386654,b63603925,3.1614897758667033
u83872939,b66348359,3.7088404562411776
u59477498,b41341679,3.789676039317042
u82158451,b69155228,3.3732051948051947
u50707733,b92324747,3.8998349999999995
u77869331,b42977080,3.6893194024318032
u26706123,b12151882,4.297715573905322
u40220596,b29738200,3.8729662393301076
u52582385,b04822506,3.5304447470238096
u30010234,b39081955,4.054851650296939
u76078817,b96783065,3.883899801631442
u77146748,b16001033,3.7219699686520373
u76694297,b08004121,3.4442754868076264
u20947133,b17882892,3.774939749637155
u50529587,b73296646,3.6130263724816847
u15282615,b56105038,3.897415191430343
u45020171,b39793559,3.590876761363636
u60814873,b83439687,3.8385246699865947
u30289787,b70594592,3.7847074148606814
u34823819,b82148195,3.8311104450359803
u31956668,b99643124,3.5463557291666663
u92177581,b71271368,3.739452743917981
u26025358,b74511960,3.635811927342312
u06736406,b43196456,3.8535485156249996
u72974311,b89206056,3.405574616807611
u85363635,b32566952,3.252325714285714
u03764204,b08004121,3.495594364814107
u38186388,b36587154,3.63396987394958
u82919199,b20547561,3.52645613372093
u19955120,b31362596,3.701381554878049
u57618343,b36439102,3.632606443850267
u95529862,b43392556,3.7117793771929826
u95309858,b40598851,3.6072606628893213
u41236627,b73005358,4.092710069444444
u86405538,b98256804,3.7690587989991657
u92624969,b28190473,3.477574063184556
u88580861,b34463991,3.794359685230024
u93845045,b27975191,3.6073126713762425
u23767921,b60425244,3.75901674291939
u07530083,b33110278,3.9664577173913043
u34551404,b80618902,3.230640833333333
u03198592,b53423202,4.207376349067599
u13551955,b43107195,4.037416032608695
u80568239,b05271936,3.7119149344348283
u86043592,b88947899,3.920652673339675
u96959819,b90617158,3.7225903148148145
u47040111,b95056972,3.8753566818181815
u59245355,b30769966,3.811800440917107
u45555801,b93745301,4.083457929652213
u28020081,b57648353,3.5842993367954192
u43278751,b09049778,4.104931527456859
u17588186,b36072132,3.8691932766812864
u32820349,b65320766,3.776889420849421
u53565322,b68325129,3.8564551112368024
u27135408,b73525767,3.65235639632107
u56542859,b19363346,3.486593966535433
u10299529,b41341679,3.542892358761487
u84055376,b81841696,3.5585271396250806
u79728863,b33781701,3.7773009779019553
u01133150,b03946791,4.023851696524064
u79831986,b37424896,4.284192023809524
u75060856,b41399471,3.6589543191414498
u31102720,b42989183,3.5544731428571428
u06646421,b57648353,3.2420428492667206
u25796820,b29376205,3.9082025568181815
u48935650,b21557753,3.9687981683303333
u12750786,b82664640,3.662114081240683
u35923562,b93314367,3.8493213888888893
u89074257,b00524153,3.952802388888889
u23913767,b08004121,3.579114819041253
u69877779,b02833529,3.2862520833333333
u06573160,b54842512,3.1571967147435895
u57942067,b46704985,3.6586963888888886
u66776120,b36972912,3.983730111287711
u88017117,b98823102,3.939885352941176
u40224882,b26924525,3.6191613895809547
u64811285,b59349150,3.5558668269230767
u58900348,b69197217,3.7777532269021736
u58764035,b55916323,3.8984503884711774
u97081007,b89251739,3.5913134374999998
u51984237,b61372131,3.8513178990486256
u13994934,b49523962,4.161744168509509
u36230736,b74929101,4.039746617965369
u30572958,b57528832,4.037459828640812
u84626644,b33470089,4.090634107691464
u63511462,b52467549,4.069274848130841
u32124903,b50443121,3.606638244047619
u71654832,b91418854,3.745665236111111
u95422980,b96794654,4.0823754406580495
u71685034,b49553867,3.5098960322233035
u72104964,b10567312,3.6745859439775908
u55464233,b12091978,3.844431693070671
u75144451,b86480331,4.08957066993464
u12384183,b44944170,3.310461036589949
u99758131,b37466269,3.681783232133647
u56882102,b20877763,3.859772632978723
u63662742,b13298774,3.9359775941985644
u28103358,b60484296,3.749717750792607
u38868815,b74214703,3.658318669871795
u26647833,b07453967,3.8739346011131723
u87431060,b88317943,3.291630500637755
u80265893,b46006537,3.80434594965675
u61465326,b16148471,3.629527787723785
u14322787,b86350682,3.4056864583333333
u18931626,b31362596,3.993048221544716
u53259713,b08166228,3.471924046920821
u67899505,b29392448,3.956301162790697
u67329165,b71492235,3.8290016666666666
u80565692,b45954724,3.897611943384889
u31101043,b27123849,2.8785928787878783
u27786892,b27179218,4.052353492297607
u03495027,b24644027,4.291849725935829
u54129361,b18378777,3.757401528571429
u62560494,b90840036,4.030967576923077
u45696130,b09393084,3.4985199141170154
u14300648,b83795179,3.7008132839695773
u87880871,b97302773,4.118568050643086
u47405626,b15860915,3.2610170268214222
u80502541,b68297715,3.563980520833333
u01018072,b83439687,3.5254213190029264
u46569578,b52217488,3.7115773205875984
u75556645,b97309966,3.3534224347920984
u20444352,b90765666,3.5509220159313717
u78643696,b78275112,4.170051872078972
u34717751,b66664015,3.537722978267537
u93080623,b37504309,3.6556494886363633
u65264325,b60950824,3.7402305208333333
u66542361,b46025192,3.7914907367827477
u19636190,b33230428,3.747112036178107
u10115672,b74591012,3.750376458333333
u31182543,b45373576,4.000925096499425
u59244206,b08545824,3.8762810184423193
u15312867,b99069142,4.023268016304348
u19670566,b96756396,3.8178483562271057
u27678822,b17323580,4.092584000946969
u65105537,b08545824,4.074939165060801
u82497120,b13363712,3.698570109710551
u50178503,b35693434,3.72436348339562
u17713002,b74443023,3.5167856547619043
u47730533,b41402498,3.8179342140340977
u92199098,b11179371,3.6540998664543003
u65255742,b15860915,3.644993901234568
u45862864,b28716627,3.7435850000000004
u38476212,b02432872,3.654440454545454
u56628091,b61149027,3.5484419178921565
u65495873,b84405755,3.780989743183563
u14582741,b32521851,3.944876682549397
u65301210,b96980363,3.55994476623062
u87871756,b34412831,3.7992485071301245
u18955788,b56466462,3.7204878430246047
u52697737,b78457511,3.8762890149066567
u97892320,b97815152,3.480348339953986
u60675077,b86254243,3.8938098752563226
u18086641,b18392017,3.066161241853556
u95529862,b67584295,4.171278349869452
u34767637,b92959743,3.5498204563335953
u02687206,b64414401,3.6143283031442235
u46400993,b57528832,3.981172644975168
u13420018,b67380674,3.712535132902299
u83879318,b66646834,3.6252229487179486
u21813168,b35020640,3.654739657652474
u44214949,b77049201,3.746010520717496
u63420097,b15274576,3.58528875801282
u17361967,b98844131,3.914655303970223
u40756430,b13061166,3.913592131991191
u30958816,b13274041,3.587320758064516
u77437293,b24571577,3.4591805357142853
u19978316,b96067067,4.048201333333333
u44890483,b31362596,3.904596598069105
u42398246,b08545824,3.949939165060802
u24987588,b99519260,3.4813288392857142
u14527179,b15268547,4.024452117026056
u55497766,b29576446,3.6804509520410487
u44257728,b06167371,3.7292082737433123
u51733361,b57937614,3.3640038925438596
u09716118,b64898087,3.485119230509846
u09197006,b84792068,3.21363029178338
u23593217,b44628555,3.754573806179775
u77542260,b70930132,3.6842988149347575
u45436164,b67030393,3.3538388051009878
u93426510,b88947899,3.8660243406427974
u33931183,b55084829,3.9306482808123246
u93402555,b70930132,3.7821355332670232
u29161789,b93241768,3.625302337003454
u41115084,b15764467,4.083532584366391
u76170115,b12151882,3.9885138874490926
u36552146,b08473327,3.5954306041666664
u23417836,b86788370,4.0924971848027285
u50092737,b94732784,3.3193800757575755
u94412410,b78275112,4.327351027553127
u16431573,b26246971,3.385808118556701
u17508858,b07378867,4.2300366021534686
u67857862,b96218574,3.8498349999999997
u57729910,b26138336,3.488763805132765
u35740247,b39941849,3.55966112012987
u59789307,b14888446,3.4004870954059108
u75226092,b91561409,3.748737919265419
u80933086,b40128170,3.8865653008504855
u93815296,b69647795,4.0711259499258965
u51600461,b39398529,3.8846218678690985
u55509158,b31259442,3.8561439285714285
u86078907,b36282154,3.8583030491803276
u66970209,b28563077,3.6908261889991727
u46171578,b10032964,3.979064265734266
u59191201,b34348391,3.7026791017261607
u20320947,b74442841,3.4016594142206475
u73273001,b56105038,4.060657035479505
u57565666,b03466142,3.156825498200629
u39243005,b17604493,3.5402455271084334
u48924692,b67550881,3.994609497478832
u17508858,b41653159,4.131659908998989
u71506103,b48166789,3.5006500425170066
u28052333,b80102793,3.889912568599808
u05271422,b37351373,3.6399215434115435
u30759279,b60484296,3.594341789376726
u47881645,b65216323,3.836268217411965
u71541859,b05228534,3.8400845833333337
u98810613,b03946791,3.920102264705882
u97703650,b95835140,3.912057697890072
u26998471,b04627067,3.38891346537068
u77049036,b03833044,3.8998926122259103
u73056721,b10369117,3.697267424242424
u74280480,b60173142,3.7909539957264955
u07647919,b08349503,3.5740691554857333
u51510467,b07378867,3.819324188380076
u16884390,b62282738,3.408930099904528
u62246283,b15460735,4.152629966216216
u22317377,b98353918,3.5181179549114328
u23772909,b59721679,3.4632766249999998
u27851097,b64858692,3.468083519438861
u48151858,b31867052,3.5277215543831164
u50654021,b54132932,3.282691104736766
u85396590,b00722811,3.343939077118417
u24621480,b38770961,3.9768848308270677
u73299189,b52001713,3.982626875
u19585150,b79619792,3.576057356321839
u14067213,b74442841,3.577397544642857
u18515348,b69110543,3.542038914007092
u86000496,b09049778,3.958178885586858
u15940685,b72504593,4.280573253968254
u16359454,b19892880,3.3241571770025837
u56670410,b86788370,3.960310660282258
u66521601,b71494126,3.279569368872549
u18466008,b36948165,3.5499841145833333
u03818853,b08545824,3.860707356928152
u53587406,b39255385,2.7844740496098104
u40637866,b86254243,3.8007353404344197
u75635802,b48968957,3.7607435924222092
u65071622,b50384790,3.752321674976132
u60909797,b22652791,3.025449066180235
u91301456,b17718695,3.696919705882353
u32012696,b51191220,3.598245344387755
u62695354,b34532932,3.668185570569137
u28168380,b15722276,3.9299493189553427
u11291574,b69867088,3.5928869533947063
u99391635,b16955253,3.6971627934102935
u85035338,b00862017,3.996497694805195
u71852787,b71271368,3.8233650975889777
u57930029,b09614554,3.2935684999999997
u80123752,b96783065,3.514708494160178
u31451485,b79242317,3.4676300865486254
u14555588,b12151882,4.3521670260715855
u58039967,b37657413,4.182150624999999
u59679210,b14304119,3.9559360373937626
u73232662,b14304119,3.7366113536103334
u53535109,b28651364,3.9684960237028744
u44715210,b96067067,4.024171566810344
u97338470,b89076715,3.7892540242165236
u49011838,b10240083,3.605333431495405
u95208213,b07812624,4.189965938664641
u21980831,b96067067,3.8962239469696964
u85178283,b53321055,3.795969006410256
u20133160,b26203592,3.524222085385878
u78480616,b67901319,3.756807609464838
u67526638,b75920771,3.466656459689013
u48880806,b09101662,4.087865971638656
u43022151,b39709801,3.9140842787247476
u39916505,b92457365,3.6939514539007092
u05235592,b86889066,3.230179676150121
u28142931,b95113879,4.133915914718783
u49182796,b36231626,3.3653849103585656
u16051264,b17585340,3.6349813012587737
u31435822,b59032154,3.7130409009740255
u93123375,b20114940,3.6223920833333336
u12124877,b23369233,3.814714172494172
u45158000,b77594490,3.4840770711759506
u40777674,b57648353,3.6156018578038225
u84307873,b35185805,3.5349388157894737
u39345457,b27676757,4.059614367905057
u00260350,b35620613,3.533279648680124
u54074395,b41451971,3.1507329347072544
u51818370,b20547561,3.46701238372093
u58181013,b32553243,3.671561930407801
u33323848,b17159384,3.9523066208791207
u15940685,b08778756,3.856743643578643
u94505733,b97309966,3.6697208209647494
u26164890,b68922028,3.6566838942307687
u42086896,b88409508,3.5950686416799575
u87440691,b09317112,4.248110666349451
u60569511,b99836543,3.659669896831245
u07058216,b86785429,3.8979889627498485
u70424355,b45594562,3.6872820935672515
u50872236,b84249554,3.6805011356262165
u20019335,b02751647,3.4599938257575755
u95089834,b86603263,3.9073370065789472
u39238888,b17244552,3.594230831232493
u51380066,b15730430,3.037306767473118
u61584202,b47027276,3.706041116705466
u70877505,b88947899,3.4863315863936952
u21469052,b81651581,3.3837925824175823
u85290789,b58541163,3.4721840473790317
u42786157,b52929604,3.908381335125448
u92593828,b87113859,3.6357137445175436
u05847649,b46344425,3.682594269230769
u12483090,b83749692,3.2777102678571426
u37740140,b29751550,3.3392080253623186
u96157831,b12151882,4.191511063251656
u08715727,b07577205,3.681962456521739
u87062457,b20071798,3.7642417592592596
u47605910,b46024181,3.708908518612564
u34247346,b59127097,3.4375614087301587
u23346966,b79815294,3.780992549074207
u04348807,b56337803,3.774962194444444
u88453886,b19483433,3.916437136752137
u03946016,b31362596,3.632465535714285
u14136068,b41516337,3.22114962962963
u99441894,b23760358,4.039441687890715
u12581800,b71005952,3.927473826086956
u37411448,b92631370,2.723103708576998
u33863042,b64410001,2.967335
u64696137,b91908533,3.6442752512254897
u78890347,b10614264,3.07184540917756
u12123643,b38850631,4.02067431270229
u07388631,b71271368,4.004992137497994
u03458163,b06439034,3.697568916316526
u96281563,b68095123,3.7642796207865166
u24498632,b17585340,3.583195586973059
u66008419,b56105038,3.720510529310331
u93474677,b75920771,3.8263652147334035
u42487495,b84319928,3.66324923449121
u95234780,b96980363,3.8474490699404758
u39984587,b38217497,3.3609017142857143
u51394014,b11245769,2.9745647689075625
u49060323,b53766868,3.6667318274853797
u31903808,b65701444,3.2343336538461536
u82580769,b37351373,3.8662898397435894
u40026320,b86085751,4.084854828431372
u36226151,b18591671,3.7869269906919563
u21132835,b91709312,3.6566672214441334
u18351571,b34460060,3.5770020588235294
u62160902,b62181786,3.3896188703943118
u08458904,b26940296,3.468971410344042
u47606079,b55852933,3.727324216008772
u94342228,b34041135,3.844101958450046
u95212378,b94989213,3.626160675563832
u31756932,b47831110,3.9561015
u28019541,b50477077,3.777306805555555
u82455933,b98413533,3.160235166666667
u66758585,b31024771,3.4764455094537814
u42508931,b31362596,3.940013264735772
u80491755,b19483433,3.734918194444444
u26652432,b27096444,3.7632883916368556
u05808887,b00629748,3.3224028465003466
u50924960,b28190473,3.535772165594195
u19348541,b21742051,3.706339803921569
u61394609,b88947899,3.7951910073094646
u00280944,b25847150,3.42859752875629
u02250001,b72245040,4.064323076516898
u93358666,b38337565,3.525852509459924
u40310042,b33362196,3.7182437674313986
u75060856,b05231805,3.8396851919392865
u66588004,b17604493,3.6324068409970027
u80055027,b88487078,3.942715899161225
u05331703,b32051554,3.714338318965517
u47430962,b70912031,3.996831610275689
u38479170,b67550881,3.994609497478832
u11633291,b61372131,3.546407295196934
u52839510,b44628555,3.62418299921775
u79870708,b66416013,3.644155275974026
u96565884,b18610759,3.913180781479001
u88344994,b06167371,3.64830145139899
u23528815,b39501581,4.08388796558369
u09797759,b93745301,3.991160160291944
u74791329,b06766591,3.548107196436943
u56200198,b37548208,3.8128246538461537
u85378616,b56180380,3.812953809523809
u31664858,b84770627,3.840855103946348
u41725320,b20790379,3.5843748168803686
u06392303,b98256804,3.851554083818513
u74523080,b29802159,3.8719911968623477
u08777805,b29576446,4.169280271747611
u05914217,b68763841,3.5152311486486485
u89353973,b73131708,3.726508154244666
u08344877,b76329691,3.806440761594203
u89618952,b28942881,3.158156047932331
u29312493,b29520915,3.7357485659128513
u54988183,b03719723,3.757423247782919
u60655685,b68725737,3.601271416797488
u45432198,b07278059,3.4641472353407887
u63678361,b10949180,3.8525522470238096
u34360137,b59304782,3.972688923611111
u88456257,b78008834,3.788966880952913
u63380040,b64124445,3.7972929250791005
u81593383,b65411088,3.5692369597069598
u90650879,b82023182,3.4174326893939395
u18419216,b32288653,3.9017296060172337
u35124651,b28003505,3.6480021428571425
u15944624,b47096249,3.4775643841372164
u18307554,b61082114,3.835216362179487
u77352536,b21997501,4.050171294642857
u19012643,b31821160,3.934507615207986
u97839657,b61679036,3.4443447685185182
u45227505,b61677779,3.419354918750681
u72173357,b53545849,3.8624299521221532
u35527661,b85475670,3.583725947712418
u04024123,b19387654,3.7134192058270674
u06687144,b84753332,3.5382326856763924
u06900329,b38926619,3.232314681412181
u07188115,b53252526,3.574638316623152
u89633507,b41047811,3.8043827777777777
u92916405,b56337803,3.9352742485994394
u22773783,b80687283,3.463430696022727
u04999531,b28169388,4.137570424679486
u92438328,b13298774,3.73447221950569
u38486698,b78764412,3.430417435064935
u49498186,b09158223,3.9818820295530495
u41276959,b15847411,3.650463880047156
u68785769,b70715493,3.583211111111111
u35109017,b21458320,3.310187881066302
u33138373,b61372131,3.638606072125549
u93986318,b12601599,3.170038694240542
u70130864,b33846906,3.902169388945233
u48525144,b41076898,3.708075514705882
u20517040,b09049778,3.8218173544623593
u25649808,b09979253,4.026684257787666
u95235900,b56779366,3.646019703311012
u13797876,b68580972,3.2090476680672264
u30681822,b42687771,3.8866514181286544
u40633454,b01714936,4.061005173407087
u82636648,b33084179,4.307462697628458
u36365217,b03964990,3.0230021428571425
u91179151,b23482469,3.674979065490483
u05666975,b37466269,3.4867026723339696
u69357820,b95128552,3.7739816456834534
u78647159,b09419504,3.7267639761802265
u86349570,b70912031,4.191203852339181
u43146014,b83158521,3.46017448799435
u71367996,b79253970,3.8672612782234106
u16516341,b94438753,3.884459759109177
u27834253,b03946791,3.808428042906404
u44298708,b05231805,3.7967743816948456
u45149354,b23089015,3.8635684027777772
u09295513,b02984754,3.7861020719537812
u94241877,b21013059,3.403174375
u95030396,b57002888,3.777996071921352
u09126322,b77265663,3.8652682936594998
u42758834,b13989244,3.385200096153846
u31246128,b07378867,3.9770674059887217
u88013865,b12120726,3.771152805004135
u57337526,b05154189,3.7662973789480896
u47816280,b33827517,3.9702351666666664
u91161935,b70625345,3.5144990029761902
u25670249,b64045516,3.702021372767857
u26400358,b54435088,3.191769369747899
u13462062,b29505914,3.842072952375941
u18265021,b36185570,3.654971173552596
u69285047,b81552082,3.3741376993955474
u95418535,b22242111,3.7370444202898554
u41018417,b11516322,3.8031437414965987
u57992518,b61694785,3.333110664479081
u68482799,b33243384,3.661736818181818
u34062801,b86254243,3.8382554573934837
u77746175,b18610759,3.842927466537133
u43566276,b27348716,3.7197994223484843
u22034128,b19953221,3.3162321448783247
u74801159,b93745301,3.987527455294321
u33109857,b47831110,3.51551775
u97010305,b34681163,3.987633724255401
u62004707,b39837030,3.930242308283387
u09984403,b77594490,3.6090770711759506
u32624189,b74790797,3.828756342203548
u32715624,b22016281,4.158120269991648
u16190850,b60613242,3.8837121118012425
u98977322,b60613242,3.7039979451345753
u31733741,b84239754,3.8989867016484574
u81296646,b92959743,3.513899217706631
u74387459,b67873731,3.5172042540427753
u25290922,b02582153,3.876717750965251
u38959583,b49553867,3.7152707280710646
u61495778,b49542120,3.604643287037037
u53741864,b42371178,3.858950529003268
u04189711,b98954571,3.783179410460993
u86857833,b80952577,3.9968672767857143
u96562396,b92030362,3.779040519957983
u55011570,b87612334,4.2750725
u23538254,b95656028,3.8046797974683546
u23627275,b33470089,3.1282761641430765
u36984392,b52929604,3.8561174966397846
u95803602,b32735719,3.4686125
u35179065,b17585340,3.5619752119928156
u07314483,b05274465,3.5283711956521735
u75817470,b28624417,3.8184412883771928
u58549167,b56123208,3.3233049107142856
u45860108,b98844131,3.8052136693548384
u58485896,b80754789,3.728918978260869
u93803977,b74929101,3.7357420227272726
u48372327,b16385735,3.4404284558823526
u87898897,b64926766,3.969731354166666
u93993233,b21674268,3.958474931101017
u26386778,b50280528,3.1637158333333337
u93476362,b20684073,3.86568743697479
u57014405,b20225146,3.728100192307692
u28761230,b92228402,3.240389096467391
u82489636,b73131708,3.270952598689111
u19575655,b27280638,4.0544734579831925
u55071917,b07278059,3.898221098499799
u10395592,b68580972,3.2090476680672264
u92228553,b78402742,3.6463603749999995
u51612465,b88949884,4.222307129367193
u99239293,b74303154,3.8354799386845038
u78983467,b79327088,3.048107954545454
u25331281,b35167597,3.6045604743083
u36940268,b96756396,3.8131139514652013
u43703081,b82853645,3.75959074137931
u75509055,b86355152,3.6577564322916665
u97574845,b08878545,2.69675125
u29443722,b22475341,3.7062490811965807
u53672940,b72304066,3.7034365549425066
u63141559,b78180005,3.6169852596748466
u95886756,b07831192,3.6486370505971655
u03341829,b88947899,3.753986006673008
u45539765,b25020940,3.49744318647541
u18509067,b07420982,3.8926511403508774
u33019071,b84511533,4.112258994638899
u72263727,b47677064,3.406916291048133
u62152626,b04493477,3.6743244962587522
u04067469,b70912031,3.8966769078947365
u52728007,b81697368,3.88164874435411
u22040768,b62396194,3.1193388541875495
u08019250,b23378256,3.6957957352941175
u81603581,b62670070,3.6656366145833332
u46565934,b13659180,3.652231354166666
u55671313,b29199360,3.7063811497493737
u65438624,b61082114,3.0985059659090908
u56941696,b21398815,3.4671817824074074
u29469733,b57002888,3.517647333940583
u61015527,b26651767,3.520083579704609
u47312937,b10463804,3.508325394736842
u75144451,b83048635,3.9336085249042148
u23134617,b34755064,4.085294385714286
u63379422,b37068431,3.8861197346251917
u51830357,b78008834,4.24755256491807
u50737310,b80719023,3.7841738641908376
u80946521,b26043658,3.965844015151515
u87452148,b36231626,3.210464438943167
u24564954,b67474210,3.237125258878905
u42245227,b57002888,3.76822422141124
u86782301,b58973293,3.7513964657510277
u31360914,b45651575,3.4861169893483708
u72804214,b20200244,3.5248503293807643
u78428359,b77333717,3.485801669435216
u99255968,b44944170,3.6400603803826983
u10650650,b27803824,3.4790387580128206
u64822594,b69241339,3.4093487806372553
u51570709,b37657413,4.045001850233101
u85648434,b98630806,3.936944542572464
u16729766,b18056133,3.5752546907287983
u21076349,b60484296,3.8296285775763486
u75060856,b37706230,3.692454778325123
u07615320,b90354954,3.515996595238095
u84022190,b88380822,3.527524204545454
u20690061,b96990898,3.7599300921658987
u53534673,b00793888,3.87607389657444
u41744739,b82972083,3.7803619494047616
u21625781,b17741315,3.7040165016136384
u04322681,b03854925,4.029001666666667
u45346658,b96067067,4.18440521743295
u88113247,b06266660,3.880978976608187
u23602324,b86522412,4.033427314814815
u07758969,b31365966,3.40162455867082
u11901927,b64124445,3.7491687086776855
u51352105,b71643966,3.0991971218487397
u77087319,b41341679,3.658545935150376
u09701203,b63408778,3.810065726190476
u95645990,b39664275,4.386174171372106
u62874550,b97197433,3.3101104405034323
u14157443,b09315420,3.5519667272727267
u74850751,b65873951,3.5009746428571424
u24217046,b14304119,3.806567068341919
u01347868,b61372131,3.320445528015232
u44871467,b88947899,3.565495965212432
u48555518,b74719644,3.538249884615384
u85197890,b88086544,3.781368750389044
u92689470,b42977080,3.6470885741680448
u64269580,b69669795,4.032401862068966
u96034485,b13298774,3.4563855015887937
u70941546,b72304066,3.6975096623222745
u29947218,b04068168,3.3262295202020202
u04472363,b17581033,3.1973540883458647
u77854909,b21546847,3.70160836114033
u44421421,b12962230,3.735163630952381
u99828079,b50384790,3.7879679645257074
u72516573,b26940296,3.5055526705653017
u53225231,b82793590,3.668340546942915
u06010884,b78275112,4.189338163048351
u50654021,b08473327,3.440228972222222
u79804519,b57167994,3.2485158119658117
u17456323,b53507756,3.8172012142857144
u99411811,b31687952,3.9838169315621297
u47176182,b72782535,3.5596089095292114
u27091620,b80625075,3.94736103000051
u05753831,b34532932,3.737168923112706
u33198378,b78275112,4.220640684056754
u50722975,b53321055,3.7205017307692305
u96426689,b61885569,3.221781155462185
u49808969,b93241768,3.7633137953367877
u58566782,b28995195,3.952938215102974
u22082696,b56105038,3.710115577146172
u88903696,b01544730,3.218406124520641
u39733358,b92522391,3.448226582532051
u42576545,b06167371,3.8143634497267493
u72523185,b34755064,3.7745801000000005
u36093462,b71904117,3.6874061556589304
u88449390,b73296646,3.698983887362637
u00240267,b87030762,3.9044000267379677
u13835890,b18591671,3.9636531224117677
u47907635,b74929101,3.847511603084415
u58801357,b04222499,3.906386514663269
u15446768,b09049778,4.011023964431648
u60040540,b46064947,3.7924459259259256
u40053591,b36378884,3.3316084810729847
u27610799,b48544437,3.3616641174768516
u60963496,b98034668,3.642426845495774
u80629397,b68986624,3.781324297215148
u91614054,b43697974,4.021185149447739
u22729454,b11089852,3.5462309375
u22497171,b53773789,3.59819904843995
u29532396,b09049778,3.9797214434232453
u57943745,b43914262,3.7385842573803987
u21521914,b66664015,3.5691345556068232
u87030214,b96756396,4.08860163003663
u31885698,b05978638,3.708650764809903
u17812940,b31988440,3.6284212701139302
u66384984,b40650642,3.909064684574685
u24432245,b28028276,3.767619216269841
u30192879,b53546909,3.9105728571428573
u65584896,b46024181,3.449979947183993
u24128032,b05376454,3.401772594823084
u47614464,b80479144,3.020293560606061
u60386828,b11284653,3.8465685606060607
u94502728,b36766414,3.618893290664312
u35632929,b62718965,3.5691617692439417
u05441583,b82853645,3.976273908045977
u17326443,b54878424,3.514082632497711
u12668296,b78750301,3.736041853354978
u54191121,b82757661,3.413995309844388
u28566738,b74821603,3.82195099112426
u65941002,b90174434,3.7212518308080806
u58771335,b96783065,3.7229449596774193
u32166934,b37923635,3.847288849431818
u17683255,b32751556,3.8660781411474163
u26300604,b60823162,3.8132147908674336
u62412003,b29751550,3.4783971874999997
u69900195,b02833529,3.2165016666666664
u21709312,b81004899,3.4477241666666663
u21056033,b20144597,3.6174303909412955
u24347218,b89407525,3.4825211981566815
u57013229,b37466269,3.7204708834700986
u49052155,b60562440,3.652557777777777
u13130392,b49488733,3.53971410975355
u27077171,b96838424,3.5967090934065933
u96490004,b79928088,4.029487575386616
u86290164,b49494082,3.7249959989358876
u75091416,b53220424,3.9718873176054013
u75435887,b74596901,3.6725239718614713
u41535627,b32727723,3.851043232548701
u44862282,b72860992,3.354731029106029
u70430385,b04065817,3.7535904999999996
u49353084,b21546847,3.7370250278069967
u65299580,b78377250,4.016599143783371
u95233105,b37638417,4.1615228124999994
u34160118,b79816155,3.512837287285338
u42164906,b37657413,3.614895517676768
u03359520,b71827801,3.664971030020704
u59245355,b24620866,3.6965655727155724
u44038200,b39915063,3.5427351966873704
u21213227,b57528832,3.7992071090367965
u44718585,b96858256,3.5920397253107215
u47706676,b23457095,3.9743741452991452
u55163843,b96054626,3.7815637152777777
u94648914,b09589765,3.5726914794154103
u19042551,b76691430,3.505182113970588
u39837557,b20547561,3.4385401614987083
u01518697,b39903678,3.7590061569080637
u68091606,b14338293,4.239242733673087
u44519787,b05372439,4.219081524725274
u65238835,b44711938,4.01726348987597
u01465624,b91561409,3.2973450363825365
u87536260,b09049778,3.9884840211290262
u69299250,b99079714,3.829102899159664
u62408348,b04222499,4.134164292441047
u31854712,b79928088,4.2391029600020005
u12181648,b20287395,3.123593584558823
u24575138,b18722570,4.030923624101815
u59367051,b51534871,3.340707476958525
u96848649,b85930360,3.1099119696969693
u88017117,b15682357,3.7025019051483072
u51478724,b04222499,3.8450337336108
u72942332,b30494145,3.4793859332374253
u46772870,b00490633,3.6742935416666667
u65080619,b80148153,3.3976229040404036
u33376497,b67086257,3.497186542443064
u42749427,b40477781,3.645102703081233
u12816990,b07278059,3.972130772222244
u26480193,b77508650,3.631238990360223
u03942781,b38905954,3.7645345047169805
u13861223,b31362596,3.9675504253774685
u60015993,b54384341,3.8957557482223653
u58563514,b51311359,3.5125008096052683
u25537009,b06802134,4.3723781320393
u75753102,b84826557,3.687358307387057
u15778147,b58139174,3.916992087210504
u52268925,b04873655,3.4571620851608187
u52321175,b56466462,3.6359311846269278
u18979372,b79815294,3.6539547878111156
u89004977,b56787707,3.7370491666666665
u76956835,b56466462,3.723836718965995
u65298567,b82301487,3.5686030681032697
u69160033,b92457365,3.499867981678487
u15552475,b86522414,3.7105191193181817
u34550327,b74167560,3.479905910931174
u77872197,b74938144,3.60278739010989
u51836359,b44711938,3.6638326915981603
u37224153,b03197895,3.43377661001462
u92938542,b80871817,3.7128142113095235
u31393439,b50384790,3.929236498821931
u13131410,b62396194,3.8556662463126843
u06582764,b65928236,3.473263290470034
u88929039,b87779498,3.1242847376668967
u52376392,b33903888,3.26784567082771
u11553276,b97302773,4.078349076390595
u51395872,b01335249,4.024028364849833
u90042564,b55226287,4.123114425025329
u40929703,b22634453,3.5352702556818176
u08350594,b68674805,3.445922097608274
u01088059,b56915887,3.710331918056165
u47470770,b50284484,3.5111385104807473
u27663047,b96054347,3.5343110714285713
u06089446,b42349213,3.725727483397897
u92312731,b07378867,4.010709271768572
u28888395,b79928088,4.362558452608787
u40801254,b78124101,3.710429428104575
u66108479,b99145398,3.578929938970846
u35130740,b28615151,4.026008159722222
u31441532,b49488733,3.7448869371345026
u48831352,b95081671,3.8234704696493984
u35095860,b80596289,3.5023373764600176
u23876123,b29998162,3.4541733035714284
u12261233,b91102051,3.2988463068181817
u48907207,b45594562,3.8056129999999997
u66162303,b33935257,3.850063611111111
u67116445,b19208256,3.7205646875
u32055982,b54791634,4.030424227539518
u55029519,b00653768,3.9774445618837073
u92415349,b67030393,3.7404999746916308
u69870873,b38122928,3.9525141250538094
u72102241,b52648851,3.7639303131145523
u38499079,b08473327,3.843347270833333
u92345239,b80651257,3.3336217307692304
u72505603,b64138226,3.7625536834733895
u58790283,b67165478,3.1868505596320795
u55755379,b51030315,3.8148019999999994
u18035604,b46584434,3.4156239616755792
u78308541,b11519462,3.5915669907407404
u08718879,b60434059,3.6259475514216573
u92515797,b12526023,3.914019220822281
u63145838,b61005749,3.9100285382599345
u21476770,b95785803,3.832277172990297
u61594129,b00242900,4.017357121212122
u78480616,b14632405,3.953088455908561
u46937493,b68526080,3.511252083333333
u61774386,b71020602,3.594323004807692
u49807892,b09101227,3.8171453454641346
u22480048,b18530260,3.931533051948052
u11984307,b45441357,3.5497874649368866
u90468861,b96192852,3.416773400483092
u84104407,b53423202,3.590791017628205
u26738032,b05271936,3.9140078012912483
u61093424,b49323159,3.7029731367211127
u16340544,b35020640,3.638069647771051
u42432249,b16385735,3.5588449836601304
u07385921,b82853645,3.699619027093596
u81747174,b82890607,3.4870344322344318
u81484971,b75852622,3.6500135839058343
u16035859,b41341679,3.8959260393170423
u77291252,b37561328,4.044358288043478
u44457694,b37068431,4.041068831602374
u90867529,b95816463,3.2685574287072243
u15819872,b30331659,3.6218308368936913
u08080153,b71294015,3.9676558039215686
u11004561,b79253970,3.8260568464052285
u97625171,b31988440,3.6568934923361525
u59477498,b75817040,3.704056132703081
u40681266,b86376623,4.230182051873198
u32012219,b36794167,3.5903391865079364
u15210302,b79994865,3.5947068638105315
u09611684,b71271368,4.1196312033582085
u79294548,b86896365,3.7169462135278515
u69482567,b93997659,4.237695667573016
u29052853,b15642417,3.778958981322176
u45697256,b00722811,3.6838894908883466
u80222471,b52736396,4.081281495829991
u94783900,b28493148,3.1624825641025636
u78951421,b45708783,4.025863088235294
u92446519,b63603925,3.648845693699181
u77286985,b53423202,4.025402649329837
u06431119,b17244552,3.4064157051820727
u36226151,b80719023,3.7202986693548388
u57167390,b41341679,3.7565105986119143
u35095860,b05154189,3.798371531918276
u43361353,b71005952,3.832455015352493
u75638367,b64728084,3.5547983646616537
u85203854,b82148195,3.571280789359433
u90160283,b97454851,3.892848525219298
u95209722,b93745301,4.489477669081067
u99678054,b78180005,3.6658491128902195
u28124594,b46271044,3.307376213364085
u81796859,b35526856,3.6186935802279026
u11514065,b89407369,3.290640807580452
u13670496,b65098253,3.9375158333333333
u15640952,b02582153,3.871876689979453
u77307956,b64124445,3.9413435793673415
u73187477,b09365531,3.879212612044818
u91861876,b43892559,3.023088413865546
u43444649,b62202095,3.337885909722222
u14321575,b56662995,3.6975155496453898
u19715940,b11652461,3.330786770833333
u68781462,b96067067,3.785794106321839
u05039268,b08545824,3.5908487623762375
u66912355,b31687952,3.8970202245801717
u28464683,b52485134,3.6415689357927774
u77580309,b38423888,3.9982831613437937
u04650093,b76864243,3.881779457282913
u59579597,b10567312,3.590220882453846
u23477030,b91686353,3.824840819493007
u04988037,b78180005,3.6943213351124418
u31378328,b09419504,3.9915052805280524
u44900135,b03102677,3.383066937984496
u56943829,b38958539,3.9945854166666668
u08593205,b08545824,4.048522482978573
u83052461,b41560938,3.8705082371794868
u19115513,b14476018,3.757326591880342
u58325931,b57648353,3.5663958292070386
u46804800,b38423888,3.980233721403498
u28761230,b74575407,3.6787530930131247
u20584708,b09902724,3.776031754658385
u59070515,b07812624,4.181876340130787
u78494608,b70664431,3.9144494811438695
u68386879,b35891508,3.566064992668621
u38028720,b22475341,3.588770920138889
u92558620,b80053887,3.6613423263888887
u42771555,b41451971,3.705844028880696
u74709209,b21278589,3.465251964285714
u05897446,b12081050,3.7719257631822387
u59287004,b78275112,4.207647331480681
u01162279,b91885011,3.245702897102897
u20429654,b50384790,3.7509919799968747
u42618919,b06439034,3.63612645301475
u27907344,b32751556,3.9264797036474164
u93963825,b29576446,3.8442867976673427
u90972153,b26138336,3.5372785081843716
u90224178,b53423202,4.092594325709013
u61884306,b86889066,3.397310449959645
u29391626,b04820955,3.4393275794335567
u91274757,b32727723,3.963615258613935
u80541829,b91712126,3.683276248410978
u14027921,b78275112,4.152944057938921
u30010234,b39664275,4.312771996047431
u96745059,b30241917,3.8069499086257306
u24211784,b32938031,3.74281091374269
u34503413,b73921727,3.9042850429459066
u04999531,b72782535,3.794393518659918
u28110271,b75852622,3.8636232069093692
u91027135,b49799589,3.3238355580651233
u74095242,b73898225,3.5593415497076024
u31084464,b19822827,3.84735017944994
u04332420,b39989034,3.7827718263485566
u19958493,b66908318,4.037697177871149
u07286926,b72027832,3.4778649702380946
u57839152,b78703712,3.532805883458647
u46400993,b88562055,3.8321960244257687
u81847417,b59881354,3.551475457184325
u30047455,b15460735,4.071336153191006
u76745887,b89582994,4.01724592948718
u90291986,b02840016,3.3662702361853833
u63407690,b45033558,3.7744517871108627
u91697783,b39915063,3.5091649860646594
u26316465,b57266227,3.798591739341085
u85401916,b26651767,3.31848260082238
u41082713,b76040943,4.007982232813491
u22415566,b04588843,3.6143661785714283
u44273384,b82682340,3.9287242832209914
u28391854,b88261609,3.35854121834687
u89131359,b79928088,4.285681210415072
u36219718,b82546611,3.7445854166666663
u28627886,b77628606,3.532400102300298
u97953116,b21674268,4.017150448563967
u44519787,b13108919,3.8579123688811183
u71412071,b56492521,3.628883008433966
u82754354,b22582370,3.2582651754385963
u31378328,b86769740,4.087026136363636
u64675386,b06167371,3.779434319357803
u73622960,b95822040,3.679024211968965
u36869370,b01714936,3.8916887971278067
u40783974,b12870754,3.7559847877506263
u93665263,b61670483,3.8576577489177493
u30644325,b41402498,3.868666179299731
u02190494,b43964712,3.5317065178571423
u78989148,b67380674,3.940049790640394
u59368481,b34466452,3.61324154040404
u04024123,b79357715,3.448387239583333
u40845636,b16918176,4.020927107184102
u88493329,b93573763,3.3733257862375714
u38124405,b88182084,3.587847970555861
u52386234,b74821603,3.5967113627458818
u52453326,b11689530,3.7905174265611676
u81875522,b78647061,3.939996120920278
u05075929,b57130459,3.781253058712121
u06127654,b51927662,3.45959387867647
u45884981,b85741718,3.8695488478981335
u20436565,b20547561,3.7230191545542635
u25289869,b79928088,4.369014543748405
u02730778,b96533725,3.677840081699346
u42988270,b04820955,3.3779681486101207
u87278144,b50453414,3.9534026596432614
u87891022,b80160832,3.5719666123562237
u16334013,b06439034,3.9310430059523807
u29637960,b42232720,3.375671661900871
u52460388,b77201589,3.7738663589770884
u92256884,b23760358,4.086119122955651
u81255493,b93745301,3.50452746802015
u19263327,b18610759,3.7278679379416433
u43120066,b44108993,3.621057748538012
u76014666,b02994747,3.5435254761904758
u33538812,b91561409,3.588099081990644
u16960266,b70977140,3.5358431684519522
u61587998,b37068431,3.6431185107905626
u83587595,b47339229,3.574387015848039
u18708765,b26635003,4.000243695826776
u53396512,b17585340,3.4334922909249097
u06591217,b24413532,3.729876782910628
u84900512,b63408778,3.4480777499999995
u33115808,b57745506,3.479638611111111
u09508217,b13716034,3.521169244730679
u87361136,b52503900,3.53365828712406
u08684872,b28651364,3.644446976986246
u93469666,b28651364,3.7303381289660322
u32946603,b76642772,3.3046158944687236
u40572500,b12962230,3.662025595238095
u13070832,b79928088,3.981554380026592
u78088174,b07327816,4.040512427409988
u97800729,b88463400,3.8678738854949875
u60127176,b29576446,4.068573753326418
u71852569,b25958104,3.6313391196303693
u30069721,b75541992,3.320085224358974
u93532304,b80479144,3.2365609415584418
u98924202,b23369233,3.8043525403425402
u23510860,b26003550,3.203782306421776
u23384472,b64898087,3.440051637347477
u37918620,b88978481,3.5104778596310564
u93225743,b83705852,3.6599400877192982
u94242346,b86376623,3.913025903315031
u44034253,b87049222,3.7392464602925806
u39427052,b86746458,3.7281583106884053
u74565740,b74189476,3.071782581967213
u95803602,b47931880,3.7093532407407404
u31156311,b95822040,3.7365609126759565
u57931849,b88740280,3.8695854166666663
u41410979,b71472247,3.975012408126294
u02790181,b52239571,3.548686839190221
u67927839,b96621963,3.7340250668449197
u72928644,b54878424,3.6383125885416665
u32124903,b68181496,3.4834179029304027
u63030385,b39941849,3.3927981407563026
u20740500,b86391415,3.6894838988095238
u18836759,b29138116,3.4208477547452545
u50708042,b07378867,3.9854880115610474
u35939120,b36185570,2.7356001945316164
u16598498,b58585939,3.6290016666666665
u24909319,b30769966,3.8814845859959135
u32619804,b13540873,3.3441540023140797
u71095001,b50384790,3.848185354205735
u36406172,b16199206,3.6634021111111106
u35963763,b07812624,3.8357992719979745
u24046648,b11234289,3.7017947377622376
u84257148,b22227603,3.7188440506139564
u14312140,b88978481,3.423607687125749
u15953743,b81524397,3.816595373563218
u93492638,b07278059,4.098686466110019
u82810602,b06439034,3.5500906249999997
u44018767,b86834511,3.9790729761904764
u76978999,b09071076,3.1396239093702
u94532964,b19953221,3.532237938596491
u39800684,b93745301,4.2813131823058646
u42799163,b70014102,3.76351516862434
u61684017,b41341679,3.9885557268170424
u76776251,b94660986,3.4236160805084745
u03651153,b74821603,3.7995995895230794
u34101607,b34130268,3.6713601282051282
u55273027,b19830299,3.708100119047619
u68212901,b23711476,3.723751123752163
u60554054,b99196780,3.684060654761905
u64390767,b29802159,3.992183927631579
u59716007,b80294058,3.636331736184287
u54462718,b12151882,4.316511063251657
u18478454,b94406818,3.669757701465201
u80623138,b22439341,3.6207038043478255
u84708131,b71069695,3.6402890975770275
u94026615,b88136526,3.471572976190476
u19681460,b15439387,4.262949912795307
u34304804,b52481155,3.895668333333333
u29346256,b73781985,3.8930761975234067
u84194413,b92943233,3.892584743589743
u69175683,b04161893,3.57361641025641
u93858684,b96067067,4.122598580870279
u82898215,b49495549,3.476307850877192
u74275050,b43914262,3.7368885034556083
u96479490,b89572033,3.605125980165668
u14813303,b70680443,3.8594676891252955
u85710559,b37657413,3.817989535984848
u25199196,b13055413,3.6417478007899327
u49557543,b98256804,3.837240617180984
u98510845,b87404127,3.710664217853957
u24247617,b76473315,3.7967419370729383
u89694806,b31230544,3.4807385788690475
u99950823,b74418157,3.6324538492063487
u77068583,b43914262,3.895684071637427
u14039822,b41296906,3.9686499660326087
u59788094,b21357510,3.9782236663456905
u21493366,b10573448,3.8511024780701755
u43828693,b23711476,3.5908369272237195
u64535241,b15038153,3.5316999716553283
u25800280,b51733855,3.5515680788177337
u31455377,b03442686,3.581398020833333
u88375036,b60484296,3.655871955521472
u80874682,b35307029,3.446192857142857
u90303198,b54597883,3.416092028719096
u42166306,b98844131,3.6918726466275658
u06447899,b84930917,3.5750820468509983
u33315764,b38422937,3.85835850490196
u18107072,b66908318,3.843559208683473
u77761098,b29576446,3.8123237533264183
u57770669,b02373235,3.620427721306471
u37521061,b34348391,3.727349517465389
u78984969,b18722570,3.7034110178579445
u52202738,b79994865,3.913456863810531
u13050965,b95822040,3.7166869506678153
u45990381,b09419504,3.7991091002095088
u84326043,b84395187,3.396851591880342
u29570663,b60875236,3.7456464908722107
u74154133,b80632364,4.179555884545708
u79302331,b26246971,3.6915601654178856
u69258104,b51839247,3.625208591008772
u66211311,b19830299,3.6811283148174523
u32282996,b47771185,4.08325782051282
u57322645,b89040055,3.19464307250221
u23470742,b39664275,4.1577620652173914
u24906720,b29392448,4.139603767832715
u58734065,b20537286,3.598285625
u94375853,b50453414,4.071461425877027
u05308552,b10206556,3.9879432766812863
u54254718,b15268547,3.905404497978436
u07906741,b62240285,3.654374935897436
u72128884,b38352355,4.284220987886383
u86586216,b19892880,3.4696358758329935
u45545047,b07133949,3.451909190809191
u08788044,b69989437,4.321262120019034
u69540493,b15764467,3.9429249351546787
u99408862,b03839635,3.8166328902384166
u90971268,b39664275,4.335499268774703
u52670570,b25737730,3.686592200561325
u67008938,b31670931,3.5187938914095582
u74800369,b57316882,3.9015539504716976
u46921499,b12526023,3.9931181930634256
u19856012,b42749067,4.164248764385039
u68499908,b74821603,3.695769992967012
u93084549,b76473315,3.6931705085015096
u46566970,b31988440,3.827726825669485
u68511836,b39898148,2.8664780952380946
u60761417,b75100696,3.8955033670110897
u55955390,b16231894,3.5771637172753716
u72364380,b29180233,3.2218575862068963
u20019141,b40598851,3.6989351905792693
u32561405,b09365531,3.567849954481793
u02456486,b90354954,3.789885242424242
u89149123,b52467549,3.919274848130841
u51346814,b24054097,3.157891587301587
u69776507,b36754274,3.387695527275013
u94685335,b29802159,4.104840784774436
u55118849,b15090850,3.201874333333333
u81686813,b21557753,3.9663086940099537
u26474410,b72818018,3.158753067150635
u77562248,b72926591,3.604263928571428
u55028285,b65905420,3.627733324353448
u25124540,b70940730,3.4929374571078426
u09546067,b38122928,3.9735601938943894
u97704226,b83638329,3.6476444047619045
u61390499,b37643548,3.544108481072984
u71672269,b41047811,3.5656743749999995
u80847654,b37363405,3.579728654987022
u66608873,b82757636,3.5137335709980007
u57342675,b48197202,3.921800833651642
u59889044,b78407229,3.6665202857785775
u53858299,b16918176,3.7137217397966267
u57843861,b55105377,3.661501071428571
u28647393,b12821868,3.6007074932795695
u33148420,b31687952,4.183445155610291
u30495798,b86889066,2.7775566007532957
u15927744,b91712126,3.5136826750881354
u56110683,b37068431,4.1019727622216395
u45073844,b33849296,3.5419473359073357
u36123598,b92631370,3.5296278835978834
u93552924,b08545824,4.016024608185909
u04655292,b98430543,3.6890729761904764
u67183425,b90171057,3.9514779647435896
u93001106,b33391853,3.8442311097623305
u34523543,b83328677,3.9244777100840333
u04780750,b39398529,3.904297486449864
u09048822,b67017847,3.714850142543859
u93915775,b21557753,3.981775053250968
u32624615,b68456479,3.4199096815211
u89046970,b67204989,3.8047863519813516
u25842819,b85717760,3.4934662499999996
u39812404,b95511741,3.644314396055257
u19636190,b79928088,4.063436521762435
u57830157,b88947899,3.2269968071934882
u78548634,b66664015,3.5597010622807206
u91417091,b18378777,3.88569753697479
u66433832,b68605354,3.9234835385872446
u18875634,b35526856,3.75841887434555
u09908903,b34681163,4.028665094840296
u12662095,b84098191,3.639136974551158
u68170127,b47854311,3.2162793518518518
u50073297,b93745301,4.203683123993589
u97083188,b36701991,3.694219939393939
u89126329,b07683840,3.7514287499999996
u87857877,b21398815,3.392162558922559
u00111518,b78275112,4.072696893446493
u80532603,b05376454,3.6254071660791225
u37497590,b23420370,3.9509256597222215
u08849422,b01899333,3.6401501641414136
u78636586,b23760358,4.127911991712203
u56125369,b71794852,3.9214024782039103
u92021044,b24365008,3.6371953475935825
u11304856,b46954369,3.45225462797619
u36778699,b09101227,3.855001604522106
u28748704,b28801125,3.727502060813155
u75526039,b79253970,4.051056846405229
u89864876,b37246201,4.165410948322511
u31913916,b42065988,3.9915091309507424
u93329046,b13298774,3.6729627157436866
u52552770,b98844131,3.7511786283067057
u40600699,b83705852,3.4891722254004574
u08652127,b27069434,3.305934473244147
u92344725,b10302742,4.11191766025641
u49363032,b32288653,3.79640912990544
u58061624,b39837030,4.134763735652315
u83250068,b02823448,3.7968931775210084
u20185646,b62670070,3.5820589062500003
u58771335,b90171057,3.905103173076923
u19873587,b89745317,3.9410115435606055
u18222417,b39238354,3.375065055035773
u02128810,b07161961,3.504573333333333
u31321045,b29802159,3.9481463651315787
u26117410,b30769966,3.6177999647266312
u99020810,b88941730,3.2707947499999994
u10279266,b22070159,3.473785921052632
u50219137,b60950824,3.9854059594298246
u21418050,b52842739,4.042500481569386
u85331133,b11179371,3.649701479008413
u72492389,b83439687,3.927576066123997
u49089502,b81974345,3.6764869285714283
u34462368,b55690506,3.896460663668976
u35599324,b01544730,3.619755292602135
u00942320,b75517540,3.797757376496053
u27515770,b25847150,3.6972332888295503
u92021044,b79928088,3.9583603853987994
u48148827,b89248994,3.5748019999999996
u13939311,b69110543,4.300372247340426
u15987031,b37351373,4.077870087491338
u66860171,b35407415,3.439013452380953
u92918332,b22760520,3.8690016666666667
u18240284,b81292094,3.4217346976419876
u66614629,b03407173,3.261741380105402
u16391624,b74929101,3.913667603763196
u97069025,b19822827,3.8437211435506065
u31281547,b08233764,3.2347115814028315
u93915775,b00191698,3.8508904166666666
u55212488,b99503422,3.680003664529915
u05840417,b06594639,3.540793892480069
u22180745,b58947933,3.802562488782051
u18220179,b64538575,3.203053072916666
u27037204,b10567312,3.9518353083250592
u59312574,b03442686,3.7301449999999994
u01897410,b62883286,3.5324031222943724
u09082826,b41863473,3.190002173913043
u09258420,b78420438,3.4002720187165774
u66102030,b54878424,3.642730843570263
u19741182,b48534221,3.6725822058823527
u15210221,b21997501,3.5696890624999997
u68134676,b60484296,3.7174270101056752
u39789942,b74821603,3.8229212951783147
u20217709,b12526023,3.5596689708222806
u83555041,b44267669,3.382356795400943
u89242628,b05568987,3.6773871634310495
u77422280,b62008180,4.130386040717848
u56811672,b16720980,3.4621592839635853
u80748350,b05231805,4.006663703019445
u21433672,b66664015,3.49520387109063
u94423946,b12986341,3.4133971874999998
u64822594,b31671086,3.233709961408476
u34034454,b56751792,3.775097596153846
u98076470,b52929604,4.022270224014337
u42519639,b98789468,3.5622065530303026
u09343094,b41067437,3.1940569494720963
u45600149,b52929604,3.8561174966397846
u67094708,b46139637,3.8823829004329
u50048486,b58821782,4.012821341243162
u38354489,b52955298,4.258104484126984
u47435641,b36143453,3.5199935317460316
u72804214,b45498653,3.4667523369565214
u15818618,b34105659,3.6965771220930232
u06728914,b44849506,3.4398923395633396
u73947280,b21893915,4.043096924019608
u07961255,b68297715,3.776480520833333
u13979153,b16792882,3.533215653594771
u12459097,b42283267,3.699406638888889
u66685714,b94484205,3.570668333333333
u38518899,b20114940,3.666302173913043
u23827357,b75366463,3.600317120766763
u65941002,b45357639,3.6876489304812834
u64050451,b98309105,3.0433411607142853
u45638255,b15301527,3.547211172426607
u71534659,b41341679,3.822140778900376
u64507917,b86254243,3.4677157142857142
u30411374,b93745301,4.477605909156358
u75222064,b96067067,4.025002640804598
u86999716,b15193806,3.555300332196539
u15408558,b55461548,3.64041875
u17418998,b79083587,3.862862514204545
u70505556,b96067067,3.957230886723655
u24867576,b59459809,3.62792393837157
u21560019,b45609938,4.0548990432952845
u87864976,b93745301,4.227605909156358
u75291961,b24644027,3.844601662457912
u56356445,b01035047,3.7064534936575053
u73035373,b19778297,3.5554272120098034
u12522342,b08545824,4.033272498394135
u83981419,b13116892,3.8009175313283206
u97099172,b24413532,3.5173767829106275
u64774099,b97528491,3.3562817033542975
u50696116,b79816155,3.293895162085976
u79397163,b39941849,3.2148155723443224
u13672690,b23285664,3.426049951883979
u84448456,b28344559,4.005262008448541
u09647830,b67165478,3.5599403164924506
u94454195,b08268015,3.69143454476709
u29161789,b09041547,3.572705252192982
u49843389,b88978481,3.877769160055685
u56976216,b76329691,3.7465562634375793
u67791591,b79815294,3.7032234207626713
u65706833,b95816463,3.865683736348858
u30665947,b09049778,4.0594279066711945
u20234545,b73906619,3.9171800175070026
u49929164,b52929604,4.3391016244239635
u99650678,b18378777,4.104592877777778
u67275368,b88947899,3.5294609377399047
u79620013,b40650642,3.3155976895408035
u15799498,b54791634,3.930963770637459
u65299580,b74356682,3.887244037267081
u19501629,b25174154,3.9989529828504824
u36187024,b99513977,4.225369663271511
u37215839,b68461819,3.993001818181818
u64507917,b31024771,3.4451504464285714
u54086461,b65754390,3.2654187499999994
u07679262,b71271368,4.063219138118342
u72806034,b29802159,3.9431766776315786
u34099137,b55984728,3.927594035761299
u05546673,b12526023,3.8382118307502573
u92228553,b35202318,3.7000639310344825
u01827951,b98817279,3.216703511904762
u09969322,b37068431,3.9248894288883065
u60787699,b38337565,3.5543247316821462
u14063048,b46064947,3.7660047120653815
u49493699,b70940730,3.3674929166666665
u25827016,b80070869,3.650795123658532
u15966640,b31988440,3.6158847592935164
u52690550,b84248014,3.315854531490015
u32628574,b33091876,3.4471114166348356
u27863488,b75100696,3.6201474347568925
u54674120,b14632405,3.9272583552978384
u13824774,b38141876,3.4500273148148146
u00882770,b84098191,3.718066668912848
u07044619,b84249554,3.822206058803726
u18848158,b35620613,3.7779625744047616
u26603113,b17187529,3.5419551222826087
u08209473,b74167560,3.6333288688066316
u15532276,b68986624,3.8551992907801416
u44121725,b62349347,3.754371488095238
u27704644,b94296850,3.702985614495798
u65567300,b62474102,3.7833865261044175
u01894655,b39501581,3.9552960827820263
u87085401,b56879260,3.831046596283784
u46998295,b61252494,3.7891225154730326
u79889744,b96921455,3.63431536036036
u05063808,b03114082,3.1788316937229437
u28332618,b35765595,3.5998403462651103
u44093559,b96192852,3.738865091304348
u37607841,b07831192,3.8875013396156683
u22892814,b29738200,3.8246575046055913
u56174006,b69647795,4.101120963541666
u16374861,b01052259,3.996153687094156
u14828659,b94907376,3.722640509259259
u24624961,b14109776,3.8488773148148145
u72928644,b20498497,3.7302351666666667
u06089446,b22507296,3.7083656810897434
u25300164,b68998721,3.5452595637727384
u49259546,b72160759,3.7981568452380947
u39795907,b55111127,3.495388929440389
u00177161,b06167371,3.6664038296113293
u28909603,b34755064,3.6371411
u68991027,b53423202,4.170566633570234
u86857833,b70016806,3.6972496255760365
u94457580,b97219866,3.825800059523809
u64961901,b34162962,3.4683699747474748
u66310181,b70155045,3.574293541666666
u92869066,b09419504,3.7643812805280525
u89131359,b98630806,3.8477963103070176
u18958490,b28190473,3.921726170183982
u37337732,b52485134,3.7078923169397635
u46480228,b06167371,3.6940063327543187
u36839629,b07857410,3.228696299163501
u34062801,b59304782,3.896595223362355
u54891799,b07378867,3.712221547805642
u47177222,b77508650,3.6844833599331457
u49088604,b11752294,3.9040402225378785
u08593695,b05978638,3.4427592049808426
u04904839,b03456449,3.6962657727272727
u94481824,b15574895,3.7419315449561403
u55892878,b14338293,4.246923661428805
u21502437,b53220424,3.9148504329004323
u61704881,b00524913,4.158596785714286
u49829252,b65216323,3.830319975490196
u50566922,b43561702,3.4442244444444445
u18820271,b74821603,3.7056920264978688
u86197430,b26315023,4.041989155890804
u15513648,b11338586,3.456839405918605
u80667680,b16082668,4.392003244857834
u90901823,b20478240,3.5939215442370127
u36790148,b83048635,3.704711163793103
u84551385,b89720882,3.4148903764005603
u03815866,b75378143,4.043981215277777
u64738765,b50851932,3.4895420959595955
u19032773,b52648851,4.007229097836774
u52197509,b32970530,3.1231879761904766
u74801140,b92635714,3.4206683333333334
u52275508,b05376454,3.7207010610066584
u97375148,b85321421,3.486014480236353
u01652210,b14547631,3.7844370031461634
u45621658,b72243003,3.8254342226890756
u97926215,b18610759,3.902430591537133
u58451714,b00745370,3.697445746753247
u88291114,b63603925,3.7862612507515987
u59999954,b33935257,3.5088958333333333
u40884330,b52172892,3.5741618102240897
u68011389,b29505914,3.957525583312037
u69133482,b44488728,3.2043504545454544
u46569578,b67957413,3.4069186077892697
u94112906,b39989034,3.7355220676946628
u00470140,b86785429,3.870200340954977
u34206891,b25808746,3.6265423809523805
u26191910,b72278160,3.403269203216374
u62020653,b41341679,3.663797774092684
u37814436,b00608458,3.533463461538461
u32071485,b25108448,3.494216910669975
u22845714,b37466269,3.83714037499079
u28345292,b45401018,3.6378831456720615
u43120066,b73098962,3.9121437423923506
u54988183,b39916665,3.7276161007373663
u60682585,b16231894,3.9321604166666666
u98639066,b29316798,4.165876223776223
u73029652,b51018612,3.7656310290874
u03846552,b62008180,3.7349777172115592
u00285597,b13716034,3.210916491754489
u00560531,b20144597,3.38855983805668
u36685534,b56466462,3.6749372860596594
u77426864,b22242111,3.7116231922196796
u89187525,b25020940,3.4691273829039813
u36343397,b64843954,3.4371968786549707
u12422839,b68526080,3.562335
u95605340,b03714508,3.5138294747899157
u09507345,b12081050,3.690270006229634
u10603381,b13298774,3.913250321471292
u34202632,b77101493,3.7660292701525053
u71164044,b85635752,3.2965026073762838
u08961037,b21170789,3.9086513712757824
u44357621,b00793888,3.897820605254674
u67456700,b38461009,3.5580196070075756
u24916413,b93244128,3.621977332944833
u67389536,b91709312,3.688619406318083
u77114690,b17585340,3.64591178509082
u46378774,b75366463,3.406509711684987
u25772184,b39837030,3.8323161038723295
u84909851,b06167371,3.4997371629446627
u16641204,b56337803,3.6175735833333333
u40076474,b27179218,4.032524888309004
u14313311,b36185570,3.586698796819788
u97647047,b60788665,3.1151631297348485
u71234418,b71271368,3.6612978700248755
u73429286,b87103879,3.783995908260234
u22731781,b07812624,4.227011556956295
u93605580,b64813643,3.620698038949275
u20313666,b26138336,3.568149770045046
u81440289,b71927035,3.7820494669117646
u89268927,b53507756,3.6654703076923076
u35763316,b65629315,4.162616719718892
u30625099,b43107195,3.5048677051439068
u88041009,b31362596,3.900245452534672
u86246372,b53545849,3.7394946842650105
u94586789,b04374540,3.6906464135679937
u43443606,b77201589,3.3952441094936177
u03822182,b69804449,3.4764985568086884
u79080026,b74303154,3.6372304335113146
u16326249,b24054097,3.3108613095238093
u20554005,b17718695,3.978133452380952
u25616324,b13481909,3.4070203492647058
u31686106,b10567312,3.7154309664874594
u24566323,b06439034,3.6892216369047617
u55400943,b26937304,3.8788820789392053
u99012769,b04493477,3.5668597715227044
u62502789,b89572033,3.74675810514214
u15030259,b30331659,3.7804322001803117
u41912045,b07695631,3.538850483193277
u24891567,b73123610,3.6837895192307686
u89213962,b25745524,3.2701977436323366
u42644458,b88947899,4.009200957323173
u04644185,b37823595,3.902806525229358
u05509310,b32553243,3.656033541927409
u45159912,b35202318,3.5025166075050707
u87392647,b76219626,3.615639748168498
u96139876,b22475341,3.591106514939309
u75779213,b69294942,3.91458939372919
u93657105,b34953904,3.7040409572135866
u04911557,b47764774,3.93675125
u86144558,b96921455,3.6144961936936935
u01681287,b41946425,3.466265833333333
u10443143,b69989437,3.839828886170719
u11589829,b48177176,3.7741280867236915
u27482571,b62061351,3.6728032243487503
u27291677,b15439387,4.159378484223879
u04501947,b36231626,3.211039426264513
u48506237,b25321754,3.8121674816176467
u66211311,b88375829,3.5467833753501403
u28345292,b81323559,3.6765072626621498
u57036026,b02496048,3.839080554782732
u34732423,b73703618,3.572301146443288
u59126727,b00490633,3.7480879613095235
u16162002,b42347987,3.6827491176470586
u60129428,b15103442,3.731435657998424
u11915055,b31362596,3.7156441666666664
u53171521,b08282158,3.780370438596491
u33299743,b36265270,3.9252128589838
u85882320,b40151793,2.9812896032686464
u66282775,b82195188,3.7786285101010098
u23363654,b83749692,3.490094241071428
u53501276,b05568987,4.066970496764383
u65776682,b08004121,3.538889090372991
u70475220,b50384790,3.7836241959845354
u03826674,b25485861,3.6825161221590905
u26233692,b57283428,3.5843735060975606
u58532590,b78275112,3.793248862664875
u67150261,b70014102,3.5866025850634706
u32075276,b08268015,3.752657117866505
u58796019,b84419405,3.4930423790322576
u61626899,b12547338,3.5815113121345026
u20707055,b97253350,4.051504645061728
u82630635,b54597883,3.60395737745098
u61595641,b82148195,4.228587657679659
u84308719,b17741315,3.8400901707046193
u55509158,b69647795,4.160537213541667
u40486334,b35526856,4.050085541012216
u99213638,b04362379,3.87791875
u52506216,b44944170,3.7173938096991925
u38665249,b40128170,3.7180480478368594
u28242564,b95835140,3.983903085057821
u49729340,b18562445,3.465305537778695
u60554054,b06167371,3.5651995321797583
u00920057,b29802159,4.111322927631578
u91015550,b37889001,3.9072380555555553
u81609700,b27787131,3.7356036965811965
u81773614,b66908318,3.998339970588235
u07542512,b44108993,3.673981725146199
u85538255,b10567312,3.9486100529473314
u24875976,b17717628,3.2642065746753244
u50040085,b00722811,3.626091032165936
u24176281,b95822040,3.5895189436748085
u40672181,b45039826,3.9857183599213286
u47217173,b79462608,3.219635164835165
u70920514,b29576446,4.169280271747611
u14772856,b38519248,3.808862683982684
u54365851,b19822827,4.080215845959596
u98576989,b26924525,3.664561100838264
u78313203,b18378777,3.688524330769231
u99768422,b83439687,3.871394189373297
u74850751,b78457511,3.7619179693654075
u52776620,b52929604,4.247817377338032
u81317301,b18378777,3.7940535375
u22239737,b67165478,3.872749738657503
u20245485,b09116351,3.136317554347826
u85741551,b29822502,3.5311216492352675
u48602719,b22879567,3.766152286866359
u71506103,b58973293,3.6220145336303533
u23303543,b23089015,4.138337233422939
u30844214,b03812811,3.6761711414565825
u54460128,b65896428,3.743289081196581
u50479672,b62822410,3.984918194444444
u67151107,b07378867,3.532202028574873
u98250390,b26940296,3.7431379298245613
u63262183,b34348391,3.65752548042075
u46799902,b19867465,4.030725026720993
u85111195,b48751579,3.667551294881589
u76182140,b05776993,3.005627792397661
u46868540,b86376623,3.745701467303466
u21034541,b88086544,4.018582418981481
u99295785,b29451564,3.661179573934837
u92409956,b40650642,3.8164350588355
u33404846,b30090936,4.109020802968961
u76357280,b56751792,3.9727087201034257
u34916253,b80970834,3.554460277777778
u93515874,b07831192,3.683740480771051
u52088233,b12091978,4.0976855927555444
u00539366,b92068221,3.5013617708333333
u76525475,b34010134,3.7820854166666664
u57901388,b96783065,3.8618766642228737
u05291493,b44711938,4.025527488593156
u52123040,b23029053,3.5426681971582563
u21859054,b32727723,4.057886384650888
u46362168,b82853645,3.79515927262931
u21013700,b08545824,3.804468971568121
u30012825,b87328001,3.6714870499614234
u81232945,b09399885,3.6501187436868685
u01800405,b83051108,3.3253145402973394
u11121176,b33774668,3.1036681944444444
u57715603,b38122928,3.8433690480610556
u25866990,b27839167,3.7636376831501828
u14656342,b42590814,3.2957262499999995
u77634279,b10229286,3.7874188893563847
u66587217,b19956230,3.7854517499999996
u06791102,b49553867,3.0193479157943592
u03438228,b71794852,3.9609948587770702
u95966592,b65667329,3.9614567963286715
u28647393,b36010435,3.6174453598484844
u86864433,b46271044,3.555921854280009
u30009512,b70319465,3.4566426248449127
u65106397,b51191220,3.7220493668236525
u77334889,b65411088,3.5806798015873014
u81847417,b24810886,3.4951484515484514
u97055798,b08349503,3.3954672294884958
u15156309,b15354652,3.8649410667485666
u80896796,b34953904,3.827044589465868
u17475395,b14632405,4.016237203135824
u34144135,b03047230,3.757642118768328
u32752379,b70139295,3.9821683908221406
u83786740,b29543216,3.6349356428571427
u81828113,b52736396,3.9502503831064963
u62689724,b25774226,4.080054583333333
u30222108,b67390269,3.7969742261904758
u88946459,b51334378,3.7365915616246497
u18032465,b25097462,3.3180377853487886
u72347081,b02994747,3.186123988095238
u92183965,b39916665,3.908136142213756
u61764833,b21557753,3.947125185526101
u30454175,b06313374,3.721365909090909
u43294363,b86376623,3.8884064859429692
u78191596,b91418854,3.665665236111111
u46983279,b52172892,3.6553468452380953
u71124320,b69294942,3.8943888300036997
u30509085,b66908318,4.007690220588235
u91585390,b36312601,3.63298475
u37814436,b72005521,3.4961623004354134
u84985185,b93992548,3.7028632772435897
u92127840,b66021131,3.0876590977742446
u52063428,b79124168,3.746815867563586
u33299743,b14888446,3.4520533364661654
u26280113,b88487078,3.840907065217391
u56808323,b39903678,3.7342302079618004
u78732946,b15764467,3.9429249351546787
u05270212,b24276994,3.700250650143678
u19413990,b06167371,3.779434319357803
u46509376,b29193193,3.870638333333333
u56177520,b08545824,3.6119416027405715
u37236630,b89436866,3.492894082633053
u57364683,b48621017,3.7623877564102557
u04258796,b30558713,2.4280333617424237
u65793333,b62975669,3.7985753925353922
u51070421,b68763841,3.0926633072328182
u80351548,b98954571,3.9621375949848026
u29380614,b37351373,3.8052937640565583
u15862056,b64726393,3.2903568640350875
u39915694,b06167371,3.412283643678688
u97894041,b70912031,3.8301649436090224
u54448284,b11734216,3.891094013157894
u14270374,b40128170,3.4146190488850774
u70092269,b60613242,3.8360013517279823
u76712934,b97964357,3.401894532967033
u92277367,b44944170,4.093161900599401
u20142543,b21398815,3.3083069907407405
u39201858,b68605354,3.7273856249710406
u97986816,b33837750,3.7045733333333333
u22317433,b14632405,3.904201068078353
u64774099,b54878424,3.6314472204097985
u13805912,b66800493,3.587680897435897
u36568372,b38337565,3.695428443166741
u69453224,b96689309,3.708097659313725
u94996650,b18562445,3.480332230738088
u36386147,b59818681,3.925584107870283
u58577923,b12315103,3.1313971875
u33529170,b08180481,3.50874169759436
u57170775,b92899961,3.32791875
u26571599,b27179218,3.8856868256309407
u13420738,b21283109,3.3203676041666665
u03347869,b23029053,3.5951448895577043
u17614225,b79619792,3.581836893358876
u21071412,b30307775,3.7945740371368677
u15179003,b23760358,4.137617667463764
u98826935,b39738718,3.852286883116883
u47536982,b01428640,3.9301208552631572
u69644058,b70680443,3.6692174113475176
u11644181,b98954571,3.5521284461458773
u07740439,b29896978,3.5250176984126984
u87649919,b74929101,3.8990239772727273
u43267586,b45445418,3.3413223928201212
u37485722,b60788665,3.522129876077586
u68414734,b88562055,3.9188502295684113
u87375213,b38240457,3.4980191193181818
u60788842,b93402493,3.586326756388772
u80878862,b45762926,3.7946325595238095
u74453956,b76329691,3.6382909142857143
u44930551,b63984685,3.546135608974359
u34031931,b71185712,3.5811967099567097
u38923892,b00524153,3.9674185818713448
u63574380,b03272721,3.4137124248120303
u95332391,b29199360,3.604326513975155
u17853860,b52485134,3.569298984053498
u97365321,b11256074,3.2925923263888888
u08679598,b13222925,3.4854218186423505
u73947280,b30188578,3.848337608830845
u46738502,b01248119,3.1841522499999995
u43195417,b15854967,3.8284743636363636
u43022151,b39916665,3.832485794078592
u71103068,b15534810,3.693933787878788
u61041581,b83439687,3.552576066123997
u01268040,b29802159,4.006534177631579
u99402672,b05231805,3.4251963064713062
u83859518,b46312782,3.705717025366833
u22693337,b40310976,3.4349624248120305
u43911585,b81651581,3.7913995467032966
u53518202,b20755858,3.341719979296066
u28638418,b33638957,3.3073077314814814
u83929385,b43392556,3.5049628216374265
u59714574,b00629748,3.8115054106029103
u33764056,b79928088,4.168366453340404
u30192879,b06320395,3.68808494047619
u62880121,b64898087,3.8172634498774354
u81394968,b74960873,3.9219143588362066
u33364550,b44745371,3.9469443348093955
u80194871,b70930132,3.5098268794964027
u66762742,b20219571,3.34041875
u09095710,b61139235,3.880449364973262
u35701429,b18147526,3.2210381547619047
u58056528,b15439387,4.002472440806511
u67788379,b90746212,3.6533142708333335
u01386124,b62470547,3.08922890362511
u67358986,b91418854,3.1456497558243726
u86146389,b35202318,3.9194359402257875
u78476305,b95656028,3.548736152540818
u39940834,b60484296,3.8878568563565454
u68354995,b54640325,4.052136301369863
u41836228,b03272721,3.5160641517857143
u96581646,b31687952,4.058445155610291
u58532590,b36297650,3.4410779277699857
u29048480,b79640364,3.8749933884057968
u71672269,b05819688,3.653959585084033
u44905681,b03671144,4.100551947313581
u11734336,b61005749,3.6150507102056357
u16270856,b20144597,3.5205582354925773
u36219718,b31475886,3.7431206021216195
u78638951,b14338293,4.107993919147277
u80842334,b79815294,4.006194057820311
u14603989,b19212305,4.092006820175438
u16364343,b02766522,3.571625102265044
u97057769,b75366463,3.771150454100096
u41622770,b25020940,3.1286662965944574
u73929420,b58947933,3.7710703974358974
u57311360,b17064684,3.697930594775646
u52408308,b74214703,3.4447263876319756
u67073389,b73712332,2.9252274206349207
u32579779,b81323559,3.700500067476383
u06601591,b26315023,3.803733820631701
u12381126,b63603925,3.7193412331346867
u29452212,b41550515,3.450583501496415
u85378616,b63671773,3.8384066791044775
u04106949,b29998162,3.5273550185104527
u82618403,b78288340,3.5115077083333333
u20615210,b49991872,4.072720148601398
u71168005,b90052069,3.218485352200544
u85181803,b04670551,3.7466171794871794
u12639658,b57937614,3.6564363988095234
u80262622,b16385735,3.6760782058823525
u77615917,b67030393,3.692288728438744
u58883921,b18530260,3.6368406845238095
u77898248,b57276379,3.0651584523809525
u79317494,b79230811,3.770915437710438
u13677665,b65522865,3.7383148303977993
u13473560,b84405755,4.2075585080645155
u18187187,b78647061,3.9368711721559624
u45492252,b34532370,3.561802008928571
u11951463,b29802159,3.8507326965391417
u45094749,b25321754,3.6308493990384614
u82378694,b58309225,3.3855032002801115
u72609255,b73121339,4.0419923892773895
u49008219,b07611214,3.712281612251244
u85603383,b88947899,4.038900663218092
u34328676,b52485134,3.6715363481839325
u00830784,b88947899,3.693474443536552
u49654961,b30331659,3.9201757899239014
u40905485,b83439687,3.8772002949405238
u83822592,b17585340,3.562268916356877
u23052441,b39183217,3.8123349999999996
u46593302,b14569834,3.2654187499999994
u31026156,b65013689,3.7957465125391847
u04065071,b80070869,3.809838493193481
u31426959,b63401500,3.066207684513006
u58925554,b25678098,3.2930782528011204
u28930102,b79994865,3.397195289301342
u56127064,b67474210,3.842513109756097
u15210784,b66191127,3.8732767247267756
u66875289,b52172892,3.918489541316526
u07418091,b73005358,3.617168611111111
u52782549,b34240968,3.5087490750528536
u66390724,b11997124,3.498521158905084
u45101319,b06167371,3.527600833267122
u52078593,b29452634,2.917043125
u14148597,b11752294,3.8794053605458654
u92811191,b82148195,4.017511141322453
u14703048,b28995195,4.023538080307151
u52902033,b21557753,4.170586056888534
u19691864,b42920311,3.8649662537993916
u87098177,b18562445,3.55303912294353
u29650769,b79253970,4.001026774341519
u81287895,b81268070,4.067335
u15210784,b00524153,4.132694097222222
u09245585,b08157430,3.596424079119381
u47614464,b28801125,3.2071978202548626
u08770637,b56123208,3.1306260416666665
u07152890,b46344425,3.8181739545454545
u09608578,b91648936,3.8469404545454546
u23167749,b70664431,4.1486002432634725
u93551085,b16647118,3.694811102941176
u27270201,b93418350,3.778355588106079
u06818023,b60484296,3.1434326065030493
u21332587,b04222499,4.134164292441047
u90068416,b71606543,4.051509729874198
u99573627,b18056133,3.2130290556182945
u30892229,b69294942,3.6270311075300947
u49429812,b45675681,3.560592143227143
u75894145,b93745301,4.227605909156358
u32824283,b87295708,3.7504299999999997
u93235322,b07378867,3.8877630061389756
u08344325,b60802544,3.3217212499999995
u39714726,b42439444,3.151387456140351
u32494501,b11689530,3.4401425204918032
u51555364,b51986055,3.5897448355263153
u26700182,b55461548,3.870451383928571
u32738192,b31815290,3.4367532518796993
u26141907,b83048635,3.895380075083426
u09902033,b95835140,3.418879358270396
u13664086,b41706804,3.6585645486111105
u41506989,b98155674,3.7484179166666665
u47527394,b40598851,3.788233040948276
u61045047,b68957069,3.7988489254385964
u37211173,b25784330,3.6779361184210524
u24732693,b45092905,3.4266050000000003
u12618636,b60142959,3.321426330331398
u64390767,b57528832,4.077743336309524
u96228824,b56337803,3.9391359097222214
u13473560,b05372439,4.183716428571428
u89740675,b75511430,3.441559175637958
u85894700,b75852622,3.8749291937398835
u82397227,b27710508,3.7307740415019763
u45690694,b67584295,4.1630471323203
u40026320,b48544437,3.528052311921296
u24814590,b05819688,3.436278203492406
u24863978,b68787383,3.9393926049743166
u14357571,b30815378,3.8685025
u25272098,b34953904,3.631648936178478
u88291196,b50477077,3.9512634897292247
u46997228,b31310601,3.4826268749999993
u50872236,b45651575,3.4926047196796333
u36159470,b80506673,3.6495494123803827
u90539723,b59558025,3.4793146874999996
u66047335,b24108456,3.618176718511966
u91081550,b93625021,3.1267288087879916
u61213393,b29738200,4.065455593109736
u43780528,b40598851,3.872336715756705
u21866865,b11752294,3.7939886938791987
u93400866,b98954571,3.635767196842868
u09343094,b25413123,3.176665287068004
u72772985,b77444164,3.820120855263158
u80222985,b75511430,3.55497470432305
u05118111,b69598867,3.71430393813623
u02694395,b37848013,2.6070777813852812
u71259313,b82838854,2.76541875
u95320523,b88182084,3.362108467450271
u18096140,b58821782,3.8711546745764953
u72942332,b39916665,3.720147302471571
u73363481,b40333735,3.249493245614035
u93123375,b45742756,3.3974112525025024
u47674590,b65216323,3.856572960184074
u22415566,b14399843,3.3196514166666664
u01500329,b91361163,3.4916392023051257
u60685446,b15439387,4.068819358698668
u87851036,b97444387,3.9622679841897233
u18657357,b34681163,3.987633724255401
u55319680,b96858988,3.5171051081730766
u03623907,b15869276,3.9799116249574396
u68354995,b65216323,4.125293725490196
u56721037,b36766414,3.510197638490399
u98698146,b27818520,3.151034318181818
u19373484,b80730701,3.74901110576923
u64921673,b20048021,3.6841063559438636
u86253566,b90696754,3.571402713675213
u76549142,b78565713,3.3396752689075626
u09546067,b63603925,3.627815227902997
u90014763,b82682340,4.156513459488273
u76745887,b63791555,4.08439458109319
u58612117,b32970530,3.226354327731092
u49906594,b03963971,3.7698028066378066
u40728797,b18378777,3.5543096321637426
u26949491,b58973293,3.4357553244466796
u97936282,b56939495,3.144494967948718
u49892026,b77265663,3.44253223812622
u18904346,b86788370,4.2307620778153
u48968096,b09049778,4.10032926033145
u22000720,b33110278,3.899135632411067
u01448631,b63791555,4.065834722222222
u53602301,b16404249,4.174438740245262
u61233409,b26688492,3.2576590169480215
u26988846,b98545244,3.7329054466501237
u91179151,b10086821,3.5924234150326795
u59122160,b25036771,3.793306200918964
u83409680,b79253970,3.919842203548086
u90048210,b55042554,3.924717447045708
u20686120,b23986868,3.502469447708578
u85338154,b00158867,3.837037678571428
u11757218,b38030355,3.5028350925925924
u01935413,b88934153,4.028312783738001
u72095767,b78275112,4.170051872078972
u42842059,b94263614,3.199303795986622
u42710982,b46006537,3.652296786283891
u30797380,b21578202,3.6095461029411764
u79982500,b95150186,3.855424404761904
u18419216,b06073707,3.994764197722567
u43889475,b36742728,3.9957898271421612
u80816974,b59038427,4.108747857142857
u47481150,b14632405,3.7618959329375903
u13662259,b88562055,3.8969986422668237
u82287635,b39989034,3.8759801678862167
u15278759,b39216951,3.527628881578947
u49989478,b89115141,3.8023400694444445
u15893176,b08004121,3.2176733444741537
u12976819,b06313374,3.8919585132575754
u54460128,b74821603,3.693927275774295
u06037009,b79292237,3.6868028503382106
u94941744,b26937304,3.7926397311827955
u35738063,b55994348,3.693921294642857
u58155898,b34532932,3.737329837962963
u75985077,b74821603,3.4062546285116477
u32333997,b56105038,3.8650168166669205
u65878317,b33796246,3.678881342592592
u58944461,b56779366,3.537660562106688
u57068929,b95822040,3.4144136945648316
u38169557,b83075214,3.629698701298701
u15369054,b05994307,3.7317632017577678
u35042241,b05938893,3.737719054666264
u61659671,b03407173,3.234925746047431
u85224660,b04820955,3.534179567476581
u35383464,b14780202,3.8777563745840893
u31351971,b65411088,3.482322857142857
u57312489,b40845464,3.1648715664644236
u32554338,b40151793,3.920249050846616
u33838542,b15722276,3.8280933574611558
u88516444,b75608185,3.907085416666666
u78865788,b35765595,3.6424753569967265
u29083609,b57528832,4.294344989683757
u26550736,b59592572,3.3699229458041957
u21441981,b79994865,3.9242099557021923
u85221282,b57528832,3.7799605787981188
u53538715,b64124445,3.6424377927294103
u17616714,b57704283,3.6231582424990236
u15304336,b40598851,3.7096980583492973
u40811244,b79253970,3.776056846405228
u16950081,b08545824,4.029614312338952
u92347620,b92830722,3.2592535410831
u96936548,b44640513,3.8757279403409086
u43386412,b76982320,3.510467894668737
u42735635,b79975924,4.13881115165086
u24364162,b09365531,3.7227731985294117
u62896683,b37068431,3.704027339138416
u32499117,b34755064,3.6367828777777778
u20324124,b19830299,3.937708796296296
u55554858,b04721713,3.6218877441999617
u41516289,b27096444,3.538393563624129
u64965360,b86678940,3.742846845238095
u68491613,b73625213,4.374819242424242
u79728709,b80534742,3.4519768366778143
u81769131,b33153583,3.717509583333333
u15002870,b86788370,4.130298773562669
u62980270,b24593494,4.037815348190123
u59495625,b64898087,2.5787814938543
u18590232,b08349503,3.888273705347879
u89362634,b22522904,3.721475545905707
u47357610,b88978481,3.4690004847447957
u78494608,b06167371,3.6096357659317895
u08770637,b26138336,3.2064189263417955
u62916901,b76981983,3.895932513736264
u13757684,b48933583,3.7282439693096854
u51395872,b80286008,4.13170531306715
u36932520,b52217488,3.9419226062336366
u94277211,b07812624,4.018782213216511
u76299169,b16792882,3.5568542647058825
u95320827,b35051646,3.711741304347826
u66851789,b12526023,4.0162829333277195
u95227637,b65933939,3.584905245535714
u92831631,b42977080,3.3786051167175177
u95072921,b20071798,3.656533634259259
u14067213,b56105038,3.6733655176223623
u80929953,b90724246,3.845447767857143
u96545272,b96980363,3.740044971955128
u50675877,b78275112,4.089158524500624
u47295465,b52503900,3.827854454887218
u66017890,b73123610,3.8506637351190474
u11190442,b76693158,4.094651416666666
u25272098,b70680443,3.5802411018237086
u63788204,b31988440,3.4959813636474673
u79728709,b29802159,3.8145666232837527
u45326470,b66379670,3.409541507936508
u85085361,b25811713,4.087455874125874
u43271501,b09399885,3.4287321022727273
u01749144,b57106359,3.6819610714285713
u96825032,b54313457,3.6427157142857145
u49495919,b62670070,3.6458450173611108
u78140738,b21546847,3.8969575927224556
u09297553,b94454893,3.6383287096774195
u47560435,b68725737,3.560453724489796
u92278115,b48335940,3.368417408088235
u27832322,b79292237,4.209854442233033
u00417370,b80754115,3.5752351666666664
u59143919,b80754789,3.577217102564102
u64229986,b36766414,3.856520604273551
u95736883,b25342608,3.490990923913043
u73299189,b68605354,4.06493055237003
u20136228,b41094724,3.7071807975910693
u35384435,b26464727,3.41661679054054
u55878619,b04222499,3.8260395312499997
u02867788,b20537286,3.6641842321749882
u70227852,b28801125,3.543713269249115
u59418120,b43329233,3.8381577173913044
u48256585,b51332181,3.938433587824896
u77862968,b06167371,3.3095229446116603
u69463066,b40598851,3.876018523912603
u06098825,b81900502,3.3625570833333334
u06134167,b98844131,3.7511786283067057
u41801572,b29451564,3.7083898373593556
u46915701,b39614912,3.6173904390879157
u38373407,b09365531,3.597489922969188
u94281399,b31259442,3.719071347049689
u76856745,b21065796,3.8087165384615385
u09436506,b06167371,3.4782666611892
u36258882,b51735088,4.032996451244286
u45055903,b02603859,3.3950473728629382
u72189214,b67165478,3.8121447616094803
u87640295,b15192631,3.703090803077641
u49824878,b18610759,4.094618602667771
u90522208,b23932487,3.429480062111801
u90753474,b52736396,3.8532510833174496
u66049895,b34953904,3.0380217216909875
u26962877,b22652791,3.849771622670807
u67576383,b36766414,3.856520604273551
u30838587,b36312601,3.5777255089285713
u41722913,b76473315,3.7637678648233486
u09716118,b63025840,3.8326572966507175
u02789107,b44870768,3.5265563109487763
u62812120,b23760358,4.0037924623213
u76366682,b50581040,3.7615112365328542
u75172282,b75073897,2.9045057634032627
u25694047,b59032154,3.8547690827922074
u16383790,b20280920,3.4565953548387096
u00598061,b43253694,3.8154859593139205
u88452157,b28745856,3.7703275156641602
u32780354,b15193806,3.5049767664124665
u62277236,b81471826,3.490719549617049
u68581168,b31988440,3.586334736952862
u86228751,b43253694,3.781160848971365
u91636607,b93198882,3.486487510822511
u54838683,b27702770,3.8602850808220546
u79044208,b56684869,4.180251826923076
u50418565,b58973293,3.4456716811087835
u78935255,b38337565,3.648543408152735
u55015137,b09049778,3.7825864970326406
u34858488,b46315640,3.452457811355311
u88256672,b95080493,3.764349275362319
u61998161,b27179218,4.001272577945755
u42745974,b07831192,3.795784222426074
u13963273,b03923117,4.145024204545455
u28664062,b61694785,3.2521114377932294
u94038052,b03074604,3.2807351525054465
u22132644,b70042652,3.5241666025641027
u73967279,b48823275,3.3975406848739493
u24440577,b24793954,3.75900040821501
u98436986,b76329691,3.832732043297101
u36640806,b34740941,3.5121646408045972
u24605443,b17187529,3.8588667167891266
u36509933,b29013369,3.519253397435897
u39315672,b61139235,3.713275970250169
u06097164,b62223240,4.380408071183533
u89675329,b95021405,3.5959567649936686
u05066637,b47854311,3.2676588219732334
u07647283,b66823721,3.7458170596590903
u64322464,b39081955,3.853462698877988
u12431882,b21674268,4.168041608985252
u11941607,b11516322,3.889668874737243
u73193984,b25779761,3.8774627380952382
u82557599,b43610120,3.558267354974247
u37096974,b82148195,4.118681617972239
u54422856,b14888446,3.486994110275689
u69827194,b81250182,3.297285173992674
u69463066,b89572033,3.7015876932789427
u87744255,b05271936,3.591846436450957
u07040293,b08349503,3.745010237967401
u32674867,b09777918,3.463493777472528
u29365221,b00524153,3.9104741374269008
u55684307,b14425206,3.4641442857142857
u18331679,b07378867,3.9937404901133347
u54388597,b39738718,3.5981679545454544
u89782516,b40598851,3.7581619279382235
u50501650,b28404273,3.2059685635964907
u65287109,b27096444,3.1612050583035223
u97430237,b86785429,3.874366273674218
u94861664,b25725931,3.5847772408963583
u66079860,b22475341,3.9041317250233423
u81733782,b00629748,3.480828908655491
u20874046,b56466462,3.762154509691271
u34767637,b39088089,3.8268128888248847
u55660385,b58169611,3.500609107142857
u20472155,b62670070,3.823472688301282
u67757877,b15595003,3.9612488262227967
u79706959,b71294015,3.806967833333333
u96905697,b74477062,3.6158054796290666
u33869045,b48279541,3.1537774679487174
u84978470,b82682340,3.762311138059701
u13418915,b97197433,3.644465836466165
u80074101,b22242111,3.630288313847278
u01331349,b56718292,3.4915985087719292
u51145518,b93244128,3.857770962752525
u80894064,b87263910,3.9804387905369483
u28488526,b04222499,3.891794648156475
u98404128,b98196499,3.690137774943311
u38026191,b26924525,3.8093587130177515
u54397811,b39941601,4.024991123225122
u60501570,b83439687,3.8634679393732965
u27891897,b13055413,3.5332101786299575
u93861156,b57429125,3.874802
u50613001,b32432906,3.2956683333333334
u00078388,b45451059,3.9762144374999995
u78969163,b82148195,3.9369209910129923
u87613722,b50070819,3.4464676675910297
u45470770,b95785803,3.680658449699699
u80467110,b26302840,3.2210081432748536
u45583685,b19953221,3.225847346491228
u90784225,b42311828,3.5910210576923074
u37761260,b90358141,3.61982619047619
u73638441,b29998162,3.4331033899535424
u70088434,b49991872,3.7330745576923077
u02224482,b78275112,4.23936356011316
u51519740,b63610747,3.6993321052631574
u38678248,b06167371,3.5599521725528365
u68064573,b83278802,3.798157784992785
u04847210,b20500336,3.6089535862068964
u42668594,b19867465,4.062679633996865
u24064688,b86480331,3.9515255605656896
u05378267,b73939527,3.761913719215567
u71501754,b36754274,3.6986938997821346
u92330850,b78359727,3.1139485984848485
u27006621,b14338293,3.8887578233176407
u44922759,b41797398,3.5411736886333482
u06486371,b98750028,3.888585758738278
u12932249,b37363405,3.63125271334246
u48671176,b06167371,3.7879138957795284
u65344269,b99354529,3.4463510317460315
u30361198,b26540924,3.912273913043478
u39594275,b99519260,3.5567537716450217
u87413422,b36185570,3.6332623791306435
u17574730,b60500282,3.5334145494273654
u23129686,b44849506,3.9738140927249788
u26400358,b49323159,3.5307418647912883
u08632221,b86788370,3.9054104472140763
u92249823,b36508972,3.8144626845270637
u02275289,b70139295,3.728645503590325
u93756125,b38122928,3.9238632255035846
u35701429,b93055140,3.279785642347848
u41431045,b05231805,3.8801077150281786
u93780199,b79121934,3.8850211869747895
u06501193,b38181410,3.630734890350877
u57684620,b92598217,3.501145930944056
u47279059,b17244552,3.5567512499999996
u51955424,b87109554,4.240260643459916
u32118175,b43196456,3.7378773449900797
u27765737,b14836170,3.8512402670527663
u13002793,b83439687,3.7326767167702206
u87649919,b68255642,3.7251837878787875
u14629681,b12204510,3.475980952380952
u34838073,b45502382,3.73083703564257
u77925018,b51735088,3.7947605746209097
u31929076,b03747524,3.382904838709677
u09784750,b29505914,4.046281348815913
u84473749,b76264408,3.3285926666666663
u70782918,b38423888,3.8875321010934023
u20496815,b83072744,3.9415832773386033
u56021785,b19483433,3.623501111111111
u72972329,b44663416,3.464721729229229
u77950898,b90171057,3.7422972008547006
u34161606,b27545570,3.6133087987479477
u01891962,b57648353,3.542046146496311
u84936304,b77136574,3.5512705402387157
u54923582,b43294155,3.919858968253968
u75922200,b80506673,3.728918058532025
u44646800,b14304119,3.88553323056102
u21987434,b19867465,4.030725026720993
u14211629,b80070869,3.871015782331358
u51598979,b40598851,3.8375478928505045
u10276461,b44745371,3.8430671995108314
u03095224,b03579093,3.6571137452934663
u22811283,b12920844,3.929964521713227
u57209684,b26847239,4.029225227272727
u73165300,b36927496,3.739011414141414
u76988304,b74821603,3.693927275774295
u45432198,b67867561,3.274174134615385
u18466008,b23100799,3.524551148897059
u53769146,b07327816,3.8915482012195115
u74830824,b87917145,3.5088295070083366
u01091621,b09488500,3.643068983516483
u89894968,b66908318,3.990107186962504
u16270856,b79975924,3.9555237219002457
u61486981,b74511960,3.532851398440829
u75882917,b21557753,4.154268042668957
u15802403,b89176062,3.60019919306184
u69934107,b18610759,4.355557992679488
u07807746,b66664015,3.836594012399382
u14249489,b37351373,3.9618063690985745
u41188147,b66067490,3.5489510197368417
u90131156,b62670070,3.35307602809874
u29039456,b73029799,4.07721999757161
u81693197,b30494145,3.531826535592498
u28345292,b12315103,3.1424890221088435
u35536417,b00278122,3.7463710391465055
u64083365,b12986341,3.6623349999999997
u28244647,b96067067,4.18440521743295
u09674579,b00553199,3.6329983893697553
u13036738,b77675822,3.5871607413419913
u84084467,b03579093,3.605328031007752
u69016228,b04222499,3.9760395312499996
u70240953,b11693904,3.5381091071428568
u08593205,b59124914,4.2072328361344535
u77500625,b98552213,3.4203096840371368
u85065532,b56105038,3.621352888112126
u03676573,b29376205,3.49936253591954
u43634493,b52842739,3.832635236270754
u76103597,b49847096,3.3048053869047616
u22410550,b26385014,3.719115401447662
u51796076,b55972197,3.4826097058823526
u94517827,b52929604,3.3958813351254484
u48045008,b98954571,3.594399939371533
u64419450,b69598867,3.7588720784313723
u99057373,b47074257,3.4392186904761908
u67128972,b20071798,3.614100778867102
u17361499,b82785620,3.917574968571358
u22773783,b29998162,3.3568922098214284
u62880121,b15439387,4.268053683347006
u53863319,b67351913,3.8935841703869043
u46157622,b48504389,3.598430396825397
u41535346,b14013622,3.7284185576923075
u20778779,b21674268,3.7988160463844407
u62768982,b42065988,4.201897287653641
u77663878,b42749067,3.978094500314268
u38076968,b31988440,3.5898889266726774
u58289231,b67584295,3.805224465254067
u07159249,b74821603,3.79760074112426
u34108287,b05487017,4.07935278409091
u99200402,b87612334,4.152233534798535
u17285630,b78008834,4.176739626168224
u65301301,b56123208,3.5545131249999997
u32369912,b39837030,4.031965217503796
u51669926,b60484296,3.7174270101056752
u87751667,b74856026,3.6904737499999998
u37588681,b56954460,3.2329052227342547
u41208422,b38122928,3.947415818894389
u51519740,b62474102,3.735620682649627
u22497171,b03659745,3.695026594129555
u84985185,b06138796,3.565654454816017
u78164149,b11516322,4.112440965167089
u20690061,b17187529,3.7802046787342216
u57143075,b51191220,3.687014378478664
u09829223,b31671086,3.349236010610766
u37832592,b11179371,3.7624248989218327
u85697519,b73407192,3.7034628919631096
u85100519,b25958104,3.733157788461539
u05006251,b84770627,4.066467355586731
u94277747,b03280239,3.614870654761905
u15819872,b95297480,3.7207832556935814
u58166327,b45445418,3.854886937134502
u28034137,b74034094,3.7447541778074864
u61584202,b82793590,3.879297592838196
u77919176,b03946791,4.140050587070973
u67681449,b68325129,3.7815082449903032
u23386360,b60434059,2.928911333671399
u22253352,b84154184,3.538058125232255
u76694297,b60613242,3.6758804067321176
u79713024,b51735088,3.6757129555732906
u71992232,b62396194,3.7833094605983986
u82378694,b32521851,3.633358236434108
u00343094,b00589069,3.3866205312499997
u55141425,b15103442,3.8278156117021274
u23810552,b09589765,3.583335314885496
u59376996,b91712126,3.5855477202409882
u58571881,b34463991,3.737980316823979
u96945070,b41094724,3.4078483568796063
u82397227,b44267669,3.541888351107465
u14925973,b67550881,3.568988563626692
u41795928,b67584295,3.9619816602142794
u55399945,b19830299,3.7628744409753194
u44099236,b96313069,3.920929033613445
u93990187,b70912031,3.2825186340852133
u66439774,b78008834,3.718876322739197
u72392993,b10186238,3.3678072766686826
u52374106,b05819688,3.8106152355682332
u07494141,b32288653,3.617161064313411
u50137247,b74094475,3.721619148115387
u28095384,b16776118,3.4404940413324416
u31695007,b29576446,3.924976339592809
u78841304,b27879411,3.674293541666666
u06129965,b61681377,3.253119534559643
u02998969,b22634453,3.7234197727272726
u89247106,b76040943,4.12187112170238
u64476633,b75817040,3.7865043898809523
u87772091,b98115511,3.6329779286211092
u33976608,b00316560,3.7547313541666663
u09843908,b53009611,3.915508993055555
u28327239,b33550237,3.8851385953177253
u25439308,b56779366,3.7472759467220724
u85220203,b08545824,3.7667997939029423
u40003094,b62282738,3.6884172793917074
u06822776,b48860547,3.4672117940272287
u39657659,b96064020,3.8689408515910273
u45534886,b46966835,3.8215713103756705
u17638914,b03719497,3.4986265972222217
u88587569,b91712126,2.9817933926523947
u35701429,b57622060,3.0595676244588743
u21996577,b68095955,3.7657437646713614
u41535627,b93418350,3.671559488514957
u39633425,b34734220,3.8781272321428566
u62748577,b28651364,3.826657945344129
u13138726,b61372131,3.589446567283739
u38369250,b33391853,4.127244378034756
u36534165,b44966320,3.658656060328716
u43919936,b49740475,3.810379761206583
u69973926,b75920771,3.859922169182556
u74827566,b98335764,4.126126627527723
u23284185,b17718695,3.8529787499999997
u88003893,b78180005,3.3770831869536346
u77195309,b00524153,4.132576388888889
u09253072,b08135061,3.3959610389610386
u35570173,b05231805,3.935678617991984
u03677987,b76982320,3.4608312234730847
u45074467,b71827801,3.8353166847826086
u03926025,b20500557,3.7201413509611396
u40201565,b84521557,3.8538761805555555
u63828406,b23760358,3.876814790569287
u11824981,b45521689,3.7603976041666662
u95235533,b12151882,4.066511063251656
u05789655,b74821603,3.819113871559043
u48837460,b89817655,4.2753682317682316
u54276158,b23457095,3.8077074786324783
u13335616,b65873951,3.60987005952381
u43951342,b04792699,3.8876605129401516
u83867526,b20812505,3.527409231150793
u71506103,b57181185,3.9230371474953616
u44890483,b98034668,3.59470886885436
u59520894,b13716034,3.6331259674197547
u11518822,b54597883,3.7239463448422843
u27515770,b77333717,3.7577783361018824
u96114273,b17717628,3.561941410098522
u47619099,b92338731,3.6559777899159664
u55724076,b06138796,3.643811520737327
u22498038,b13055413,3.7356553638151424
u75024489,b97815152,3.719409652555365
u59418120,b07453967,3.753225964749536
u96882770,b17585340,3.556647443472416
u84282136,b26953382,3.87536850678733
u18307099,b09589765,3.527247874409305
u56454564,b39664275,3.569122175971673
u49676277,b91361163,3.816516277135058
u06059844,b31687952,4.016778488943624
u04779285,b91758795,3.625284322562358
u35377400,b79815294,3.5142111980675255
u26918913,b57283428,3.346001310151615
u36067539,b68255642,3.460477052845528
u43677577,b73813199,3.8659561535074416
u26757198,b42687771,3.7009165948963316
u11796591,b83158521,3.8658896934932163
u66534902,b74034107,4.045001388888888
u40810966,b42227543,4.062468905405405
u83620922,b02061122,3.38926780657748
u49785701,b70912031,4.047836317616959
u14104219,b78180005,3.605098454594938
u06771513,b70014102,4.010343815513627
u41055007,b51030315,3.762568243589743
u42133310,b70680443,3.802523244680851
u89163643,b67967555,3.6370920289855073
u17395352,b40967427,3.2648162960487226
u56762467,b19867465,3.7057250267209936
u67068883,b83348593,4.095668333333334
u68235246,b73029799,3.4004019736347617
u80285471,b20571829,3.709905245535714
u26688326,b13483523,3.6033203898358583
u04884135,b85741718,3.3570488478981337
u41783705,b19733783,3.5065214120370367
u08799710,b93615477,3.7795063234663235
u96163672,b91136715,3.6479608529411762
u19940845,b85462814,3.5092398243715346
u68585154,b14113125,2.9367873290598285
u89732246,b68009767,3.5922359274193543
u74182060,b79662329,3.707626875
u16918203,b86788370,4.089095411148635
u73886495,b04670119,3.690896468186185
u88453886,b25847150,3.67859752875629
u06028509,b09365531,3.741677229326513
u93756125,b41341679,3.791915008426238
u08046158,b26807998,3.9175211869747897
u30521914,b53683755,3.2724788257575756
u15563742,b52249964,3.5997383892822796
u25848530,b39801005,3.881244942067736
u79315449,b29422431,3.6973164285714284
u12615931,b26385014,3.271576978535145
u77486027,b53876123,3.97684033084976
u12617215,b65697604,3.751520962752525
u27229602,b61005749,3.93808626423494
u62015662,b63774401,3.2987795833333333
u27135408,b62396194,3.605333041184479
u93457271,b34755064,3.8140659974358977
u79437427,b73029799,4.1504635760029815
u79896374,b22146898,3.54456544363783
u57177424,b52741866,3.7797721636696635
u10324477,b62008180,3.626207565875081
u74853087,b03047230,3.6698295312499996
u20448732,b16656208,3.3223262351190472
u86603284,b79601676,2.366864549180328
u23344204,b96858256,3.5896717233728976
u54086461,b54878424,3.403204296875
u24009778,b69989437,3.9454013368462135
u83190357,b82757636,3.775581639908257
u34472410,b34664488,2.624784782608695
u47917159,b82148195,4.047596578833117
u07577351,b29738200,3.901644475877193
u15903284,b55716906,3.0142623669467783
u49972117,b82237545,3.569409255539756
u75289760,b20280920,3.545676762246117
u80536413,b48931794,3.2455523065476184
u63267387,b65933939,2.90479503125
u62476721,b39837030,4.020131229922749
u69763761,b21498435,2.63782931547619
u97027031,b73760619,3.763778321678321
u37933176,b79928088,4.191899177727945
u80873246,b67956548,3.7124671428234026
u65878317,b71754810,3.6483079166666665
u30956486,b97887852,3.970722608510504
u64385666,b01544730,3.5161838640307064
u82698673,b36312601,3.262936714285715
u37879146,b23369233,3.924350639475508
u31280467,b09317112,3.8296463103310727
u88478795,b70912031,3.9357459275025795
u18645666,b18562445,3.3814660728485513
u88882752,b20816244,3.7537378938356163
u48690385,b74719888,3.774619181856156
u30625099,b45384126,3.543779593755612
u12063022,b46139637,4.07623372859025
u80407948,b06167371,3.458070496277996
u31973009,b19867465,3.7677280102468065
u92838915,b19139371,4.124894541785375
u74911236,b37291845,4.137558357142858
u11355430,b66132701,3.764126902173913
u51380066,b36754274,3.2793621939416795
u81363858,b34466452,3.886515972222222
u50341443,b20219571,3.9881729147465435
u55509158,b49318122,3.49675125
u71492773,b56879260,3.912200550595238
u66024874,b74167560,3.623915734649122
u40391491,b36497655,3.371436576704545
u74326914,b33638957,3.229114782135076
u70158926,b03671144,3.9884733300974644
u25811673,b12151882,4.149844396584989
u04727732,b86886881,3.961252083333333
u98735021,b28801125,3.5608353941464883
u99294028,b62325202,3.8735932351582347
u50871888,b95009595,3.4149009033613447
u55940068,b38877642,3.4983079166666666
u68850164,b52842739,3.6514326573906644
u42165349,b27692721,3.3739940178571426
u98761694,b45742693,3.5706898785425096
u51190329,b83075214,2.9358973660714285
u68987878,b38532418,4.111641298403977
u06458933,b06552909,3.4203674456521735
u69259048,b78183028,3.5401590910218257
u86324996,b95511741,3.9496577117879546
u72585997,b08004121,3.5801733444741535
u58121291,b27702770,4.118686832275542
u29911703,b23760358,3.835493773087233
u67123259,b26385014,3.647207230635985
u32626924,b21557753,3.259379629970545
u75358553,b95574371,3.299428702702702
u33789253,b22254498,3.573516885964912
u73603670,b25485861,3.4822207812499997
u84618160,b09979253,3.719307830206239
u91972888,b49027451,3.4000212380952375
u05649280,b12742886,3.609232980206927
u46983279,b58177693,3.757779365079365
u31339682,b17679700,3.4619898550724635
u94910339,b39664275,4.100372175971673
u40997527,b23369233,3.732003087318087
u54721024,b43693598,3.6562291233766233
u49367574,b65216323,4.048768217411965
u16355587,b00278122,3.7815282786874826
u60015993,b79202839,3.6557195102415965
u97962526,b82148195,3.9705072841164406
u35428739,b52485134,3.68225550852141
u30367227,b58947933,3.626861696969697
u29181318,b57704283,3.6613970729999186
u93722397,b26138336,3.7394645053146633
u60794933,b69647795,4.028539711252289
u71551198,b58973293,3.7857553244466797
u47907635,b14024522,3.6549331994047614
u45862464,b16263579,3.806198620667539
u68414734,b19822827,4.074870517676768
u64481396,b77932141,3.6123650735294115
u88148624,b11234289,3.746827323232323
u72400826,b39088089,3.573814203042328
u99665613,b80871817,3.60796617872807
u85338154,b75817040,3.757778258928571
u01800405,b00589069,3.405981555555555
u17626251,b80294058,3.752036557341061
u97798015,b64858692,3.8948911580267556
u31255402,b86788370,4.178266129032258
u43551925,b37351373,3.861203420824671
u98458822,b86578209,3.5507703492647056
u07983137,b07925447,3.6356605292035518
u60443932,b70254199,3.9686976011993997
u60646191,b67584295,4.409340456437816
u92633571,b79230811,3.4312248623623622
u68383704,b80719023,3.8516063138440857
u02249196,b09365635,3.2535928787878783
u08977199,b51573020,3.8802913043478258
u78472318,b79994865,3.6609278846153845
u03405561,b86859307,3.7037245833333325
u46260999,b68095123,3.982714481897628
u84733572,b74511960,3.5419728270699355
u94400766,b20219571,3.4290016666666667
u96488856,b77490156,2.694501164529914
u28345292,b43916544,3.5055899212316506
u07085700,b58177693,3.7427883228511534
u92183965,b83705852,3.6548923496240606
u76617613,b38399229,3.6774802793481873
u71605139,b82051466,3.7903909759467376
u87300587,b09049778,3.9892434402340182
u17497406,b17604493,3.788041283637313
u04842819,b27787131,4.198080869408368
u29469733,b39915063,3.2811499660326087
u93250683,b12745824,3.6356520929365894
u69697879,b21861372,3.9261054420045043
u60031317,b36030424,3.4425140131578944
u28857851,b81900502,3.44797375
u68046015,b88949884,3.8034151368760063
u52670788,b27545570,3.800889468390804
u21561908,b52484884,3.961974027777777
u05848987,b10264575,3.95985835839599
u68013875,b03047230,3.63423625
u73747333,b50606069,3.7210281994047616
u24883700,b19363346,3.662243716535433
u57878897,b64124445,3.850966462509104
u40698612,b29751550,4.054001666666666
u98314368,b04669122,3.5112326713478184
u30338116,b46966835,3.799853483306906
u86182834,b13890679,3.9866912106537526
u20323018,b30241917,3.6617723958333332
u40217898,b00524153,3.876402103174603
u33196947,b68936917,2.573727102005975
u84672675,b69598867,3.3587637867647056
u22725048,b67957413,3.5813720741758246
u11587218,b15936866,3.728508581932773
u14161365,b40598851,3.734351857245936
u48880806,b95822040,3.6022288206152515
u25115908,b62396194,3.874563810415248
u47887264,b31867052,3.8591421070906433
u36125621,b11721138,3.585444333413693
u88853909,b82713614,3.6020111538461537
u43170807,b39837030,3.9620934226320013
u63479946,b50384790,3.642575281684638
u05509310,b54645733,3.7230163368983957
u18442619,b42839996,3.754769521720969
u91359618,b06949973,3.3763535108958838
u68235246,b54866470,3.199537590909091
u90078781,b55720130,3.642220311143764
u11905316,b09049778,3.9484189224148416
u34612616,b18378777,3.3391653564102564
u61652789,b67873731,3.4602598095983303
u30012825,b41451971,3.809565093221066
u30778285,b29738200,3.599384164538308
u44515910,b17585340,3.651156547397769
u38405252,b34636892,3.5730387814363493
u15917093,b52929604,4.27287436827957
u85541628,b10990213,3.4442244444444445
u70931592,b52580354,3.7750930703978725
u60268852,b09049778,4.179686330365974
u86590253,b41399471,3.424166256184292
u01800405,b22678961,3.1488368030404645
u74211513,b00722811,3.244879306076519
u20826589,b86785429,3.820151063514581
u39840907,b03671144,3.5424010883392225
u62136765,b39047271,3.586029885057471
u31174338,b91543338,3.5906294963369962
u19714397,b46064947,3.6372719358298875
u35379244,b86788370,3.102842379032258
u29123381,b37363405,3.3517655338552808
u78537910,b08004121,2.6584867824250913
u17227671,b80274823,3.747567075501253
u35361860,b34740941,3.521633755387931
u48835536,b31362596,2.841185625
u79791816,b27702770,4.3023515356469675
u88463198,b34636892,3.821287142857143
u91684785,b04222499,3.902781920338729
u98529126,b52467549,3.9501928054920277
u72972329,b71554926,3.4752351666666668
u19429084,b61139235,3.44060984388583
u60741404,b66664015,3.5597010622807206
u90332487,b41566519,3.6743299863163656
u37018022,b83158521,3.914360049442614
u82800446,b06655641,3.866818928571428
u13341334,b06949973,3.6190200981974705
u44257063,b89833966,2.971513141025641
u63596327,b41331137,4.046896709230541
u55363066,b29505914,4.319496629823664
u47956166,b22522904,3.513807637251861
u71910372,b62396194,3.592833270122208
u46607516,b15730430,3.489445833333333
u35952451,b36398776,3.6766227065826325
u34392954,b95002695,3.581433320824707
u23386360,b20500336,2.783725264705882
u23474613,b91758795,3.858722702991453
u40279019,b48912209,3.537828260869565
u81886187,b98824412,3.4676729744816583
u86144558,b95800909,3.9723034583481454
u88646949,b62396194,3.381406844006859
u42766092,b36185570,3.631598136693621
u48585339,b40089638,3.662785241596638
u40921754,b14425206,3.4511966558441554
u40563790,b96064020,3.6980684484984776
u16586282,b77201589,3.8186114246910465
u19353171,b27710508,3.898740370511841
u66538823,b03719497,3.6102147711853556
u39777584,b39378253,3.31541875
u39633425,b67030393,3.992431267507002
u99305018,b80596244,4.050891026785714
u16526414,b93997659,3.924143825504828
u77861356,b51779974,3.4864815196078434
u74797687,b14304119,3.681567068341919
u47853402,b24406185,3.7215998660714282
u88438093,b67550881,3.7894867228604543
u06578776,b93043249,4.032341041666666
u67870252,b35020640,3.658780525599681
u80795655,b77183666,3.7344628999999996
u69952701,b52339175,3.636597089716573
u55433015,b31821160,3.7694009160405892
u93354113,b62853608,3.7594188316675754
u04609407,b67584295,3.918378183202785
u38226137,b99532297,3.7562117142857137
u24931252,b88562055,4.005105630683813
u19125035,b93745301,4.237947623361547
u90887225,b26924525,3.556679786062354
u68478630,b74099292,3.665071180555555
u91485065,b12151882,4.15544510987055
u91072740,b18378777,3.8294702041666664
u46433019,b36766414,3.9354915531286165
u39932161,b24915312,3.902513515508411
u97291734,b39664275,4.136855026350461
u66610254,b62223240,4.273033316017315
u83781730,b03513249,3.47909578125
u49766428,b23986868,3.3435346374946375
u17673972,b31144937,3.548400903361344
u78914949,b93997659,3.8398577061754393
u55812030,b32553243,3.7069785970744675
u54460128,b86788370,4.2106436327519425
u10561066,b11516322,3.754242836938976
u93090057,b94465304,3.5576698558059583
u20834431,b80625075,3.7541861291711456
u59776929,b25479999,3.2133635
u11261283,b85587271,3.519017817234848
u93515874,b27179218,3.8977622252410775
u64196499,b97059720,3.566225874125874
u56690747,b81969648,3.7885744946946165
u03047800,b52039642,3.2690440830016216
u35131675,b62853608,3.538456314572757
u16780468,b05231805,3.7134410483615126
u48378023,b70664431,3.772088370032758
u85084155,b91504453,3.6834390624999997
u95461838,b79098002,3.4740772553404184
u75030655,b27563355,3.6607666694662186
u71492773,b00654647,3.6867553641456583
u74517949,b17581033,3.60595133410321
u35332623,b70912031,3.977002984283626
u51361630,b66664015,3.6589912947805274
u22596457,b59845564,3.685905041208791
u28577755,b20144597,3.4757637242746284
u34615241,b26940296,3.64786437666135
u37905016,b81697368,4.005299802555168
u24892312,b05994307,3.349839489233193
u08179199,b07811476,4.213357824175825
u72118351,b79928088,3.9292129422169815
u74452117,b32690567,3.299293541666666
u74324910,b46888254,3.9230112191599678
u90217436,b76040943,4.119114706284153
u76289922,b52929604,4.104034163306451
u90009640,b07816794,3.4737309375
u21143790,b50443121,4.018138069243521
u80872247,b37025807,3.821977224137931
u98385002,b26540924,3.8468906932021465
u36140912,b98115511,3.717941165123457
u77858669,b81310554,3.8672194946027187
u49906594,b50386610,3.601707198228128
u77321296,b86610475,3.3438961090225563
u77889124,b26385014,3.8837032541176315
u10867448,b36143453,3.4899319444444443
u69258104,b04529407,3.5281559523809527
u63118005,b16955253,3.8571346075336694
u84050864,b66416013,3.5872230158730156
u22830013,b90891500,3.986158866959064
u77595449,b00722811,3.1406194808077017
u52250421,b75852622,3.736229409340659
u35374520,b62223240,4.169681367174099
u45085322,b41094724,3.818513315707011
u00769173,b17064684,3.28825294448476
u47660947,b71659871,3.4884743636363633
u69850527,b91561409,3.4774369620582117
u72505203,b63305003,3.3707458394607848
u06263173,b85459545,3.666684365079365
u75966310,b40967427,3.4842062499999997
u06418954,b72504593,3.8525522470238096
u77958773,b30188578,3.635999262953882
u06613819,b29576446,3.9596648871322255
u35542152,b39088089,3.8323908777605245
u97896188,b96858256,3.8399563919773883
u00776626,b99620979,3.453235572670808
u00830784,b32589890,3.650978514957265
u31052087,b23100799,3.8077491176470586
u20821854,b79838712,3.7435024999999995
u03762488,b70912031,4.104162078834908
u28345292,b05376454,3.496511296883618
u32350097,b80506673,3.6495494123803827
u83668223,b11395801,3.9199299269005845
u56474810,b05231805,3.8385000267094016
u49496704,b31362596,4.046263264735773
u99678054,b89024434,3.8868355403152974
u59859036,b39903678,3.458798849250651
u02334528,b50400108,3.6347349836601306
u31501341,b34681163,3.9932018472696242
u89110851,b26315023,4.031307705570292
u03095224,b07378867,3.9252816917030073
u51971722,b55111127,3.46619910191883
u13263607,b56738263,3.6430343749999996
u60133250,b66379670,2.8952557936507937
u52816282,b29802159,3.897697927631579
u68329086,b73029799,3.954312713783094
u75386611,b17041737,3.4332112945632796
u15194685,b62670070,3.64701140625
u43828599,b99620979,3.3928811999999997
u39941347,b75979651,3.697904345494295
u78951421,b09999423,3.9355015476190474
u43023449,b71255744,3.617541557239057
u28647393,b06429920,3.7598662590579703
u33763082,b11179371,3.376096453304949
u48633704,b08004121,3.4954398626842043
u65526477,b62150571,3.9237144375
u41668604,b66678855,4.116865771216695
u45796950,b63310868,3.566400744047619
u48255465,b69294942,4.016151293238994
u14621795,b46883929,3.7867157142857146
u66907852,b96064020,3.5955070180171944
u72988478,b15192631,3.3650723183760682
u81033429,b68622451,3.883086907543391
u37010365,b60573788,3.158098389724311
u12377521,b93186213,4.14987871031746
u24211784,b23461395,3.610762138490165
u33545866,b24793954,3.4742781859927883
u49134892,b31515038,3.0745376785714287
u17326443,b84607962,3.787076056547619
u69465096,b77544650,3.6921839160839163
u53021409,b79462608,3.844505178062678
u15801160,b66664015,3.5543896906926467
u40567604,b35866819,2.959428702702702
u62175012,b05231805,4.137111608107443
u36195277,b44966320,3.6859886765315792
u74823655,b32246240,3.75298475
u55681028,b95346643,3.5535272893016856
u15408558,b19822827,3.9403104482323235
u68519573,b26138336,3.7256573468844305
u90971268,b84319928,3.8296472259358287
u88807245,b73813199,3.655121155595996
u33364550,b42283267,3.7132283112244897
u05187443,b78124101,3.9190892836257305
u38868815,b29802159,3.969575635964912
u41844291,b66416782,3.612561602870813
u04475588,b12081050,3.5833400287521564
u98510845,b33432705,3.432954074960127
u94462479,b14548141,3.6321842225342227
u25394718,b29802159,3.8315341776315788
u05848987,b53423202,3.8920920064639306
u21723061,b32288653,3.696470480147785
u15617488,b37548208,3.742952858974359
u17499045,b97444387,3.6504160785953177
u34113564,b26138336,3.478611497265514
u93289911,b51744141,3.733984112174375
u07537499,b19363346,3.56651057367829
u08092053,b19909879,3.464876622405372
u29854347,b05154189,3.9259697720839073
u23172369,b86499822,3.4132775526315786
u96404543,b04222499,3.8009271871253
u56976216,b26940296,3.64786437666135
u35712214,b00767569,4.0576132072829125
u48555518,b58444139,3.4617515476190475
u95225784,b23760358,3.7619874153629236
u63417563,b98844131,3.6552136693548385
u21941794,b17585340,3.6599473780498504
u52832293,b17581033,3.6240461385562925
u21447102,b45502382,3.792568942693852
u58329192,b87351489,3.478007584988541
u51648457,b22158573,3.9302721895424835
u94542189,b29193193,3.8651584502923972
u71499181,b79928088,4.035681210415072
u65452631,b39081955,3.83637449120603
u19958493,b74821603,3.7369945475062725
u21292307,b80479144,3.345471445760122
u84282136,b99948252,3.8994450452488683
u22492923,b18469261,3.9963989290148088
u86246372,b37365730,3.6559299999999997
u05192786,b26354292,3.5606750031565655
u36549912,b17952463,3.7307316624342044
u91193719,b41715593,3.3468334325396825
u69473332,b59304782,3.608557911706349
u66319345,b05568987,4.176614958924247
u16284949,b19733783,3.7371410041731865
u03624496,b95128552,3.6417312290167865
u19918832,b23457095,3.8585973536594125
u17501922,b08349503,3.5489553873697917
u99389904,b34463991,3.6744984773322305
u95966688,b18265073,3.534704519230769
u64849153,b48033604,3.489374333333333
u63976573,b15329598,3.7797905394232707
u47246665,b36755497,3.207595536130536
u69767558,b82221619,3.914778333333333
u18813593,b85255296,3.535059691708754
u51575373,b31365966,3.557419719927763
u82810482,b36508972,3.536966908797417
u86975035,b52648851,3.698788701011378
u45149354,b00782849,3.8413197727272728
u36289598,b07831192,3.6745423664772043
u27622459,b06167371,3.472300036023028
u85396590,b00810060,3.1996483736640444
u87291864,b88947899,3.6706526733396747
u20591298,b73980899,2.992069368872549
u90042564,b92631370,3.7763188359788358
u91061432,b76642772,3.7171319177812743
u83055834,b19168659,3.4370376785714285
u87390005,b09419504,3.8075627737732174
u70489404,b07857410,3.351826632963687
u66271159,b07453967,3.278521841372913
u78365866,b82558593,3.785981160356188
u09968488,b78180005,3.314478144936828
u97321596,b42977080,3.56202650889745
u92168005,b14311346,3.6222102083333336
u52487408,b65629315,3.8586938807358413
u24883700,b64609180,3.7487515474452553
u07943230,b13298774,3.703137522265485
u91015550,b29802159,3.9086170942982457
u18701258,b52736396,4.12958591801459
u19369815,b35202318,3.44002391851314
u14379793,b98823102,3.781320738095238
u30334594,b95574371,3.628010017517517
u32176609,b18378777,3.840886766666667
u63151912,b89407525,3.6454617338709676
u29332812,b61423505,3.6190188655462183
u69016228,b80625075,3.8158660937499995
u17638115,b43253694,3.6542903565471225
u11007451,b91561409,2.996410615038115
u03051891,b20589841,3.7209226798201795
u63401231,b40536702,3.5685024999999992
u06202584,b65928236,3.5269997494767136
u19080594,b38488125,3.337249911858974
u64140134,b12151882,3.8250890173867225
u15975637,b00524153,3.9659692123538006
u17089395,b12920844,3.9646321957059008
u21673276,b44393400,4.013943009013662
u76549666,b82148195,3.9217270254957506
u21235338,b07592356,3.743692129032258
u81517935,b33298668,3.8429093014515736
u89999370,b96714327,3.486001111111111
u39456243,b10567312,3.9345486135462826
u43080816,b21357510,3.5424901313994543
u93904884,b54161431,4.075762564223058
u10673722,b86130750,3.438895297619047
u28723442,b15226710,3.575191161278335
u89486686,b29802159,3.756825133513932
u95249887,b28293389,3.713
u30883078,b83048635,3.754711163793103
u51733361,b40127581,3.4327118984962404
u97457539,b29802159,3.866950427631579
u11347907,b50275880,3.5166876939203355
u09464419,b03946791,3.887814007818684
u31785301,b26540924,3.8468906932021465
u62989688,b13716034,3.388015959016393
u51524201,b70912031,4.059304348370928
u12729782,b10136233,3.9249339461580086
u61391650,b26385014,3.8551468272039866
u77872197,b59932507,3.741768835978836
u71275684,b59909176,3.498823095238095
u32388572,b97302773,4.006645892558923
u06418798,b32288653,3.8827040085497817
u72022337,b50627544,3.3244054961586755
u37485722,b40151793,3.8843688482289465
u68229825,b32231889,3.369640416666667
u25827016,b26043658,3.538265175438596
u99463105,b54597883,3.604707088989442
u25289869,b31362596,4.076381554878049
u64950799,b92598217,3.913546363636363
u81190113,b14338293,4.157189327310542
u44107849,b05154189,3.3587165423020986
u40531096,b18269786,3.4641522499999997
u80213985,b21546847,3.772405023709344
u51147825,b58541163,3.582388246287762
u54889881,b13716034,3.351403278344124
u61202597,b20200244,3.7205025032938073
u94002228,b87874068,3.6349346944444445
u51906182,b21546847,3.6688335951379147
u14423748,b33298668,3.8210114779594737
u57559734,b41877502,3.792897604166667
u97934519,b82426817,3.3680015476190475
u96952209,b75541992,3.175105992484527
u81295482,b00524153,4.003365277777778
u81232945,b21674268,4.01058657000459
u96642540,b05994307,3.568715175873102
u01381636,b06655641,3.7516773109243697
u40633454,b25811713,4.124750171299289
u65567300,b35185805,3.5022646491228064
u88187078,b71325140,3.71881110042735
u78208769,b29738200,3.2040395259519316
u55141425,b02216476,3.5544629605263154
u34755532,b74609159,3.20548391025641
u36837383,b45673649,3.3053091025641024
u52483210,b29738200,3.941644475877193
u80085057,b65320766,3.236211385135135
u18331679,b96783065,3.7294639019851115
u17792262,b43914262,3.828028857318613
u46956832,b64898087,3.396533856609553
u75310500,b89817655,3.961058327759197
u85964203,b04767223,3.0281236336756687
u32166934,b22242111,3.7705131182065217
u88546784,b93241768,3.768728881543684
u33881218,b08984498,3.3253648888888887
u73644994,b91758795,3.787088423327664
u88475939,b79994865,3.471332973548191
u53858076,b54851751,3.8591492108585856
u55290406,b37365052,3.5855925744416877
u18219771,b00525842,3.8177402742864626
u45293979,b89115141,3.963515029761904
u96175381,b69761665,3.8075288888888883
u87609929,b62292824,4.107056786811258
u89208855,b49708294,3.3979184693287037
u18647788,b36224199,3.997031486658467
u76905477,b14574218,3.520367098214286
u11249656,b72005521,3.7476793588399717
u23772909,b37096482,3.60662053125
u46534241,b49553867,3.803901999799015
u97823362,b39216951,3.5628689240388205
u27291677,b07278059,4.127626740587546
u21813613,b76473315,3.924273461600852
u91117180,b95816463,3.934198975149912
u46142387,b79253970,4.068571103049747
u13067307,b70055485,3.606169948725321
u54916289,b14304119,3.99178323056102
u28341796,b93455552,3.768442083333333
u00015114,b49740475,3.334832681856187
u14447991,b89024434,3.607501304984461
u97647047,b36265270,3.711302694780187
u61928768,b58973293,3.6416294799908284
u31027888,b87109554,3.9902606434599157
u83715524,b05376454,3.4772586762899262
u99222203,b38850631,3.3246392631218176
u27270201,b12894375,3.8078870707678973
u23857341,b03714508,3.451224432773109
u29210238,b41715593,3.5776311111111108
u73369160,b95439113,3.4323562153844587
u75063516,b32974421,3.8721368816067647
u09338506,b48867860,3.7372497863247864
u78366319,b39989034,3.607384519827998
u24212635,b30342653,3.869338495817246
u42965097,b48968957,3.546688652482269
u04589882,b07045204,3.610253052114614
u42572574,b66416013,3.480223571428571
u34090245,b06167371,3.681589226124265
u16583820,b63721105,3.9116301231443993
u28530884,b22242111,3.487044420289855
u22850151,b48933583,3.619842895020814
u83284926,b54791634,3.9750768916646644
u83178438,b36754274,3.701997225992961
u45990381,b31362596,3.826381554878049
u41060760,b55152063,3.681129643640351
u10271238,b78390986,3.7000490402858057
u95902740,b37068431,4.088099760501456
u92582713,b10080165,3.685312256783979
u65544125,b04797457,3.608421831585845
u06006944,b15268547,3.9573296897118952
u85294245,b02880533,3.8551421311989955
u64239888,b70664431,3.804344048972677
u90478329,b05334612,3.740513791554357
u91723121,b92589925,3.4030734523809523
u18905911,b98844131,3.5924066984821446
u60467883,b92723432,3.6328524999999994
u14896157,b21893915,3.8845181302521006
u20309120,b70912031,4.044433713450292
u77022004,b90354954,3.6314292072829133
u33027680,b97897718,3.6003827489837397
u04771661,b33519885,3.874764285714285
u92124360,b55847701,4.035156145751014
u06980858,b56105038,3.881465671472866
u68411875,b66379670,3.7653243376068377
u47594481,b36231626,3.3807253858080815
u04433694,b33298668,3.8319752664328837
u33518140,b20877763,3.7036333274231676
u65411322,b73813199,3.8123111555959968
u11734411,b79815294,3.8635701724265004
u63715088,b68456479,3.367088609550562
u21750571,b97040359,3.544310350467736
u70122119,b19310775,3.730562586805555
u43399416,b79815294,3.8472095149594305
u86349570,b45675681,3.8440943139730637
u00652401,b07831192,3.646070144254982
u98479365,b62647913,3.2900946548821546
u31378268,b06167371,3.4997371629446627
u56436149,b26138336,3.5930273759541986
u09365901,b26322866,4.020369807692307
u76990899,b31365966,3.6746466546304157
u02524811,b96067067,3.9982013333333333
u67480372,b21398815,3.6789525115740735
u26634789,b17064684,3.5659018867924526
u40132847,b29618673,3.6842911296583845
u01091621,b93997659,3.9810830661359917
u56739270,b64932806,3.7594072605721394
u14026962,b74821603,3.938378029412548
u68336766,b29505914,3.9289335663174034
u25260216,b63252057,3.7820494669117646
u39277869,b41341679,3.9291331510594665
u28212672,b83048635,3.704711163793103
u34768895,b10169084,3.639879015426497
u22363483,b78008834,3.901739626168224
u81321537,b75979651,3.6777187831389178
u43271501,b25785028,3.0473603846153843
u38469672,b21557753,3.5039550958090544
u00015114,b44849506,3.3599205395015908
u93959379,b51191220,3.858932740221088
u07313948,b61372131,3.7547406285302674
u64442900,b78275112,4.126733121031544
u93479410,b08545824,3.3278373040429043
u06461443,b65629315,3.634242826398852
u16868721,b80596289,3.1813034122570047
u45725043,b63610747,3.7105220588235293
u13497221,b64728084,3.6267750313283207
u05545906,b52485134,3.6798047876249265
u37588681,b81292094,3.158713223434535
u18567063,b96952681,3.8420260132575756
u95574324,b19830299,3.9745703474080685
u41957483,b79994865,3.8747360892177998
u44017774,b39203721,3.352915586484593
u19282635,b72172561,3.715259333333333
u87573336,b75920771,3.570227888260442
u34215184,b05978638,3.7351124589490965
u12703263,b33091876,3.3219013326012226
u17387736,b03671144,3.9608083575699915
u32333331,b19867465,3.907322491139722
u14081708,b71599980,4.043583285851472
u56684078,b45230344,3.909650375939849
u48872559,b11689530,3.8448277035361196
u77265307,b29998162,3.4331986785714284
u59765453,b81310554,3.3037741164514585
u18795173,b17756641,3.655544571428572
u51825927,b41402498,3.672488731053283
u54913471,b48018603,3.504431476449275
u16968302,b62474102,3.5922613177710843
u82082719,b52929604,4.033200829973119
u25200590,b90421686,3.8111256182795703
u50351638,b75219215,4.138931255622189
u63351603,b17585340,3.738552729830202
u94375853,b01544730,4.0858267211735635
u12750786,b60363174,3.537779740282078
u36285564,b80506673,3.415892848447992
u89472694,b65296149,3.1999252073811983
u46802819,b83644107,3.494673416666666
u17939372,b38214177,3.703830011601655
u17773379,b59879736,3.679714637445887
u29363662,b39613729,3.5889611555697822
u92865342,b61005749,3.7898588491427225
u14132164,b24751294,3.2278882236154653
u66362473,b50070819,3.5881131362889978
u22676333,b40128170,3.4925059857954546
u82158451,b91361163,3.7861521352055587
u32266880,b27882595,3.6246126741095157
u77796272,b56784042,3.708097619047619
u47812991,b93241768,3.6310530895080078
u31156311,b50443121,3.991713534885473
u54867274,b22504420,3.7590056944444443
u22085801,b81292094,3.7269162435055696
u25772268,b05154189,4.1765877242135305
u49786715,b52523183,3.7198518897306396
u18952539,b10567312,3.9518353083250592
u57301370,b03513249,3.499609583333333
u40697901,b28190473,3.6393435941656236
u39386588,b92398227,4.002913659373659
u39034379,b58177693,3.8515859966494457
u76433068,b20048021,3.5360152629486943
u01393598,b07709776,3.7543978819444446
u82998780,b38122928,3.9057491522277226
u81874347,b33110278,3.6349257298136646
u78272236,b18378777,3.6847052785714283
u96668941,b22678690,3.522465423076923
u93754782,b34345328,3.75504012541806
u97831861,b33229770,3.3531544548160173
u23202274,b36231626,2.947392052474748
u06191160,b08545824,4.009135300837777
u93423238,b38141876,3.478682523148148
u53107776,b10567312,3.783925161368895
u43109615,b05473357,3.952781615791616
u01522947,b46584434,3.6181610913052085
u10064779,b82194945,3.84696454787234
u69787169,b29576446,4.116069459797412
u07095338,b19733783,3.738711067388738
u38029826,b64336742,3.5751218741565447
u34053873,b83613787,3.5545560043972544
u31011890,b67550881,3.8807498803712885
u25260216,b21546847,3.7724416944736636
u19032773,b35765595,3.8975706140889246
u84824214,b89324149,3.710986302497375
u28345292,b53143437,3.523029038415636
u01273672,b35016765,3.262630340909091
u06885377,b10940603,3.6736992187499995
u63420097,b07327816,3.709605605065666
u19805029,b62396194,3.9126568440068583
u61018364,b70930132,3.7875612706090216
u55464233,b83048635,3.6861557500300375
u50692600,b99620979,3.5903025214285713
u84971128,b67364282,4.171773965919701
u66895509,b56105038,3.8963193376753233
u36188595,b92820276,3.6748662184343432
u58044908,b66664015,3.6949273457327148
u16304777,b43479570,3.8370242706445628
u16496123,b13298774,3.620763148272467
u51304026,b64538575,3.613115677083333
u82432694,b69867088,3.7713199115806857
u00542280,b56105038,3.9968617746916983
u76083242,b55084829,3.9410139880952375
u91509528,b74770858,3.879812012583542
u78025565,b19953221,3.216431096491228
u42896748,b36231626,3.6018856428833024
u66661895,b57283428,3.1569567005420054
u75865925,b29576446,3.7113732616079917
u98810613,b59818681,3.815074704724409
u07303042,b80631188,3.511056197964847
u88444745,b88978481,3.748607687125748
u07966630,b19483433,3.84316787037037
u99465305,b37657413,3.5182981439393934
u11930131,b86522412,4.14389199013949
u36671727,b34755064,3.6511012988304095
u60575308,b28465811,4.172306365546218
u67999292,b37068431,3.868741620063912
u42723793,b22678690,3.4133763768584355
u24949491,b70085271,3.1544810443722944
u90194131,b07239282,3.8788903314393934
u48060265,b19638250,3.7552187721631203
u77484237,b69594380,3.3869613531248906
u35331717,b84462089,4.0482851144109055
u55500627,b17187529,3.701425343418549
u16696399,b79791947,3.6115474242424237
u92167075,b08180481,3.6504083642610263
u83409680,b90085529,3.3875831980519475
u73947280,b39941601,4.078491491104868
u20507131,b16474359,3.9278307268170427
u18086641,b43253434,3.4363327801418437
u32395298,b37363405,3.7803517375366567
u39733358,b25958104,3.6316998397435896
u43022151,b67863293,3.409502222222222
u48810514,b35020640,3.4057241273494436
u74314155,b86376623,3.9734087267354288
u86589852,b86376623,3.982897698186826
u45306100,b98256804,3.6015377460814952
u38261562,b82853645,3.8178473583383745
u86964066,b34953904,3.9941489361784774
u37075094,b34969157,4.0488207458770615
u08613999,b63951782,3.7580646874999992
u99894611,b34105659,3.7282521440228478
u58468309,b82194945,3.5789033203948626
u72272944,b22879567,3.9349572361721683
u15839913,b97302773,4.130134790676309
u83248010,b78275112,4.315980664814014
u05193923,b90614996,3.5438973263888887
u70005387,b88947899,3.8243863527860844
u66031166,b09589765,3.5587506769886703
u11941607,b29451564,3.6374243442826923
u76357740,b34755064,3.9817229571428574
u50463587,b59881354,2.90960171817866
u69357820,b61863874,3.6944599305555554
u73186354,b82150877,3.9034923636363636
u49089502,b84003655,3.849715714285714
u11697431,b07831192,3.6321198836640205
u72118351,b51986055,3.594452960526316
u55441960,b84892512,3.690115842391304
u33640864,b41863473,3.498943750597229
u16811872,b45502382,3.477020038901566
u53341989,b93475213,3.6286934900542493
u73816851,b57002888,3.7917681167091972
u67022889,b78008834,3.9067364004903933
u30936601,b16720980,3.4288061057692305
u88364695,b70413228,3.5909837797619044
u67696161,b25857180,3.8954727724358973
u69397994,b88539922,3.8615080861467392
u26248984,b30307775,3.796418149185858
u86595574,b13222925,3.659577430300807
u44294985,b52222552,3.9651850529542916
u29736572,b90358141,3.3899750472813235
u18336226,b66908318,3.846853970588235
u42232135,b63464104,3.796070073959408
u98549525,b63791555,4.0459430138888886
u91841842,b29738200,3.870706192618598
u60476786,b19892880,3.2820763864042934
u43089905,b32727723,3.906935546447017
u40452117,b32974421,3.686161211443595
u07253817,b23760358,4.168920188472167
u99365125,b93497216,3.7081581699414716
u70203921,b57914028,3.0922178605769233
u46510960,b39903678,3.901977546855442
u90016956,b00745690,3.5386244223484846
u78945456,b12526023,3.8597703282857028
u17832892,b52842739,4.092122960283973
u51182118,b32735719,3.2389349611708482
u08824994,b38828439,4.262696448717948
u48780080,b57530011,3.705540380116959
u36565974,b47027276,3.985528296192645
u57691199,b85930360,3.860897907196969
u57311360,b83439687,3.99660427340691
u80934060,b35910784,3.5881664744522594
u04719998,b68622451,3.9690418062915502
u75551223,b28190473,3.5438193982749175
u91241544,b07892193,3.9839907414382587
u23280711,b04797457,3.7739576398311616
u76785509,b16365742,3.6550371908170547
u88841077,b51050771,3.5752994378306875
u85240413,b42903412,3.7799972377768802
u20971066,b00524913,3.888140833333333
u72363275,b70342723,3.8271452380952375
u47782483,b18378777,3.660148433333333
u07978766,b09777918,3.9810575
u98643603,b83048635,3.8222066820857865
u36067539,b63025840,3.567950561617458
u52785243,b56492521,3.3222712259371834
u71877263,b98844131,3.7511786283067057
u36565974,b68725737,3.509838083464154
u76258178,b05124623,3.945370438596491
u30056847,b63791555,3.8991680555555552
u12930196,b95816463,3.7282359406119863
u92218218,b89765180,3.559725816441441
u49774480,b00524913,4.108168333333333
u07085700,b78407229,3.2433290545098465
